keyword,pc,mobile,total,comp_label,competition,ad_depth
환율,4550600,14857400,19408000,중간,0.6,8
미국증시,77300,4448100,4525400,중간,0.6,3
달러환율,601600,3709100,4310700,높음,0.9,9
나스닥선물,536600,3513300,4049900,중간,0.6,7
코스닥,515700,1967000,2482700,높음,0.9,3
주식시세,44200,1439400,1483600,높음,0.9,9
증시,103600,1194200,1297800,높음,0.9,3
아파트,140300,1055700,1196000,중간,0.6,8
계산기,435400,709500,1144900,높음,0.9,9
청년미래적금,231100,882100,1113200,낮음,0.3,0
유럽증시,10500,972800,983300,중간,0.6,4
종합주가지수,44700,857800,902500,중간,0.6,8
부동산,142800,667400,810200,높음,0.9,10
테슬라주가,53700,647600,701300,높음,0.9,3
아시아증시,21200,587600,608800,높음,0.9,3
환율조회,112100,493700,605800,높음,0.9,9
엔비디아주가,47900,549100,597000,중간,0.6,7
증권,29100,547000,576100,높음,0.9,9
다우나스닥,7330,504500,511830,중간,0.6,3
코스닥지수,61500,426200,487700,높음,0.9,3
뉴욕증시,15000,460100,475100,중간,0.6,4
제습기,85900,373500,459400,중간,0.6,8
정형외과,29900,423000,452900,높음,0.9,10
S&P500,53500,370100,423600,중간,0.6,7
KT,184500,231500,416000,높음,0.9,10
이비인후과,29300,379900,409200,높음,0.9,10
나스닥다우지수,3930,383000,386930,높음,0.9,3
나스닥100,36700,344800,381500,중간,0.6,5
하나카드,273600,106800,380400,중간,0.6,4
대출계산기,105400,251300,356700,높음,0.9,10
내과,21600,323200,344800,높음,0.9,10
선풍기,65100,276500,341600,중간,0.6,8
KOSPI,288800,46700,335500,높음,0.9,10
안과,19400,301000,320400,높음,0.9,10
대출이자계산기,78500,237200,315700,높음,0.9,10
창문형에어컨,52000,252400,304400,중간,0.6,8
삼성전자주가전망,21900,268900,290800,높음,0.9,9
퇴직금계산기,84800,203000,287800,높음,0.9,7
중고차,69700,200800,270500,높음,0.9,10
이동식에어컨,49200,218200,267400,중간,0.6,8
미세먼지,17300,248700,266000,중간,0.6,3
해외증시,3210,252000,255210,중간,0.6,5
치과,17400,233000,250400,높음,0.9,10
국민연금,115300,134800,250100,낮음,0.3,2
BYD,57500,190700,248200,높음,0.9,10
소상공인정책자금,92000,148800,240800,높음,0.9,9
벽걸이에어컨,32600,201200,233800,중간,0.6,8
미국주식,10000,219400,229400,중간,0.6,7
여행자보험,42100,178300,220400,높음,0.9,10
알닷,56000,159600,215600,낮음,0.3,1
미증시,7550,206500,214050,중간,0.6,4
폴스타4,34600,174500,209100,높음,0.9,7
근로장려금,23700,181900,205600,낮음,0.3,0
KODEX200,47000,153000,200000,낮음,0.3,1
신생아특례대출,41000,159000,200000,높음,0.9,3
재산세,70000,128700,198700,높음,0.9,3
헤이딜러,82000,115100,197100,낮음,0.3,1
음식물처리기,35100,160000,195100,중간,0.6,8
오늘주식시장,4670,186700,191370,높음,0.9,9
GV70,30900,152900,183800,높음,0.9,10
시급계산기,46500,136800,183300,높음,0.9,3
다우선물,13400,168200,181600,중간,0.6,6
ETF,44400,136400,180800,높음,0.9,10
이자계산기,40000,140400,180400,높음,0.9,10
신일선풍기,23100,155000,178100,중간,0.6,8
등기부등본열람,114500,61400,175900,높음,0.9,3
아이폰,38100,134300,172400,높음,0.9,10
부가세신고기간,36200,132900,169100,높음,0.9,10
나스닥100선물,23700,144200,167900,높음,0.9,10
노트북,51200,110900,162100,높음,0.9,9
한의원,13300,148800,162100,높음,0.9,10
인텔주가,14600,145600,160200,중간,0.6,6
전기자전거,35100,123100,158200,중간,0.6,8
주택담보대출,41900,111700,153600,높음,0.9,9
자동차보험,34200,117800,152000,높음,0.9,10
최저임금,54500,93700,148200,중간,0.6,5
내일배움카드,50300,97000,147300,높음,0.9,10
미즈노,26400,119100,145500,높음,0.9,10
로봇청소기,22100,120000,142100,중간,0.6,8
모바일신분증,8440,127700,136140,중간,0.6,2
소아과,3060,132700,135760,높음,0.9,10
대상포진,16500,119000,135500,높음,0.9,10
냉감패드,20100,114100,134200,중간,0.6,8
QQQ,36500,92900,129400,높음,0.9,3
병원,8930,120200,129130,높음,0.9,10
청년도약계좌,24600,103000,127600,높음,0.9,3
레버리지ETF,29700,97700,127400,중간,0.6,7
예금금리,26800,100200,127000,높음,0.9,9
4대보험계산기,64700,61000,125700,중간,0.6,1
SOXL주가,11700,112500,124200,중간,0.6,5
파킹통장,33800,87300,121100,중간,0.6,4
등기부등본,98900,20600,119500,높음,0.9,3
슬리퍼,25200,93200,118400,높음,0.9,10
실업급여조건,23300,94400,117700,높음,0.9,9
보조배터리,29500,87100,116600,중간,0.6,8
전기차,30700,85600,116300,높음,0.9,10
SKT,52100,63400,115500,높음,0.9,10
알뜰폰요금제,22100,93300,115400,높음,0.9,10
코스피코스닥,22500,92600,115100,높음,0.9,10
에어프라이어,19900,92800,112700,높음,0.9,10
키보드,43400,67300,110700,높음,0.9,10
엘지씨엔에스주가,2720,106900,109620,높음,0.9,7
대상포진증상,6690,101500,108190,높음,0.9,10
실업급여계산기,26500,80700,107200,낮음,0.3,2
무선청소기,22700,81900,104600,높음,0.9,10
대출,18800,85400,104200,높음,0.9,10
법원경매,61200,42400,103600,높음,0.9,10
냉풍기,23200,79800,103000,중간,0.6,8
정기예금금리,17800,83800,101600,높음,0.9,10
실업급여,30300,70500,100800,중간,0.6,8
국민취업지원제도,27000,73300,100300,중간,0.6,3
청량리역,11000,88300,99300,높음,0.9,10
인터넷속도측정,66600,32300,98900,높음,0.9,10
갤럭시탭,23100,73000,96100,높음,0.9,10
부동산스터디,17400,78400,95800,높음,0.9,10
정관장,17300,77400,94700,높음,0.9,10
WTI유가,15600,77600,93200,높음,0.9,3
부가세계산기,61500,31000,92500,높음,0.9,10
매트리스,19600,72900,92500,중간,0.6,8
빙수,2760,88900,91660,중간,0.6,7
침대,18600,71800,90400,중간,0.6,8
족저근막염,10000,80300,90300,높음,0.9,10
중고차매매사이트,19900,70200,90100,높음,0.9,10
해외여행자보험,10800,79200,90000,높음,0.9,10
가민,22200,67800,90000,높음,0.9,10
정수기,19100,70800,89900,중간,0.6,8
더본코리아주가,10900,78900,89800,높음,0.9,3
건강보험,62200,27400,89600,높음,0.9,10
청소기,17600,71800,89400,높음,0.9,10
손없는날,14700,74200,88900,중간,0.6,8
SCHD,25000,63600,88600,높음,0.9,3
DSR계산기,28200,60200,88400,중간,0.6,4
국가장학금,24900,63100,88000,낮음,0.3,0
실업급여신청,23100,64500,87600,중간,0.6,2
삼성제습기,12800,74700,87500,중간,0.6,8
주휴수당계산기,14800,72400,87200,중간,0.6,5
육아휴직급여,22900,63800,86700,중간,0.6,3
샌들,15900,70700,86600,높음,0.9,10
세탁기,19000,67500,86500,높음,0.9,8
미국금리,17200,68300,85500,중간,0.6,6
무공해차누리집,27000,57000,84000,중간,0.6,1
휴대용선풍기,18200,65200,83400,높음,0.9,10
자동차보험비교,20900,62200,83100,높음,0.9,10
실링팬,18300,63600,81900,중간,0.6,8
손선풍기,13700,67300,81000,중간,0.6,8
자전거,14900,65700,80600,중간,0.6,8
쿠팡주가,10400,70000,80400,중간,0.6,5
백팩,13200,67200,80400,높음,0.9,7
BYD전기차,7340,72700,80040,높음,0.9,10
모바일신분증발급,9180,70000,79180,중간,0.6,1
초파리트랩,10300,68500,78800,높음,0.9,9
베이비페어,12100,65500,77600,높음,0.9,10
반도체,19200,57900,77100,높음,0.9,9
써큘레이터,12800,64200,77000,중간,0.6,8
고용보험,39300,37200,76500,중간,0.6,6
일본증시,15800,60300,76100,중간,0.6,4
트레이딩뷰,56500,19400,75900,중간,0.6,7
주담대,21000,54500,75500,중간,0.6,8
삼성노트북,19600,53700,73300,높음,0.9,10
에코백,10300,62500,72800,높음,0.9,10
노란우산공제,35400,37400,72800,중간,0.6,7
넥쿨러,17000,55600,72600,높음,0.9,10
디딤돌대출,23700,48900,72600,중간,0.6,3
건축물대장,62700,9240,71940,높음,0.9,3
비데,15400,55800,71200,중간,0.6,8
블랙박스,14400,56300,70700,중간,0.6,8
신일서큘레이터,7080,63400,70480,중간,0.6,8
가방,12400,57700,70100,높음,0.9,10
식기세척기,10900,58900,69800,중간,0.6,8
냉각손선풍기,9200,60400,69600,중간,0.6,7
골전도이어폰,12900,56500,69400,중간,0.6,8
스마트워치,15200,54200,69400,중간,0.6,8
공기청정기,15200,54000,69200,높음,0.9,10
자동차검사소,10800,58200,69000,높음,0.9,10
무선선풍기,11400,57300,68700,중간,0.6,8
오늘의주식,1590,66900,68490,높음,0.9,9
운동화,12500,55300,67800,높음,0.9,10
현대블루핸즈,6880,60700,67580,중간,0.6,3
침대프레임,12900,54400,67300,중간,0.6,8
서큘레이터,15800,51100,66900,중간,0.6,8
전기차보조금,17200,49000,66200,높음,0.9,10
급여계산기,23200,42200,65400,높음,0.9,10
전입신고,29900,35500,65400,중간,0.6,6
여름이불,11700,53500,65200,중간,0.6,8
도어락,13400,51600,65000,중간,0.6,8
국채금리,13300,51600,64900,높음,0.9,10
안마의자,10000,54900,64900,중간,0.6,8
홈캠,9880,54900,64780,중간,0.6,8
카드지갑,9770,54900,64670,중간,0.6,8
로지텍마우스,30800,33800,64600,높음,0.9,10
4대보험,33700,30200,63900,높음,0.9,10
주휴수당,11000,52800,63800,높음,0.9,10
건조기,13800,50000,63800,중간,0.6,8
냉감이불,11600,52100,63700,중간,0.6,8
의자,18800,44800,63600,중간,0.6,8
커피머신,10700,52800,63500,중간,0.6,8
건강검진,14300,48700,63000,높음,0.9,10
초파리없애는법,4410,58400,62810,높음,0.9,10
인버터에어컨,5090,57700,62790,중간,0.6,8
주민등록등본발급,48300,14300,62600,높음,0.9,3
신경외과,5130,57200,62330,높음,0.9,10
도수치료,11700,50600,62300,높음,0.9,10
엔화환전,8440,53500,61940,높음,0.9,10
타이어,8950,51600,60550,높음,0.9,10
얼음정수기,10900,49200,60100,높음,0.9,10
안전화,15300,43700,59000,중간,0.6,8
CMA,15400,42600,58000,높음,0.9,10
은마아파트,8800,48600,57400,높음,0.9,10
날개없는선풍기,7090,49800,56890,중간,0.6,8
모니터,20500,36100,56600,중간,0.6,8
블루투스이어폰,17500,38900,56400,중간,0.6,8
전세대출,17900,38300,56200,높음,0.9,10
아마존주가,6180,50000,56180,중간,0.6,5
VOO,16800,39300,56100,중간,0.6,2
캠핑의자,10600,45500,56100,높음,0.9,10
당뇨초기증상,4650,51200,55850,높음,0.9,10
운전면허시험장,9330,46200,55530,높음,0.9,10
청약,23600,31700,55300,높음,0.9,10
갑상선기능저하증,5520,48800,54320,높음,0.9,10
실외기없는에어컨,8190,46100,54290,중간,0.6,8
이어폰,12700,41400,54100,높음,0.9,10
운전면허,8940,45100,54040,높음,0.9,10
온열질환,13600,40100,53700,높음,0.9,3
무선이어폰,11900,41500,53400,높음,0.9,10
자동차보험료비교견적사이트,15900,36900,52800,높음,0.9,10
운전면허학원,5420,47300,52720,높음,0.9,10
KODEX레버리지,12000,40300,52300,높음,0.9,1
지방세납부,29100,23100,52200,중간,0.6,1
개인회생,10600,41500,52100,높음,0.9,10
내일배움카드신청,14500,37400,51900,높음,0.9,10
모기퇴치기,9480,42300,51780,중간,0.6,8
7월공모주일정,8410,43100,51510,높음,0.9,3
싼타페하이브리드,8410,43100,51510,높음,0.9,10
마라톤,16800,34500,51300,높음,0.9,10
나이키런닝화,6440,44700,51140,높음,0.9,10
러브버그,5530,45300,50830,높음,0.9,7
등기부등본발급,34700,15700,50400,높음,0.9,3
SGI서울보증,28300,21900,50200,중간,0.6,4
자동차검사,16300,33600,49900,높음,0.9,10
탁상용선풍기,11900,38000,49900,중간,0.6,8
SUV,13500,36100,49600,높음,0.9,10
통증의학과,3460,46100,49560,높음,0.9,10
행복주택,16100,33300,49400,중간,0.6,6
런닝화,8840,40200,49040,높음,0.9,10
통돌이세탁기,6810,42200,49010,중간,0.6,8
트래블카드,8800,39800,48600,높음,0.9,7
간병인보험,6290,42200,48490,높음,0.9,10
TQQQ,14100,34300,48400,중간,0.6,7
발바닥통증,3180,44900,48080,높음,0.9,10
재산세계산기,13600,34100,47700,중간,0.6,1
집들이선물,10900,36700,47600,높음,0.9,10
저축은행적금,13600,33500,47100,높음,0.9,9
유팡,5630,41200,46830,중간,0.6,8
싱크대수전,8640,38100,46740,중간,0.6,8
원터치텐트,7430,39300,46730,중간,0.6,8
주담대금리,12000,34700,46700,높음,0.9,10
블라우스,8500,38200,46700,높음,0.9,10
캠핑카,6700,39900,46600,높음,0.9,10
운전자보험,9150,37400,46550,높음,0.9,10
원데이자동차보험,2120,44400,46520,높음,0.9,10
소방안전관리자,15400,31000,46400,높음,0.9,10
가정의학과,2980,43200,46180,높음,0.9,10
반바지,9480,36600,46080,높음,0.9,10
모기기피제,8000,37800,45800,중간,0.6,8
응급실,2250,43500,45750,높음,0.9,10
소상공인지원금,7020,38700,45720,높음,0.9,10
접이식매트리스,7180,38300,45480,중간,0.6,8
강아지사료,4440,40900,45340,중간,0.6,8
노인장기요양보험,29400,15900,45300,높음,0.9,10
드럼세탁기,4900,39700,44600,높음,0.9,10
신세계상품권,7000,37400,44400,높음,0.9,10
압력밥솥,6030,38300,44330,중간,0.6,8
양도세계산기,11700,32500,44200,높음,0.9,10
고용산재보험토탈,34400,9630,44030,중간,0.6,1
알바,13100,30900,44000,높음,0.9,10
바퀴벌레,3910,40000,43910,높음,0.9,10
대출금리계산기,11000,32900,43900,높음,0.9,3
자동차검사예약,12500,31400,43900,높음,0.9,10
청년월세지원,10400,33500,43900,중간,0.6,3
한글무료설치,36900,6750,43650,중간,0.6,5
중고차사이트,10700,32800,43500,높음,0.9,10
한일선풍기,6530,36600,43130,중간,0.6,8
곱버스,12000,31100,43100,중간,0.6,1
조명,10900,32100,43000,높음,0.9,10
전기차충전소,5310,37300,42610,높음,0.9,10
노란우산,18800,23600,42400,높음,0.9,10
QQQ주가,4450,37600,42050,중간,0.6,6
TIGER200,10700,31200,41900,높음,0.9,7
네이버페이카드,8820,32700,41520,중간,0.6,7
샤워기헤드,8870,32600,41470,높음,0.9,10
러닝화,8800,32600,41400,높음,0.9,10
운전면허필기시험,5170,36000,41170,높음,0.9,10
매도,8430,32700,41130,높음,0.9,1
청년주택,12500,28600,41100,높음,0.9,10
왼쪽옆구리통증,2350,38400,40750,높음,0.9,10
주민등록등본인터넷발급,34100,6560,40660,낮음,0.3,1
국민내일배움카드,12300,28300,40600,높음,0.9,10
김현준,4870,35700,40570,중간,0.6,1
이력서,22400,18100,40500,높음,0.9,10
신용대출,9620,30800,40420,높음,0.9,10
부가세신고,22400,17900,40300,높음,0.9,10
WINDY,18600,21600,40200,중간,0.6,4
트립트랩,5580,34500,40080,중간,0.6,8
청년일자리도약장려금,16600,23400,40000,낮음,0.3,1
현대자동차서비스센터,5080,34900,39980,높음,0.9,9
한우,5970,33900,39870,높음,0.9,10
백일해예방접종,4110,35500,39610,높음,0.9,10
LTV계산기,13800,25800,39600,중간,0.6,4
이불,10000,29100,39100,중간,0.6,8
2IN1에어컨,5670,33400,39070,중간,0.6,8
재경관리사,14100,24700,38800,높음,0.9,10
빔프로젝터,8970,29800,38770,높음,0.9,10
벽걸이선풍기,8040,30500,38540,중간,0.6,8
산업안전보건법,32400,6070,38470,높음,0.9,10
대법원경매정보,22400,16000,38400,높음,0.9,10
IRP계좌,7910,30300,38210,높음,0.9,10
주택연금,7970,30200,38170,높음,0.9,3
외과,2810,35200,38010,높음,0.9,10
대법원전자소송,32500,5220,37720,높음,0.9,10
포터,7790,29900,37690,높음,0.9,10
증여세세율,5550,31900,37450,높음,0.9,10
희망리턴패키지,17000,20100,37100,높음,0.9,10
실업급여신청방법,11200,25800,37000,중간,0.6,6
전세자금대출,11300,25200,36500,높음,0.9,10
고양이사료,4570,31800,36370,중간,0.6,8
국가건강검진,7450,28800,36250,높음,0.9,10
요양보호사,5740,30400,36140,높음,0.9,10
에어텐트,6680,29400,36080,중간,0.6,8
증여세,9000,27000,36000,높음,0.9,10
방문손잡이,10800,25000,35800,중간,0.6,8
알뜰폰요금제비교,9750,26000,35750,높음,0.9,10
전산회계1급,12400,23200,35600,높음,0.9,10
카시트,5550,30000,35550,높음,0.9,10
다이렉트자동차보험,8540,27000,35540,높음,0.9,10
신용카드,9250,26100,35350,높음,0.9,10
중고차시세,7820,27400,35220,높음,0.9,10
DTI계산기,12100,23100,35200,중간,0.6,8
쿨매트,6960,28200,35160,중간,0.6,8
가다실9,3930,31200,35130,높음,0.9,10
기저귀,7560,27500,35060,높음,0.9,9
퇴직금지급기준,5940,29100,35040,높음,0.9,10
에어매트,6030,29000,35030,중간,0.6,8
부가가치세신고,16300,18700,35000,높음,0.9,10
통풍,5160,29500,34660,높음,0.9,10
정기예금금리비교,7720,26900,34620,중간,0.6,6
저축은행금리비교,6630,27900,34530,높음,0.9,9
근처치과,1800,32700,34500,높음,0.9,10
로지텍키보드,13000,21400,34400,높음,0.9,10
치아보험,4780,29600,34380,높음,0.9,10
아이나비블랙박스,8080,26100,34180,높음,0.9,10
갑상선기능항진증,3310,30800,34110,높음,0.9,10
연금저축,7220,26700,33920,높음,0.9,10
집들이선물추천,4580,29300,33880,높음,0.9,10
공모주,10100,23700,33800,높음,0.9,10
정수기렌탈가격비교,6900,26700,33600,높음,0.9,10
파세코창문형에어컨,6170,27300,33470,높음,0.9,10
LED전등,6990,26400,33390,중간,0.6,8
현관문도어락,3580,29700,33280,중간,0.6,8
캠핑카렌트,4400,28800,33200,높음,0.9,10
스탠드에어컨,6450,26600,33050,중간,0.6,8
미니선풍기,5420,27600,33020,중간,0.6,8
밥솥,8590,24400,32990,중간,0.6,8
청년전세대출,9020,23800,32820,높음,0.9,10
주택청약,9920,22800,32720,높음,0.9,10
태블릿,11500,21100,32600,중간,0.6,8
노무사,6790,25600,32390,높음,0.9,10
알뜰요금제,9000,23300,32300,높음,0.9,10
세면대수전,6100,26200,32300,중간,0.6,8
만도,6900,25400,32300,중간,0.6,7
컴퓨터의자,13600,18500,32100,높음,0.9,10
실비보험,4570,27500,32070,높음,0.9,10
환풍기,8430,23600,32030,중간,0.6,8
벤츠전기차,4990,27000,31990,높음,0.9,10
게이밍노트북,8930,23000,31930,높음,0.9,10
아파트실거래가조회,15800,16100,31900,높음,0.9,10
백일해,5150,26700,31850,중간,0.6,3
날파리퇴치,2930,28800,31730,중간,0.6,8
양도소득세,7080,24600,31680,높음,0.9,10
브라이텍스카시트,3070,28600,31670,높음,0.9,10
ESIM,6800,24800,31600,높음,0.9,10
아파트실거래가,15600,15800,31400,높음,0.9,10
트라이크,3340,27900,31240,중간,0.6,8
물걸레청소기,5170,26000,31170,중간,0.6,8
PXG,7650,23500,31150,높음,0.9,10
세면대,6730,24400,31130,중간,0.6,8
주택담보대출금리,10000,21000,31000,높음,0.9,10
BMW전기차,4700,26300,31000,높음,0.9,10
환경부전기차카드,8170,22600,30770,낮음,0.3,2
소상공인대출,6670,24000,30670,높음,0.9,10
근로기준법,24500,6120,30620,중간,0.6,3
종합소득세,7400,23200,30600,높음,0.9,10
화재보험,6180,24300,30480,높음,0.9,10
신발,5160,25300,30460,높음,0.9,10
폐렴증상,2580,27700,30280,높음,0.9,10
안드로이드오토,4250,26000,30250,중간,0.6,8
S&P500지수,3140,27100,30240,중간,0.6,8
대장내시경,3640,26600,30240,높음,0.9,10
퇴직연금,10300,19900,30200,높음,0.9,10
캠핑용품,6130,24000,30130,높음,0.9,8
A4용지,16000,14100,30100,높음,0.9,10
미니제습기,5670,24400,30070,중간,0.6,8
가습기,5650,24400,30050,중간,0.6,8
와이파이공유기,5090,24800,29890,중간,0.6,8
운전면허필기,4450,25400,29850,높음,0.9,10
퇴직연금DC형,7970,21800,29770,높음,0.9,10
세무사,7370,22300,29670,높음,0.9,10
등산화,8170,21500,29670,중간,0.6,8
운전면허기능시험,2460,27100,29560,높음,0.9,10
기계식키보드,15000,14500,29500,중간,0.6,8
QLD주가,3690,25800,29490,중간,0.6,3
체외충격파치료,3460,26000,29460,높음,0.9,10
BLDC선풍기,6220,23200,29420,중간,0.6,8
정기예금,7700,21700,29400,낮음,0.3,2
헬리오시티,6490,22500,28990,높음,0.9,10
연차계산기,18200,10700,28900,높음,0.9,9
족저근막염슬리퍼,4400,24500,28900,높음,0.9,10
부가가치세신고기간,9750,19100,28850,높음,0.9,10
미니세탁기,4040,24800,28840,중간,0.6,8
카드,8220,20600,28820,높음,0.9,10
삼성공기청정기,4200,24600,28800,높음,0.9,7
모기장,5190,23600,28790,중간,0.6,7
APPLE,7430,21200,28630,높음,0.9,10
LGU+,11600,17000,28600,높음,0.9,10
게이밍의자,10000,18500,28500,높음,0.9,10
매트,4510,23900,28410,중간,0.6,8
건강보험료,9230,19100,28330,높음,0.9,9
ETF투자방법,4220,24100,28320,높음,0.9,10
VOO주가,2870,25400,28270,높음,0.9,3
캠핑용에어컨,5030,23200,28230,높음,0.9,10
미니건조기,5010,23200,28210,중간,0.6,8
듀라론냉감패드,3990,24100,28090,중간,0.6,8
지갑,7780,20300,28080,높음,0.9,10
학자금대출,8850,19200,28050,높음,0.9,10
인버터,5570,22400,27970,높음,0.9,10
태아보험,10100,17700,27800,높음,0.9,10
부비동염,4320,23400,27720,높음,0.9,10
유모차,5170,22500,27670,높음,0.9,10
음식물분쇄기,3790,23800,27590,중간,0.6,8
음식물쓰레기통,5140,22400,27540,중간,0.6,8
위니아에어컨,3010,24500,27510,중간,0.6,8
IPTIME,16500,11000,27500,높음,0.9,10
캠핑테이블,6500,20900,27400,중간,0.6,8
필립스커피머신,4570,22800,27370,높음,0.9,10
신용카드추천,6730,20600,27330,높음,0.9,10
돗자리,4530,22700,27230,중간,0.6,8
한방병원,3180,24000,27180,높음,0.9,10
스니커즈,4890,22200,27090,높음,0.9,10
실업급여수급기간,5220,21700,26920,낮음,0.3,2
운전면허필기시험접수,3610,23300,26910,높음,0.9,10
아기매트,3140,23700,26840,높음,0.9,8
건축물대장열람,19200,7580,26780,높음,0.9,3
호카호파라,3460,23300,26760,높음,0.9,10
유팡젖병소독기,2960,23800,26760,중간,0.6,7
에어프라이기,4830,21900,26730,중간,0.6,8
주식사는법,2520,24200,26720,높음,0.9,10
미니에어컨,4010,22700,26710,중간,0.6,8
S&P500ETF,8210,18400,26610,높음,0.9,9
메리츠,10600,16000,26600,높음,0.9,10
연금저축펀드,5180,21400,26580,높음,0.9,10
사무용의자,13400,13100,26500,중간,0.6,8
족저근막염신발,2580,23900,26480,높음,0.9,10
웨건,4770,21700,26470,높음,0.9,9
비상금대출,2500,23800,26300,높음,0.9,10
중소기업현황시스템,17500,8700,26200,중간,0.6,7
근로장려금대상,2570,23600,26170,낮음,0.3,1
AIG손해보험,6680,19400,26080,높음,0.9,7
LG정수기,5290,20600,25890,높음,0.9,10
게이트맨도어락,3380,22400,25780,높음,0.9,10
마이너스통장,4850,20900,25750,높음,0.9,9
알뜰폰허브,9590,16100,25690,중간,0.6,1
초파리,3580,22100,25680,중간,0.6,8
임플란트가격,2870,22700,25570,높음,0.9,10
캠핑,5430,20100,25530,중간,0.6,8
태블릿PC,7790,17700,25490,높음,0.9,8
세금계산기,6010,19400,25410,낮음,0.3,0
생맥산,4230,21100,25330,높음,0.9,7
국제운전면허증발급,8530,16800,25330,높음,0.9,3
청년지원금,6120,19200,25320,높음,0.9,10
양도소득세계산기,8300,17000,25300,높음,0.9,10
교통사고,2910,22200,25110,높음,0.9,10
여성원피스,2870,22200,25070,높음,0.9,10
산업안전산업기사,7200,17800,25000,높음,0.9,10
연차발생기준,7830,17100,24930,높음,0.9,10
커피원두,8200,16700,24900,중간,0.6,8
벤츠지바겐,2020,22500,24520,높음,0.9,10
데스크탑,10000,14500,24500,중간,0.6,8
척추측만증,2690,21800,24490,높음,0.9,10
KT알뜰요금제,5260,19200,24460,높음,0.9,10
포그내아기띠,1530,22900,24430,중간,0.6,8
종부세,5920,18500,24420,높음,0.9,10
고압세척기,6810,17600,24410,중간,0.6,8
상속세,4800,19600,24400,높음,0.9,10
홍삼,5690,18700,24390,높음,0.9,10
저축은행,8110,16200,24310,중간,0.6,5
목디스크증상,2800,21500,24300,높음,0.9,10
인터넷속도,16600,7690,24290,높음,0.9,10
아이폰SE,2940,21300,24240,높음,0.9,8
암막블라인드,4220,20000,24220,중간,0.6,8
상속세면제한도,3110,21100,24210,높음,0.9,10
자궁경부암검사,1900,22300,24200,높음,0.9,10
무릎통증,2570,21600,24170,높음,0.9,10
휴대용유모차,2790,21300,24090,중간,0.6,8
숄더백,3330,20700,24030,높음,0.9,10
임플란트,4210,19700,23910,높음,0.9,10
연차수당계산기,11900,12000,23900,높음,0.9,3
위닉스뽀송,3540,20200,23740,중간,0.6,8
오피스텔,4330,19400,23730,높음,0.9,10
채권,6330,17300,23630,높음,0.9,10
고관절통증,1920,21600,23520,높음,0.9,10
개인회생신청자격,3710,19800,23510,높음,0.9,10
유당불내증,2710,20800,23510,중간,0.6,8
타투스티커,3060,20400,23460,높음,0.9,10
어메이즈핏,5110,18300,23410,중간,0.6,6
골프화,4800,18600,23400,중간,0.6,8
소액대출,2610,20600,23210,높음,0.9,10
내일배움카드교육,8250,14900,23150,높음,0.9,10
거실장,4050,19100,23150,중간,0.6,8
3.3%계산기,4410,18700,23110,낮음,0.3,2
레이전기차,3790,19300,23090,높음,0.9,10
모기향,4470,18600,23070,중간,0.6,8
달러환율전망,4060,19000,23060,높음,0.9,9
모비스,4100,18900,23000,중간,0.6,7
세탁기건조기일체형,3850,19100,22950,중간,0.6,8
국제운전면허증,5260,17600,22860,높음,0.9,3
슈퍼싱글매트리스,2930,19900,22830,중간,0.6,8
펫보험,3670,19100,22770,높음,0.9,10
무소음선풍기,3550,19200,22750,높음,0.9,8
신발장,6230,16300,22530,중간,0.6,8
코란도,6290,16200,22490,높음,0.9,10
모바일운전면허증,2270,20200,22470,중간,0.6,1
갤럭시탭S10,4660,17600,22260,높음,0.9,8
빨래건조기,2450,19800,22250,중간,0.6,8
견책,4720,17500,22220,높음,0.9,10
무선키보드,10100,12100,22200,중간,0.6,8
냉감쿨매트,2190,20000,22190,높음,0.9,8
해외주식,1570,20600,22170,높음,0.9,10
소득금액증명원발급,16300,5860,22160,중간,0.6,1
전세보증보험,5850,16300,22150,높음,0.9,7
현관방충망,2970,19100,22070,중간,0.6,8
전기밥솥,4110,17900,22010,중간,0.6,8
경차,4590,17400,21990,높음,0.9,10
축농증,3150,18800,21950,높음,0.9,10
대형선풍기,6550,15400,21950,높음,0.9,8
브라이텍스,4400,17500,21900,높음,0.9,9
실손보험,3890,18000,21890,높음,0.9,10
간병비보험,2230,19600,21830,높음,0.9,10
자동차담보대출,3670,18100,21770,높음,0.9,10
퇴직금계산,6070,15700,21770,높음,0.9,10
인터넷비교사이트,8040,13700,21740,높음,0.9,10
금현물,7920,13800,21720,중간,0.6,6
보험,7210,14500,21710,높음,0.9,10
책상의자,8400,13300,21700,중간,0.6,8
기면증,2910,18700,21610,높음,0.9,10
백일해주사,3800,17800,21600,높음,0.9,7
중소기업확인서,18900,2670,21570,높음,0.9,10
원리금균등상환계산기,7460,14100,21560,중간,0.6,2
폐렴,3760,17800,21560,높음,0.9,10
휘슬러압력밥솥,1460,20100,21560,높음,0.9,10
빅데이터분석기사,8740,12800,21540,높음,0.9,10
산재보험,9890,11600,21490,높음,0.9,10
무직자대출,2660,18700,21360,높음,0.9,10
러닝,3650,17700,21350,높음,0.9,10
운전면허적성검사,5330,16000,21330,낮음,0.3,1
골프백,3890,17400,21290,높음,0.9,10
HUG보증보험,7050,14200,21250,낮음,0.3,2
드라이브,8790,12400,21190,높음,0.9,10
포충기,5860,15300,21160,중간,0.6,8
위니아제습기,3060,18100,21160,중간,0.6,8
퇴직금,5140,16000,21140,높음,0.9,10
모기물렸을때,1320,19800,21120,높음,0.9,10
지네,2150,18900,21050,높음,0.9,10
샤오미선풍기,3500,17500,21000,중간,0.6,8
리안드림콧,2590,18400,20990,중간,0.6,6
샤워기필터,4390,16600,20990,중간,0.6,8
LED전등교체,2750,18200,20950,중간,0.6,8
자녀증여한도,2910,17900,20810,높음,0.9,10
신용점수,2290,18500,20790,높음,0.9,10
차량용선풍기,2850,17800,20650,중간,0.6,8
에어컨제습,1740,18900,20640,높음,0.9,3
찜기,3640,17000,20640,중간,0.6,8
대출금리,5670,14900,20570,높음,0.9,10
공유기,8970,11600,20570,중간,0.6,8
모기,2990,17500,20490,높음,0.9,10
부가가치세,7780,12700,20480,높음,0.9,10
중고차리스,4980,15500,20480,높음,0.9,10
음주운전벌금,2960,17500,20460,높음,0.9,10
도어클로저,5740,14700,20440,중간,0.6,8
수전,5710,14700,20410,높음,0.9,10
삼성TV,4290,16100,20390,높음,0.9,8
양도세,4850,15500,20350,높음,0.9,10
도수치료실비,3430,16900,20330,높음,0.9,10
베스틴도어락,1630,18700,20330,높음,0.9,10
화장실리모델링,2720,17600,20320,높음,0.9,10
마취통증의학과,1870,18400,20270,높음,0.9,10
차량용냉장고,3230,17000,20230,중간,0.6,8
재활의학과,2070,18100,20170,높음,0.9,10
소상공인,8440,11700,20140,높음,0.9,10
사무실의자,8790,11300,20090,중간,0.6,8
문구,3670,16400,20070,높음,0.9,10
부가부드래곤플라이,2010,18000,20010,중간,0.6,6
IRP,6300,13700,20000,높음,0.9,10
주니어카시트,2380,17600,19980,중간,0.6,8
변기,3370,16600,19970,중간,0.6,8
일본여행준비물,3550,16400,19950,높음,0.9,10
주식시세조회,1580,18300,19880,높음,0.9,10
태반주사효능,1570,18300,19870,높음,0.9,10
RESUME,5260,14600,19860,중간,0.6,1
자동차정기검사,4860,15000,19860,중간,0.6,3
미술학원,1250,18600,19850,높음,0.9,10
사업자대출,5170,14600,19770,높음,0.9,10
대환대출,4360,15400,19760,높음,0.9,10
기프티콘,5700,14000,19700,높음,0.9,10
날파리트랩,2390,17300,19690,중간,0.6,8
부가세,8430,11200,19630,높음,0.9,10
이사짐센터,3410,16200,19610,높음,0.9,10
스케일링비용,1770,17800,19570,높음,0.9,10
대상포진예방접종,2690,16800,19490,높음,0.9,10
아동수당,3870,15600,19470,중간,0.6,2
무직자소액대출,1530,17900,19430,높음,0.9,10
KODEX,7300,12100,19400,중간,0.6,1
바퀴벌레없애는법,1900,17500,19400,높음,0.9,10
부가부유모차,2020,17300,19320,높음,0.9,10
IPTIME공유기,6320,13000,19320,중간,0.6,8
압력솥,2780,16500,19280,중간,0.6,8
국비지원교육,5220,14000,19220,높음,0.9,10
후두염,2220,17000,19220,높음,0.9,10
나이키골프,3600,15600,19200,높음,0.9,10
게이밍컴퓨터,4230,14900,19130,중간,0.6,8
층간소음매트,3860,15200,19060,중간,0.6,8
지원금,3630,15400,19030,높음,0.9,10
오늘의주식시장,280,18700,18980,높음,0.9,10
공유오피스,6160,12800,18960,높음,0.9,7
손목시계,5210,13700,18910,높음,0.9,10
결혼식답례품,3680,15200,18880,높음,0.9,8
세금계산서발행,10000,8850,18850,높음,0.9,10
부업,5040,13800,18840,높음,0.9,10
허리협착증,1630,17200,18830,높음,0.9,10
무빈소장례,2930,15900,18830,높음,0.9,10
헤드폰,7950,10800,18750,중간,0.6,8
직장인신용대출,4030,14700,18730,높음,0.9,10
변기막혔을때,810,17900,18710,높음,0.9,10
트레킹화,4190,14500,18690,중간,0.6,8
건설안전기사,7170,11500,18670,높음,0.9,10
현대SUV,2760,15900,18660,높음,0.9,10
자충매트,3500,15100,18600,중간,0.6,8
문방구,1380,17200,18580,높음,0.9,10
원천징수영수증발급,11800,6780,18580,높음,0.9,3
허리통증,1940,16600,18540,높음,0.9,10
샤워기,4420,14100,18520,중간,0.6,8
일리커피머신,2770,15700,18470,중간,0.6,8
경매사이트,8060,10400,18460,높음,0.9,10
강아지유모차,2660,15800,18460,높음,0.9,10
펀드,5130,13300,18430,높음,0.9,10
타이어교체주기,2610,15800,18410,높음,0.9,10
전기차충전카드,4330,14000,18330,높음,0.9,10
허리디스크증상,1700,16600,18300,높음,0.9,10
온습도계,7360,10900,18260,중간,0.6,8
갑상선암,2920,15300,18220,높음,0.9,10
JB우리캐피탈,4210,14000,18210,중간,0.6,3
산업용제습기,8640,9560,18200,중간,0.6,8
해외여행준비물,2080,16100,18180,높음,0.9,10
연금,3060,15100,18160,높음,0.9,10
테블릿PC,3360,14800,18160,중간,0.6,8
IRP퇴직연금,3350,14700,18050,높음,0.9,10
식탁등,3000,15000,18000,높음,0.9,10
발편한슬리퍼,2190,15800,17990,높음,0.9,10
테슬라카페,3390,14500,17890,중간,0.6,3
허리삐끗했을때,1260,16600,17860,높음,0.9,10
미국증시개장시간,1550,16300,17850,중간,0.6,7
블루투스키보드,5240,12600,17840,중간,0.6,8
인후염,2130,15700,17830,높음,0.9,10
거실매트,2110,15700,17810,중간,0.6,8
선풍기추천,3000,14800,17800,중간,0.6,8
서울초미세먼지,1580,16200,17780,낮음,0.3,0
공업용선풍기,4580,13200,17780,중간,0.6,8
습기제거제,2700,15000,17700,높음,0.9,8
당뇨,3290,14400,17690,높음,0.9,10
사대보험계산기,6680,11000,17680,높음,0.9,3
국민내일배움카드신청,4970,12700,17670,높음,0.9,10
전기차충전요금,3350,14300,17650,높음,0.9,10
전열교환기,4990,12600,17590,높음,0.9,10
일렉기타,2290,15300,17590,중간,0.6,8
레노버태블릿,3600,13900,17500,중간,0.6,8
스쿳앤라이드,1370,16100,17470,높음,0.9,9
사랑니발치,2060,15300,17360,높음,0.9,10
감사패,7550,9780,17330,중간,0.6,8
27인치모니터,7220,10100,17320,중간,0.6,8
LG얼음정수기,2620,14700,17320,높음,0.9,10
여권재발급기간,4100,13100,17200,높음,0.9,3
샤워수전,3720,13400,17120,높음,0.9,10
연금저축계좌,3170,13900,17070,높음,0.9,9
드라이버,3970,13100,17070,중간,0.6,8
UTP케이블,14000,3030,17030,중간,0.6,8
증여세계산기,4370,12600,16970,높음,0.9,9
디지털도어락,3660,13300,16960,중간,0.6,8
포터2,3240,13700,16940,높음,0.9,10
전기차충전기,5720,11200,16920,중간,0.6,8
제습기추천,4100,12800,16900,중간,0.6,8
알레르망냉감패드,1580,15300,16880,중간,0.6,8
미국ETF,4370,12500,16870,높음,0.9,10
CMA통장,2870,14000,16870,중간,0.6,4
런닝,2470,14400,16870,중간,0.6,8
소화기내과,1860,15000,16860,높음,0.9,10
거실바닥매트,540,16300,16840,높음,0.9,10
재무제표,10600,6180,16780,높음,0.9,10
노령연금,3270,13500,16770,높음,0.9,7
나이키러닝화,2840,13900,16740,높음,0.9,10
E심,3680,13000,16680,높음,0.9,7
배달의민족상품권,2580,14100,16680,높음,0.9,9
대상포진병원,1380,15300,16680,높음,0.9,10
조립식컴퓨터,5060,11600,16660,높음,0.9,10
아파트화재보험,3150,13500,16650,높음,0.9,10
개인연금,3530,13100,16630,높음,0.9,10
1톤트럭,3790,12800,16590,높음,0.9,10
SUV순위,3730,12800,16530,높음,0.9,7
문고리,3420,13100,16520,중간,0.6,8
벌레,2230,14200,16430,높음,0.9,10
캠핑카대여,2130,14300,16430,높음,0.9,10
스타리아전기차,2320,14100,16420,높음,0.9,10
중개수수료,5610,10800,16410,높음,0.9,1
제습기공기청정기,1800,14600,16400,중간,0.6,8
실내적정습도,1100,15300,16400,높음,0.9,7
에어콘,2600,13800,16400,높음,0.9,9
싸이벡스카시트,1660,14700,16360,중간,0.6,8
원터치그늘막,2340,14000,16340,높음,0.9,10
SK알뜰폰,4120,12200,16320,높음,0.9,10
세탁기건조기,2290,14000,16290,중간,0.6,8
바닥매트,3070,13200,16270,중간,0.6,8
신용점수조회,2260,14000,16260,높음,0.9,10
부모급여,3240,13000,16240,높음,0.9,3
욕실수납장,2630,13600,16230,중간,0.6,8
감기,4720,11500,16220,높음,0.9,10
암보험비교사이트,6860,9290,16150,높음,0.9,10
캠핑선풍기,2550,13600,16150,중간,0.6,8
신일써큘레이터,1910,14200,16110,높음,0.9,10
배우자출산휴가,7860,8230,16090,높음,0.9,3
스크래치,8920,7150,16070,높음,0.9,10
청년대출,3460,12600,16060,높음,0.9,10
허리아플때운동,1080,14900,15980,높음,0.9,10
주방수전,3580,12400,15980,중간,0.6,8
증여세면제한도,2570,13400,15970,높음,0.9,10
무소음키보드,7750,8200,15950,중간,0.6,8
오픈형이어폰,4420,11500,15920,높음,0.9,10
중대재해처벌법,8940,6980,15920,높음,0.9,10
전기모기채,3490,12400,15890,중간,0.6,8
직장내괴롭힘,4360,11500,15860,높음,0.9,10
중고노트북,5340,10500,15840,높음,0.9,10
DB운전자보험,3320,12500,15820,높음,0.9,10
로봇관련주,2620,13200,15820,높음,0.9,10
8월손없는날,2990,12800,15790,높음,0.9,7
에어프라이어추천,4990,10800,15790,중간,0.6,8
내비게이션,2250,13500,15750,높음,0.9,10
강직성척추염,2640,13100,15740,높음,0.9,10
LGTV,3170,12400,15570,중간,0.6,8
개인사업자정책자금,5140,10400,15540,높음,0.9,10
근로소득원천징수영수증,11700,3790,15490,높음,0.9,3
B형간염,2590,12900,15490,높음,0.9,10
바구니카시트,1990,13500,15490,중간,0.6,8
골프모자,3080,12400,15480,중간,0.6,8
근로계약서,6110,9350,15460,높음,0.9,10
문손잡이,3360,12100,15460,높음,0.9,8
바이러스,2650,12800,15450,높음,0.9,10
여름냉감이불,1800,13600,15400,높음,0.9,10
종부세기준,3060,12300,15360,높음,0.9,10
골프채,2950,12400,15350,중간,0.6,8
신규상장종목,430,14900,15330,높음,0.9,10
프롤로주사,2170,13100,15270,높음,0.9,10
쯔쯔가무시,1910,13300,15210,중간,0.6,2
호흡기내과,1600,13600,15200,높음,0.9,10
상속세세율,1890,13300,15190,높음,0.9,10
인터넷가입,5050,10100,15150,높음,0.9,10
부산회생법원,4580,10500,15080,높음,0.9,7
체외충격파실비,2470,12600,15070,높음,0.9,7
유선청소기,2810,12200,15010,높음,0.9,8
간이과세자부가세신고,5660,9340,15000,높음,0.9,10
빚,2760,12200,14960,높음,0.9,10
핸드폰성지,2840,12100,14940,높음,0.9,7
목디스크,2480,12400,14880,높음,0.9,10
아파트취득세,3250,11600,14850,중간,0.6,6
전세보증금,1940,12900,14840,높음,0.9,10
임대차계약신고,5920,8900,14820,높음,0.9,7
주택담보대출한도,3810,11000,14810,높음,0.9,10
MRI가격,1210,13600,14810,높음,0.9,10
건축물대장발급,12000,2810,14810,높음,0.9,3
건강보험공단고객센터,2360,12400,14760,중간,0.6,3
아파트담보대출,4050,10700,14750,높음,0.9,10
경차종류,1900,12800,14700,높음,0.9,10
개인사업자대출,3690,11000,14690,높음,0.9,10
게이밍키보드,4680,10000,14680,중간,0.6,8
허리디스크,2360,12300,14660,높음,0.9,10
헤겐젖병,1240,13400,14640,중간,0.6,6
건강검진센터,2510,12100,14610,높음,0.9,10
조이아이스핀360,1390,13200,14590,중간,0.6,8
벌레퇴치기,2370,12200,14570,중간,0.6,8
암보험,3760,10800,14560,높음,0.9,10
기능사시험일정,3660,10900,14560,높음,0.9,10
판판대로,11800,2750,14550,낮음,0.3,0
휴대용카시트,1640,12900,14540,중간,0.6,8
무더위,3310,11200,14510,중간,0.6,1
숨은보험금찾기,2710,11800,14510,높음,0.9,9
블루투스헤드셋,5380,9120,14500,중간,0.6,8
부비동염증상,1300,13200,14500,높음,0.9,10
핸드폰싸게사는법,1290,13200,14490,높음,0.9,10
내분비내과,1620,12800,14420,높음,0.9,7
양변기,3900,10500,14400,중간,0.6,8
체외충격파,3480,10900,14380,중간,0.6,8
저소음키보드,5810,8560,14370,중간,0.6,8
컴퓨터본체,3570,10800,14370,중간,0.6,8
침대렌탈,1960,12400,14360,높음,0.9,10
팔꿈치통증,1860,12500,14360,높음,0.9,10
대출이자,4150,10200,14350,높음,0.9,10
송풍기,4000,10300,14300,중간,0.6,8
변기교체,1490,12800,14290,높음,0.9,8
시어서커,2390,11900,14290,높음,0.9,10
고압산소치료,1770,12500,14270,높음,0.9,10
분유,2270,12000,14270,높음,0.9,9
생일선물,2360,11900,14260,높음,0.9,10
습식청소기,2750,11500,14250,중간,0.6,8
호카호파라2,2140,12100,14240,높음,0.9,8
스텐드에어컨,1600,12600,14200,중간,0.6,8
천식,2290,11900,14190,높음,0.9,10
의원,1160,13000,14160,높음,0.9,10
운전면허시험,3460,10700,14160,높음,0.9,10
공무원연금,6230,7900,14130,높음,0.9,7
멀티쿠커,2730,11400,14130,중간,0.6,8
전기차추천,3790,10300,14090,높음,0.9,10
노트북추천,3780,10300,14080,높음,0.9,8
연금보험,3460,10600,14060,높음,0.9,10
LG건조기,2340,11700,14040,높음,0.9,10
폐업지원금,3330,10700,14030,높음,0.9,10
봉고3,2810,11200,14010,높음,0.9,10
TSLL주가,1110,12900,14010,중간,0.6,2
엘지에어컨2IN1,1390,12600,13990,중간,0.6,8
LG노트북,4620,9350,13970,높음,0.9,10
개미퇴치,1150,12800,13950,높음,0.9,10
현관도어락,1620,12300,13920,높음,0.9,10
대상포진예방접종가격,1690,12200,13890,높음,0.9,10
엔젤로보틱스주가,960,12900,13860,높음,0.9,3
회계사,2930,10900,13830,높음,0.9,10
캡슐커피머신,3120,10700,13820,중간,0.6,8
자동차리스,3000,10800,13800,높음,0.9,10
근로계약서양식,7280,6510,13790,높음,0.9,10
LTV,5480,8290,13770,높음,0.9,7
취득세,4450,9310,13760,높음,0.9,7
안마기,2160,11600,13760,높음,0.9,8
원두커피,3750,10000,13750,중간,0.6,8
아치슬리퍼,1820,11900,13720,높음,0.9,8
사업자등록증,8980,4730,13710,높음,0.9,10
주방후드교체,1610,12100,13710,중간,0.6,8
간이과세자기준,4970,8720,13690,높음,0.9,7
유심,2890,10800,13690,중간,0.6,8
입주청소비용,2090,11600,13690,높음,0.9,10
청약일정,4190,9470,13660,높음,0.9,10
위내시경,1960,11700,13660,높음,0.9,10
장례식장복장,1060,12600,13660,높음,0.9,10
중고냉장고,3320,10300,13620,중간,0.6,8
중고타이어,1600,12000,13600,높음,0.9,7
고어텍스운동화,2590,11000,13590,중간,0.6,8
랜선,5220,8350,13570,중간,0.6,8
게이밍모니터,5390,8160,13550,높음,0.9,10
아파트시세,3510,10000,13510,높음,0.9,10
배당금높은주식,2200,11300,13500,높음,0.9,10
연차개수,4350,9150,13500,높음,0.9,7
경추,3500,10000,13500,높음,0.9,7
재산세고지서,3090,10400,13490,높음,0.9,3
얼음정수기렌탈,2890,10600,13490,높음,0.9,10
스마트폰,5660,7830,13490,중간,0.6,8
장기요양보험,6270,7210,13480,높음,0.9,10
직방도어락,3070,10400,13470,중간,0.6,8
꿀알바,1950,11500,13450,중간,0.6,8
캠핑매트,2230,11200,13430,중간,0.6,8
음식물쓰레기봉투,1330,12100,13430,높음,0.9,10
체크카드추천,3120,10300,13420,높음,0.9,10
부동산양도세계산기,3730,9650,13380,낮음,0.3,0
캐피탈,2570,10800,13370,중간,0.6,8
퇴직금중간정산,3050,10300,13350,높음,0.9,10
카센타,650,12700,13350,높음,0.9,10
권고사직,3550,9760,13310,높음,0.9,10
부동산등기부등본열람,9110,4190,13300,높음,0.9,3
거실등,2890,10400,13290,중간,0.6,8
32인치모니터,6120,7160,13280,중간,0.6,8
종합건강검진,2260,11000,13260,높음,0.9,10
통돌이세탁기청소,1050,12200,13250,높음,0.9,10
싱그릭스,4120,9130,13250,높음,0.9,7
한국타이어가격표,1640,11600,13240,높음,0.9,10
게이트맨,3820,9400,13220,높음,0.9,10
TIGERETF,6040,7170,13210,중간,0.6,7
트레일러닝화,2690,10500,13190,높음,0.9,10
개업선물,2250,10900,13150,높음,0.9,10
캠핑용선풍기,2230,10900,13130,중간,0.6,8
퇴직연금수령방법,2410,10700,13110,높음,0.9,10
직수정수기,2290,10800,13090,높음,0.9,8
심장내과,1580,11500,13080,높음,0.9,10
콘티넨탈타이어,2080,11000,13080,높음,0.9,10
인턴,3080,9990,13070,높음,0.9,10
환급금조회,1760,11300,13060,높음,0.9,3
체크카드,2540,10500,13040,높음,0.9,9
일본여행준비물리스트,1830,11200,13030,높음,0.9,3
가디건,4240,8780,13020,높음,0.9,10
임대차계약서,6490,6490,12980,높음,0.9,10
가민포러너,2570,10400,12970,중간,0.6,8
타이어렌탈,7850,5120,12970,높음,0.9,10
소득세계산기,9200,3740,12940,높음,0.9,3
사모펀드,3640,9300,12940,높음,0.9,10
B형간염예방접종,2240,10700,12940,높음,0.9,10
1가구2주택세금,2110,10800,12910,높음,0.9,7
에스프레소,1810,11100,12910,높음,0.9,7
포괄임금제,3800,9070,12870,높음,0.9,10
일루마,1070,11800,12870,중간,0.6,7
슬라이딩도어,3410,9460,12870,중간,0.6,8
중국전기차,2060,10800,12860,높음,0.9,10
로봇ETF,4460,8400,12860,높음,0.9,10
전지가위,5450,7400,12850,중간,0.6,8
사무용책상,6450,6400,12850,높음,0.9,8
간병보험,2320,10500,12820,높음,0.9,10
롱원피스,1580,11200,12780,높음,0.9,10
타이어가격,1550,11200,12750,높음,0.9,10
지방세법,11400,1320,12720,높음,0.9,10
인터폰,2620,10100,12720,중간,0.6,8
제적등본,6060,6650,12710,중간,0.6,4
강남치과,2710,10000,12710,높음,0.9,10
반도체관련주,1680,11000,12680,높음,0.9,10
SPY,3660,9000,12660,중간,0.6,4
가다실9가남자,1280,11300,12580,높음,0.9,10
삼성태블릿,2180,10400,12580,중간,0.6,8
개인파산,1970,10600,12570,높음,0.9,10
연말정산,5810,6750,12560,높음,0.9,10
수유의자,1450,11100,12550,중간,0.6,8
인후통,1630,10900,12530,높음,0.9,10
임산부선물,2120,10400,12520,높음,0.9,10
전기온수기,3850,8660,12510,중간,0.6,8
고용산재,11800,700,12500,중간,0.6,3
오늘증권시세,200,12300,12500,높음,0.9,10
인버터제습기,2290,10200,12490,중간,0.6,8
부가세카드납부,4700,7780,12480,중간,0.6,3
토지이용계획확인원,8380,4100,12480,높음,0.9,9
무풍선풍기,1880,10600,12480,높음,0.9,8
냉감베개커버,1350,11100,12450,중간,0.6,8
천식증상,1140,11300,12440,높음,0.9,10
무선청소기추천,2340,10100,12440,중간,0.6,8
자동차검사비용,1870,10500,12370,높음,0.9,10
접이식선풍기,2160,10200,12360,중간,0.6,8
견적서양식,8840,3500,12340,높음,0.9,10
퇴직연금중도인출,2720,9610,12330,높음,0.9,3
로지텍무선마우스,5560,6760,12320,높음,0.9,10
조이카시트,1680,10600,12280,높음,0.9,8
기침멈추는법,560,11700,12260,높음,0.9,10
실비보험비교사이트,6050,6200,12250,높음,0.9,10
나방파리,1720,10500,12220,높음,0.9,10
콧물흡입기,1920,10300,12220,높음,0.9,9
제습기순위,1410,10800,12210,높음,0.9,10
중고차할부,2360,9850,12210,높음,0.9,10
아이패드키보드,2550,9660,12210,높음,0.9,8
재택부업,2600,9590,12190,높음,0.9,10
진로,2130,10000,12130,높음,0.9,10
골다공증주사,1330,10800,12130,높음,0.9,10
업소용청소기,3800,8320,12120,중간,0.6,8
음식짤순이,1120,11000,12120,높음,0.9,8
IRP계좌개설,2850,9240,12090,중간,0.6,8
신일BLDC선풍기,1480,10600,12080,중간,0.6,8
소형전기차,2460,9610,12070,높음,0.9,10
이자계산,3210,8860,12070,높음,0.9,3
자궁경부암예방접종,1150,10900,12050,높음,0.9,10
무선에어건,2040,10000,12040,높음,0.9,10
금값전망,1730,10300,12030,중간,0.6,7
인터넷설치,2460,9570,12030,높음,0.9,10
비야디,2350,9630,11980,중간,0.6,5
주택화재보험,3030,8940,11970,높음,0.9,10
업소용선풍기,2220,9720,11940,중간,0.6,8
은행금리비교,2020,9890,11910,중간,0.6,8
소득세계산법,4740,7150,11890,높음,0.9,7
창업,5660,6230,11890,높음,0.9,10
제습기전기세,1270,10600,11870,높음,0.9,10
해외여행준비물리스트,1270,10600,11870,중간,0.6,5
보관이사,3450,8400,11850,높음,0.9,10
치과보험,1440,10400,11840,높음,0.9,10
여성블라우스,2010,9830,11840,높음,0.9,10
러닝화계급도,2570,9270,11840,높음,0.9,7
식세기,1830,10000,11830,중간,0.6,8
서울대의자,2220,9610,11830,중간,0.6,8
산업용선풍기,3610,8220,11830,중간,0.6,8
월세보증금대출,2200,9610,11810,높음,0.9,10
계약갱신청구권,2520,9290,11810,높음,0.9,10
POE,6910,4900,11810,높음,0.9,10
국민건강검진,2280,9520,11800,높음,0.9,10
키높이운동화,1500,10300,11800,높음,0.9,10
말라리아,1910,9880,11790,중간,0.6,2
자금조달계획서,4470,7290,11760,높음,0.9,3
현대해상실비보험,2060,9670,11730,높음,0.9,10
신생아분유량,390,11300,11690,중간,0.6,2
타이어교체,2090,9580,11670,높음,0.9,10
대한민국헌법,4520,7140,11660,높음,0.9,3
산재처리방법,2320,9330,11650,높음,0.9,10
청년인턴,4510,7120,11630,높음,0.9,10
대상포진초기증상,930,10700,11630,높음,0.9,10
백옥주사,1850,9770,11620,높음,0.9,10
한일서큘레이터,920,10700,11620,높음,0.9,8
구강내과,1410,10200,11610,높음,0.9,10
인보이스,5570,6030,11600,높음,0.9,7
한문철블랙박스,1600,10000,11600,중간,0.6,8
그늘막텐트,2020,9570,11590,높음,0.9,8
건축법,10100,1490,11590,중간,0.6,3
여성운동화,1570,9990,11560,높음,0.9,10
키보드추천,4260,7300,11560,중간,0.6,8
다이렉트자동차보험비교,4010,7540,11550,높음,0.9,10
장례식장,2090,9440,11530,높음,0.9,10
전기파리채,2640,8880,11520,중간,0.6,8
확정일자,4590,6910,11500,높음,0.9,10
아이나비서비스센터,2330,9150,11480,높음,0.9,10
태반주사,2020,9450,11470,높음,0.9,10
ESS관련주,1520,9940,11460,높음,0.9,10
컴퓨터모니터,3600,7840,11440,중간,0.6,8
탁상용미니선풍기,1590,9840,11430,높음,0.9,8
장갑,4930,6500,11430,높음,0.9,10
방충망교체,1310,10100,11410,높음,0.9,10
주식분석,1420,9980,11400,높음,0.9,10
실비보험청구서류,690,10700,11390,높음,0.9,10
미니전기차,1540,9850,11390,높음,0.9,10
척추협착증,1460,9910,11370,높음,0.9,10
실비,1980,9380,11360,높음,0.9,10
위닉스공기청정기,1630,9720,11350,높음,0.9,8
국비지원,4060,7280,11340,높음,0.9,10
중형SUV,2870,8460,11330,높음,0.9,10
블루투스,2520,8810,11330,중간,0.6,8
싸이벡스제로나T,1130,10200,11330,중간,0.6,6
등본발급,9150,2180,11330,높음,0.9,10
전세대출이자계산기,3200,8120,11320,높음,0.9,1
청년창업지원금,3080,8220,11300,높음,0.9,10
스케일링,1580,9720,11300,높음,0.9,10
방수기저귀,980,10300,11280,중간,0.6,8
금ETF,3440,7830,11270,높음,0.9,10
HRD,6320,4940,11260,높음,0.9,10
배민상품권,1260,10000,11260,높음,0.9,10
월세세액공제,2140,9110,11250,높음,0.9,7
마른기침원인,740,10500,11240,높음,0.9,10
알뜰폰통신사,2820,8410,11230,높음,0.9,10
종합소득세환급일,1690,9520,11210,높음,0.9,10
미닉스미니건조기,1340,9870,11210,높음,0.9,8
2차전지ETF,2600,8600,11200,높음,0.9,10
한우선물세트,2500,8690,11190,높음,0.9,10
진드기퇴치제,1070,10100,11170,중간,0.6,8
퍼터,2300,8870,11170,높음,0.9,8
엘지얼음정수기,1190,9960,11150,높음,0.9,10
설사,1350,9790,11140,높음,0.9,10
대장내시경비용,1460,9680,11140,높음,0.9,10
앱솔루트산양,420,10700,11120,높음,0.9,7
캠프라인등산화,1750,9330,11080,높음,0.9,10
소형에어컨,1890,9160,11050,중간,0.6,8
전세자금대출한도,2210,8820,11030,높음,0.9,10
스트레스,3850,7170,11020,높음,0.9,10
방충망청소,1150,9870,11020,높음,0.9,10
트레일러닝,2180,8830,11010,높음,0.9,10
동영상플레이어,10000,1010,11010,높음,0.9,10
도로교통법,6520,4480,11000,중간,0.6,3
토스카드,2650,8320,10970,중간,0.6,7
운전면허필기시험문제,2240,8730,10970,높음,0.9,10
제습기10리터,1160,9790,10950,중간,0.6,8
장기요양보험공단,7620,3330,10950,중간,0.6,2
정속형에어컨,950,10000,10950,높음,0.9,10
층간소음,2240,8700,10940,높음,0.9,10
방화문,3780,7160,10940,높음,0.9,10
커버드콜ETF,3380,7550,10930,높음,0.9,7
담요,1960,8970,10930,중간,0.6,8
주택청약1순위조건,2110,8800,10910,중간,0.6,7
세금,3610,7300,10910,높음,0.9,10
실비청구서류,700,10200,10900,높음,0.9,10
월패드,1880,9000,10880,높음,0.9,10
현대중고차사이트,2370,8490,10860,높음,0.9,10
삼성화재운전자보험,3470,7380,10850,높음,0.9,9
물리치료,1270,9580,10850,높음,0.9,10
순성카시트,1130,9720,10850,중간,0.6,8
커피메이커,4640,6180,10820,높음,0.9,8
개모차,1630,9170,10800,중간,0.6,8
종신보험,2040,8750,10790,높음,0.9,10
기관지염증상,780,10000,10780,높음,0.9,10
날파리,1520,9250,10770,높음,0.9,10
취업정보사이트,3340,7420,10760,높음,0.9,10
비데렌탈,2190,8560,10750,높음,0.9,10
건축기사,4300,6440,10740,높음,0.9,10
골프용품,2900,7830,10730,높음,0.9,8
통상임금,4720,6000,10720,높음,0.9,7
싱크대수전교체,1320,9400,10720,높음,0.9,8
스텐찜기,1320,9390,10710,높음,0.9,10
전기차SUV,2560,8140,10700,높음,0.9,10
무선키보드마우스,9140,1560,10700,중간,0.6,8
전자시계,2000,8700,10700,높음,0.9,10
투인원에어컨,1400,9290,10690,중간,0.6,8
애플매장,1120,9560,10680,중간,0.6,5
지방계약법,9980,690,10670,높음,0.9,10
사랑니발치비용,1060,9610,10670,높음,0.9,10
경량안전화,2110,8540,10650,중간,0.6,8
다이치카시트,1470,9180,10650,높음,0.9,10
삼차신경통,1400,9240,10640,높음,0.9,10
종합소득세신고,3020,7590,10610,높음,0.9,10
토지이용계획,5860,4730,10590,높음,0.9,9
프랜차이즈,3750,6810,10560,높음,0.9,10
세면대수전교체,1400,9140,10540,중간,0.6,8
작은방에어컨,1170,9360,10530,중간,0.6,8
주택임대차신고,4830,5690,10520,중간,0.6,6
홍콩증시,2540,7960,10500,낮음,0.3,2
SKT알뜰요금제,2460,8000,10460,높음,0.9,10
간이과세자부가세,2700,7750,10450,높음,0.9,10
고용노동부퇴직금계산기,5910,4530,10440,중간,0.6,1
오카리나,1310,9130,10440,중간,0.6,8
KODEXETF,4560,5860,10420,낮음,0.3,1
독감,2090,8330,10420,높음,0.9,10
치과레진비용,920,9490,10410,높음,0.9,10
싱글매트리스,1260,9150,10410,중간,0.6,8
후방카메라,1820,8590,10410,중간,0.6,8
일루마분유,640,9740,10380,중간,0.6,7
디스펜서,2690,7670,10360,높음,0.9,10
좌골신경통,1700,8650,10350,높음,0.9,10
순환기내과,1290,9060,10350,높음,0.9,10
전자동커피머신,2220,8130,10350,중간,0.6,8
자물쇠,3370,6980,10350,중간,0.6,8
거북목,1790,8520,10310,높음,0.9,10
검사,1960,8340,10300,높음,0.9,3
절충형유모차,1490,8810,10300,높음,0.9,8
랜케이블,8930,1340,10270,중간,0.6,8
바퀴벌레퇴치법,470,9790,10260,높음,0.9,10
여름이불세트,1760,8500,10260,중간,0.6,8
대출상담사,2690,7530,10220,높음,0.9,10
단기여행자보험,2000,8200,10200,높음,0.9,10
신데렐라주사,1590,8610,10200,높음,0.9,10
씽크대수전,1580,8610,10190,중간,0.6,8
저신용자대출,1400,8780,10180,높음,0.9,10
충치치료비용,910,9270,10180,높음,0.9,10
아기세탁기,1300,8880,10180,높음,0.9,8
쿨링시트,2240,7940,10180,중간,0.6,8
의자추천,4280,5890,10170,중간,0.6,8
경리나라,8830,1340,10170,낮음,0.3,1
종합부동산세,3740,6420,10160,중간,0.6,3
재테크,3110,7050,10160,높음,0.9,10
모기약,2390,7770,10160,중간,0.6,8
자동차검사과태료,1670,8490,10160,높음,0.9,3
건강보험료조회,3650,6470,10120,높음,0.9,10
산양,1270,8850,10120,높음,0.9,10
샤워기수전,2250,7870,10120,중간,0.6,8
시공매트,1540,8560,10100,높음,0.9,10
법인세율,5790,4310,10100,높음,0.9,7
차박텐트,1830,8240,10070,중간,0.6,8
추나요법,1390,8660,10050,높음,0.9,10
써벨로S5,1500,8550,10050,중간,0.6,7
삼겹살에어프라이어,710,9330,10040,높음,0.9,10
등가운데통증,670,9360,10030,높음,0.9,10
장위자이레디언트,1760,8260,10020,높음,0.9,10
엉덩이통증,600,9420,10020,높음,0.9,10
욕실장,2710,7310,10020,높음,0.9,8
LED등,2980,7040,10020,높음,0.9,8
중고자동차,2900,7110,10010,높음,0.9,10
축농증증상,960,9020,9980,높음,0.9,10
LED거실등,1820,8160,9980,중간,0.6,8
KT알뜰폰요금제,2390,7570,9960,높음,0.9,10
방산관련주,1240,8710,9950,높음,0.9,10
미생물음식물처리,1280,8660,9940,높음,0.9,8
대부업체,1440,8480,9920,높음,0.9,10
그림그리기,1950,7970,9920,높음,0.9,3
캠핑에어매트,1550,8370,9920,높음,0.9,8
종부세계산기,2990,6910,9900,중간,0.6,4
수원베이비페어,1470,8430,9900,중간,0.6,5
대상포진주사,1030,8850,9880,높음,0.9,10
목디스크운동,1320,8550,9870,높음,0.9,10
다운라이트,3250,6600,9850,중간,0.6,8
국가자격증,3510,6330,9840,높음,0.9,10
IOT,4160,5680,9840,높음,0.9,10
증여세신고,4670,5160,9830,높음,0.9,10
암보험비갱신형,1470,8330,9800,높음,0.9,10
알레르기,1460,8340,9800,높음,0.9,10
재개발,3190,6600,9790,높음,0.9,10
SK온주가,900,8860,9760,높음,0.9,3
ETF추천,2650,7100,9750,높음,0.9,10
근로소득원천징수,4340,5410,9750,높음,0.9,3
일본여행자보험,1490,8250,9740,높음,0.9,10
중고,2450,7290,9740,높음,0.9,10
현관CCTV,1620,8120,9740,중간,0.6,8
대전신용보증재단,3930,5800,9730,낮음,0.3,1
전세보증보험가입,2340,7390,9730,높음,0.9,7
도수치료금액,1220,8500,9720,높음,0.9,10
로봇청소기추천,1940,7770,9710,중간,0.6,8
듀오백의자,2830,6880,9710,중간,0.6,8
음쓰처리기,1430,8240,9670,높음,0.9,8
급여명세서,4430,5230,9660,높음,0.9,10
SOXS주가,1280,8370,9650,높음,0.9,3
네비,2060,7590,9650,중간,0.6,8
욕실수전,1960,7670,9630,중간,0.6,8
비데구입,1120,8510,9630,높음,0.9,10
건설산업기본법,8840,780,9620,중간,0.6,3
빙수기계,1420,8200,9620,높음,0.9,8
지방간치료,860,8750,9610,높음,0.9,10
플러그인하이브리드,1880,7690,9570,높음,0.9,10
예금이자높은은행,1440,8110,9550,중간,0.6,4
목감기,3370,6180,9550,높음,0.9,10
알뜰폰비교,3020,6520,9540,높음,0.9,10
미국주식세금,1240,8290,9530,중간,0.6,4
부산글램핑,1200,8320,9520,높음,0.9,10
장례식절차,670,8850,9520,높음,0.9,10
바우처,2660,6850,9510,높음,0.9,10
전자칠판,4170,5330,9500,중간,0.6,8
바이오관련주,1440,8050,9490,높음,0.9,10
식탁의자커버,870,8610,9480,중간,0.6,8
가다실9가가격,900,8580,9480,높음,0.9,10
래미안안양메가트리아,1720,7740,9460,높음,0.9,10
골전도이어폰추천,1790,7670,9460,중간,0.6,8
컴퓨터가격,2280,7180,9460,높음,0.9,8
소득세,3550,5900,9450,높음,0.9,10
화상병원,680,8760,9440,높음,0.9,10
국민취업제도,3890,5520,9410,중간,0.6,3
강아지보험,870,8540,9410,높음,0.9,10
재활병원,1250,8160,9410,높음,0.9,10
벤츠코리아,4310,5080,9390,높음,0.9,10
7월공모주,3580,5800,9380,높음,0.9,7
비염,2040,7330,9370,중간,0.6,8
모기퇴치,1650,7660,9310,중간,0.6,8
필터샤워기,2190,7100,9290,높음,0.9,10
SKT알뜰폰,2220,7050,9270,높음,0.9,10
협착증,1130,8140,9270,높음,0.9,10
소상공인확인서,6640,2620,9260,높음,0.9,10
천장선풍기,1190,8060,9250,중간,0.6,8
무중력의자,1780,7460,9240,중간,0.6,8
부가세환급일,2660,6560,9220,중간,0.6,3
인견이불,1160,8060,9220,중간,0.6,8
DTI,3540,5680,9220,높음,0.9,7
MRI보험적용,810,8380,9190,높음,0.9,10
청소기추천,3990,5200,9190,높음,0.9,10
지문인식도어락,1800,7370,9170,중간,0.6,8
조약돌키보드,3070,6090,9160,중간,0.6,5
종합소득세세율,2880,6260,9140,높음,0.9,10
퇴직소득세계산기,4640,4490,9130,높음,0.9,3
자동차정기검사조회,2670,6450,9120,높음,0.9,10
정부지원대출,1390,7720,9110,중간,0.6,5
사대보험,4760,4350,9110,높음,0.9,10
내일배움카드자격,1760,7350,9110,높음,0.9,10
재채기,1710,7400,9110,높음,0.9,10
상조,2100,7010,9110,높음,0.9,10
종합병원,1300,7810,9110,높음,0.9,10
취업,3140,5960,9100,높음,0.9,10
무선써큘레이터,1260,7830,9090,중간,0.6,8
AI관련주,1810,7270,9080,높음,0.9,10
LED주방등,1470,7610,9080,중간,0.6,8
냉수매트,1650,7420,9070,중간,0.6,8
눈꽃빙수기계,1050,7990,9040,중간,0.6,8
포장이사비용,1960,7070,9030,높음,0.9,10
법무법인,2460,6560,9020,높음,0.9,10
BMWSUV,1490,7530,9020,높음,0.9,10
금융,2350,6670,9020,높음,0.9,10
블랙박스추천,2090,6920,9010,중간,0.6,8
롤매트,1570,7430,9000,높음,0.9,10
브라이텍스듀얼픽스,910,8090,9000,중간,0.6,6
코웨이침대렌탈,2110,6880,8990,높음,0.9,10
임차권등기명령,2590,6390,8980,높음,0.9,10
산재휴업급여,1500,7470,8970,높음,0.9,10
경동나비엔보일러,1230,7740,8970,높음,0.9,8
삼성충전기,1620,7350,8970,높음,0.9,10
발목통증,790,8170,8960,높음,0.9,10
아사이불,290,8670,8960,중간,0.6,8
살충제,2180,6760,8940,중간,0.6,8
세탁건조기일체형,1110,7830,8940,높음,0.9,7
하루살이,900,8030,8930,높음,0.9,7
소형세탁기,1490,7440,8930,중간,0.6,8
삼성모니터,3910,5020,8930,높음,0.9,10
재산세계산,2710,6210,8920,낮음,0.3,0
퇴직연금IRP,2050,6860,8910,높음,0.9,10
PC,2920,5970,8890,중간,0.6,8
부가세신고방법,3550,5330,8880,높음,0.9,10
100만원소액대출,890,7980,8870,높음,0.9,10
오토캐시백,2410,6460,8870,높음,0.9,10
삼성화재주택담보대출,2280,6590,8870,중간,0.6,3
런닝화계급도,1960,6910,8870,높음,0.9,7
지네퇴치약,900,7960,8860,높음,0.9,10
남성스니커즈,1960,6900,8860,높음,0.9,10
TIGERS&P500,3460,5390,8850,중간,0.6,3
중고차시세조회,1950,6890,8840,높음,0.9,10
인공지능,2740,6090,8830,높음,0.9,10
풍기인견이불,830,8000,8830,중간,0.6,8
채무통합대환대출,1450,7370,8820,높음,0.9,10
갑상선기능저하증증상,1420,7400,8820,높음,0.9,10
워킹화,3380,5440,8820,높음,0.9,10
확정일자받는법,2220,6580,8800,중간,0.6,8
에어프라이어삼겹살,780,8010,8790,높음,0.9,10
아르바이트,2860,5910,8770,높음,0.9,10
공기청정제습기,1090,7680,8770,중간,0.6,8
런닝화추천,1790,6980,8770,높음,0.9,7
청년전세자금대출,2070,6690,8760,높음,0.9,10
무풍에어컨,1290,7460,8750,중간,0.6,8
양도,2330,6410,8740,높음,0.9,10
전세대출조건,1580,7140,8720,높음,0.9,10
2차전지대장주,1380,7340,8720,높음,0.9,10
시어서커이불,1180,7540,8720,중간,0.6,8
24인치모니터,4320,4390,8710,중간,0.6,8
자동차종합검사,2030,6670,8700,높음,0.9,10
속도위반과태료,910,7790,8700,높음,0.9,3
포켓와이파이,2250,6450,8700,높음,0.9,10
자동차검사기간,1580,7110,8690,높음,0.9,7
토들러카시트,930,7760,8690,중간,0.6,8
트레킹,2130,6530,8660,높음,0.9,9
알리바바주가,1560,7090,8650,중간,0.6,6
목감기약,1010,7640,8650,높음,0.9,3
그린링크,8160,480,8640,중간,0.6,5
근로소득세,3370,5250,8620,높음,0.9,7
워치스트랩,1170,7450,8620,중간,0.6,8
운전자보험비교사이트,1300,7310,8610,높음,0.9,10
CMA금리비교,2280,6330,8610,중간,0.6,7
제스파안마의자,610,8000,8610,높음,0.9,8
자동차판매순위,2650,5950,8600,높음,0.9,10
부가세환급,2070,6520,8590,높음,0.9,10
샤워기세트,1400,7160,8560,중간,0.6,8
가민피닉스8,1490,7060,8550,높음,0.9,8
유라커피머신,1670,6880,8550,높음,0.9,10
원룸제습기,2030,6500,8530,중간,0.6,8
해외여행보험,1440,7090,8530,높음,0.9,10
내차시세조회,1080,7450,8530,높음,0.9,10
12대중과실,1620,6900,8520,높음,0.9,10
LG모니터,4350,4170,8520,높음,0.9,10
척추전방전위증,1160,7350,8510,높음,0.9,10
2종보통,870,7640,8510,높음,0.9,10
진공청소기,2120,6380,8500,높음,0.9,8
무선키보드마우스세트,4220,4280,8500,중간,0.6,8
양념통,1370,7120,8490,중간,0.6,8
복부초음파검사,500,7990,8490,높음,0.9,10
아파트대출,2190,6290,8480,높음,0.9,10
러닝화추천,1910,6570,8480,높음,0.9,10
화장실인테리어,1880,6600,8480,높음,0.9,10
갑상선검사,1090,7370,8460,높음,0.9,10
신용정보원,3970,4480,8450,중간,0.6,3
이사업체,2570,5880,8450,높음,0.9,10
안전벨트커버,1060,7390,8450,중간,0.6,8
내일배움카드사용법,2590,5840,8430,높음,0.9,10
대용량제습기,2820,5610,8430,중간,0.6,8
건강,2450,5980,8430,높음,0.9,10
라식,1560,6850,8410,높음,0.9,10
가정용모기퇴치기,1660,6740,8400,중간,0.6,8
호카본디,1400,6990,8390,높음,0.9,7
마우스추천,5080,3310,8390,중간,0.6,8
저소음선풍기,1480,6900,8380,중간,0.6,8
추간판탈출증,1590,6780,8370,높음,0.9,10
전기압력밥솥,1850,6520,8370,중간,0.6,8
포르쉐SUV,890,7470,8360,높음,0.9,10
창문에어컨,1440,6920,8360,중간,0.6,8
다이치원픽스360,670,7680,8350,중간,0.6,7
스타벅스커피,1250,7100,8350,높음,0.9,10
재택알바,2200,6140,8340,높음,0.9,10
퇴직금세금,2100,6240,8340,낮음,0.3,0
배당ETF,2600,5740,8340,높음,0.9,7
휴대폰공기계,1490,6850,8340,높음,0.9,10
전기차충전,1970,6350,8320,높음,0.9,10
백패킹텐트,1810,6500,8310,중간,0.6,8
시크카시트,840,7470,8310,높음,0.9,8
주택임대차보호법,4220,4080,8300,중간,0.6,3
산업재해조사표,6660,1620,8280,높음,0.9,10
세탁기10KG,1230,7030,8260,중간,0.6,8
벤큐모니터,2830,5430,8260,중간,0.6,8
일자목,1230,7020,8250,높음,0.9,10
에스프레소머신,1600,6650,8250,높음,0.9,8
양도소득세세율,1950,6280,8230,높음,0.9,10
원천징수,3580,4650,8230,높음,0.9,10
해외선물,1280,6950,8230,높음,0.9,10
광주베이비페어,840,7390,8230,중간,0.6,5
아파트분양,2610,5600,8210,높음,0.9,10
퍼즐매트,1480,6730,8210,중간,0.6,8
물먹는하마제습제,850,7360,8210,높음,0.9,8
에어컨2IN1,1580,6630,8210,중간,0.6,8
전기자동차,2580,5620,8200,높음,0.9,10
듀얼모니터,3410,4790,8200,중간,0.6,8
차박매트,2950,5240,8190,높음,0.9,8
기관지염,1100,7080,8180,높음,0.9,10
탁상선풍기,2490,5680,8170,높음,0.9,8
소형선풍기,1500,6670,8170,중간,0.6,8
조기재취업수당,2220,5940,8160,중간,0.6,2
자동차시트커버,1220,6930,8150,중간,0.6,8
전세대출금리,2590,5550,8140,높음,0.9,10
주방등,1750,6390,8140,높음,0.9,8
항셍지수,2780,5340,8120,높음,0.9,9
무좀치료,580,7540,8120,높음,0.9,10
싸이벡스레모,840,7280,8120,중간,0.6,7
아이폰이어폰,1340,6770,8110,중간,0.6,8
위내시경비용,870,7220,8090,높음,0.9,10
직장인건강검진,1750,6310,8060,높음,0.9,10
휴대용미니선풍기,760,7300,8060,높음,0.9,8
주담대대출,2220,5830,8050,높음,0.9,10
천기저귀,840,7190,8030,중간,0.6,8
커피머신렌탈,5570,2450,8020,높음,0.9,10
먼지다듬이퇴치,630,7380,8010,높음,0.9,8
사무실책상,3910,4090,8000,중간,0.6,8
매크로키보드,4530,3470,8000,중간,0.6,8
실손보험청구,980,7010,7990,높음,0.9,10
연막소독기,1540,6450,7990,중간,0.6,8
면직,2270,5700,7970,중간,0.6,2
공기청정기렌탈,1280,6690,7970,높음,0.9,10
소상공인폐업지원금,2270,5690,7960,높음,0.9,10
가정용제습기추천,1140,6820,7960,중간,0.6,8
이소가스,1420,6540,7960,높음,0.9,9
여행자보험추천,1410,6550,7960,높음,0.9,10
방산주,2140,5810,7950,높음,0.9,10
비지니스,2190,5760,7950,높음,0.9,10
몸살,3060,4890,7950,높음,0.9,7
백패킹,1930,6020,7950,높음,0.9,10
시건장치,3460,4490,7950,중간,0.6,8
라식라섹차이,1260,6680,7940,높음,0.9,3
4대보험요율,7030,890,7920,중간,0.6,3
홍삼스틱,3450,4470,7920,중간,0.6,8
만화캐릭터,960,6950,7910,높음,0.9,7
가정용포충기,1220,6690,7910,중간,0.6,8
실업급여이직확인서,2970,4940,7910,높음,0.9,3
모바일운전면허증발급,1830,6070,7900,중간,0.6,1
목감기빨리낫는법,760,7140,7900,높음,0.9,10
청약홈페이지,3320,4560,7880,높음,0.9,7
공부의자,1430,6450,7880,중간,0.6,8
A형간염예방접종,1540,6340,7880,높음,0.9,10
TPLINK,3280,4590,7870,높음,0.9,10
가수금,4140,3710,7850,높음,0.9,7
경정청구,2890,4960,7850,높음,0.9,10
전세사기,2650,5200,7850,높음,0.9,10
모기퇴치제,1600,6240,7840,높음,0.9,8
내차팔기,1720,6120,7840,높음,0.9,10
신입사원,1120,6710,7830,높음,0.9,9
해외주식양도소득세,1520,6290,7810,높음,0.9,10
폐렴초기증상,490,7320,7810,높음,0.9,7
채무자,2470,5340,7810,높음,0.9,10
싱크대음식물분쇄기,1270,6530,7800,높음,0.9,8
집청소업체,890,6900,7790,높음,0.9,10
드라이빙아이언,1560,6220,7780,중간,0.6,8
디에이치방배분양가,1380,6390,7770,높음,0.9,3
거래명세서양식,5800,1970,7770,높음,0.9,10
통신판매업신고,5110,2650,7760,중간,0.6,6
권고,3180,4560,7740,높음,0.9,1
벤츠EQS,1010,6730,7740,높음,0.9,10
액상분유,500,7210,7710,높음,0.9,8
공제회,4010,3690,7700,중간,0.6,2
인산철배터리,1560,6120,7680,중간,0.6,8
전세퇴거자금대출,1870,5800,7670,높음,0.9,10
실속보장치아보험,5060,2610,7670,높음,0.9,10
벤츠EQE,1030,6640,7670,높음,0.9,7
제습기렌탈,1470,6200,7670,높음,0.9,10
코웨이음식물처리기,960,6710,7670,높음,0.9,10
임금체불신고,1880,5780,7660,높음,0.9,10
5인미만사업장,1280,6380,7660,중간,0.6,2
개인연금저축,1760,5890,7650,높음,0.9,10
LG티비,1280,6370,7650,중간,0.6,8
키즈워치폰,980,6660,7640,중간,0.6,8
아파트전세대출,1920,5710,7630,높음,0.9,10
미니쿠퍼전기차,980,6640,7620,높음,0.9,10
데시벨측정기,710,6910,7620,높음,0.9,8
듀라론,1360,6260,7620,높음,0.9,8
트래킹화,1810,5800,7610,중간,0.6,8
무무스가드플러스,840,6750,7590,높음,0.9,8
견적서,4880,2700,7580,높음,0.9,10
KB운전자보험,2040,5530,7570,높음,0.9,10
비중격만곡증,1390,6180,7570,높음,0.9,10
간병인,1160,6400,7560,높음,0.9,10
부가세계산,4950,2600,7550,중간,0.6,1
블루투스마우스,2990,4550,7540,중간,0.6,8
상조회사,1460,6070,7530,높음,0.9,10
브라이텍스듀얼픽스프로,1090,6430,7520,중간,0.6,6
운전면허신체검사,860,6660,7520,높음,0.9,7
32인치,1870,5640,7510,중간,0.6,8
신용회복,1780,5720,7500,높음,0.9,10
빚탕감,1480,6020,7500,높음,0.9,10
과태료조회,4480,3000,7480,낮음,0.3,2
이파람에어컨,1290,6190,7480,중간,0.6,8
고구마에어프라이어,310,7170,7480,높음,0.9,10
주부대출,540,6920,7460,높음,0.9,10
상속세계산기,1840,5620,7460,높음,0.9,10
중소기업청년지원금,2510,4950,7460,높음,0.9,3
컴프레셔,2360,5080,7440,중간,0.6,8
스타리아캠핑카,1090,6350,7440,높음,0.9,10
앰프,1720,5710,7430,중간,0.6,8
저축은행금리,2100,5320,7420,높음,0.9,10
매트리스토퍼,1200,6210,7410,중간,0.6,8
부산휴대폰성지,2060,5340,7400,높음,0.9,10
알루미늄블라인드,1750,5650,7400,중간,0.6,8
천연가스선물,790,6600,7390,중간,0.6,4
청약조건,970,6410,7380,중간,0.6,2
냉감매트,1340,6040,7380,높음,0.9,9
온보딩,3750,3620,7370,높음,0.9,1
과일선물세트,1100,6240,7340,높음,0.9,10
간병비보험추천,800,6540,7340,높음,0.9,10
장애등급,1340,6000,7340,높음,0.9,10
신경차단술,1450,5890,7340,높음,0.9,10
목이물감,600,6740,7340,높음,0.9,10
반포장이사,1670,5670,7340,높음,0.9,10
에그유모차,910,6430,7340,높음,0.9,10
증여세신고방법,2610,4720,7330,높음,0.9,10
남자스니커즈,1710,5620,7330,중간,0.6,8
음식물쓰레기처리기,1850,5470,7320,중간,0.6,8
여행준비물,1590,5730,7320,높음,0.9,10
도어캠,890,6430,7320,높음,0.9,8
상가임대차보호법,3520,3770,7290,높음,0.9,10
제습,990,6300,7290,높음,0.9,8
휴대용파라솔,1420,5870,7290,높음,0.9,8
모달이불,1090,6200,7290,중간,0.6,8
파세코서큘레이터,790,6500,7290,높음,0.9,8
개인파산신청자격,1130,6150,7280,높음,0.9,10
고배당ETF,2100,5180,7280,높음,0.9,7
가래생기는이유,480,6800,7280,높음,0.9,10
영통베이비하우스,750,6530,7280,중간,0.6,3
업소용대형선풍기,1500,5760,7260,높음,0.9,8
잔금대출,2140,5110,7250,높음,0.9,10
순례주택,1440,5810,7250,중간,0.6,5
벼룩파리퇴치,1010,6240,7250,높음,0.9,8
헤이딜러제로,1720,5530,7250,낮음,0.3,1
국취제,2300,4940,7240,높음,0.9,3
로봇주,1820,5420,7240,높음,0.9,7
소형제습기,1460,5780,7240,중간,0.6,8
중고차매매사이트순위,1220,6020,7240,높음,0.9,10
부동산경매사이트,2880,4350,7230,높음,0.9,10
SK알뜰폰요금제,1280,5930,7210,높음,0.9,10
철망,2160,5040,7200,높음,0.9,8
전자모기향,1280,5910,7190,중간,0.6,8
인터넷속도테스트,4970,2220,7190,높음,0.9,7
멸균우유1000ML,1170,6020,7190,높음,0.9,8
대형SUV,1510,5670,7180,높음,0.9,10
디월트송풍기,1250,5930,7180,중간,0.6,8
목디스크치료방법,820,6360,7180,높음,0.9,10
열상,2320,4850,7170,높음,0.9,7
부천정형외과,930,6220,7150,높음,0.9,10
이불세트,1220,5930,7150,중간,0.6,8
아웃도어브랜드,1480,5670,7150,높음,0.9,10
대장용종,780,6360,7140,높음,0.9,10
정수기추천,1350,5790,7140,높음,0.9,10
양도소득세율,1950,5180,7130,높음,0.9,10
법원부동산경매,3080,4050,7130,높음,0.9,10
욕실거울,1680,5450,7130,중간,0.6,8
예방접종,1820,5300,7120,높음,0.9,10
솔리티도어락,1440,5680,7120,높음,0.9,8
대부업,1770,5340,7110,높음,0.9,10
새마을금고예금,1530,5580,7110,높음,0.9,3
종합소득세율,3210,3890,7100,높음,0.9,10
임플란트종류,960,6140,7100,높음,0.9,10
사전예약,1810,5290,7100,높음,0.9,9
실업급여신청기간,1470,5620,7090,높음,0.9,3
KODEX머니마켓액티브,2560,4510,7070,중간,0.6,1
양도세기본세율,1140,5920,7060,높음,0.9,7
미생물음식물처리기,1850,5210,7060,높음,0.9,10
루프탑텐트,1250,5810,7060,높음,0.9,10
타프추천,1150,5910,7060,중간,0.6,8
냉감패드추천,900,6160,7060,높음,0.9,8
소득세법,6290,760,7050,높음,0.9,3
부가세납부,3840,3200,7040,중간,0.6,3
음식물처리기추천,2290,4750,7040,중간,0.6,8
홍삼의효능,440,6600,7040,높음,0.9,10
트래킹,2080,4960,7040,높음,0.9,10
골프가방,1240,5780,7020,높음,0.9,10
애견미용학원,1050,5960,7010,높음,0.9,10
커스터마이징,2290,4720,7010,높음,0.9,10
만보기,740,6270,7010,높음,0.9,8
FAT,2490,4510,7000,높음,0.9,10
부동산시세,2660,4340,7000,높음,0.9,10
전기차중고,1600,5400,7000,높음,0.9,10
세탁기렌탈,2390,4610,7000,높음,0.9,10
캠핑준비물,2060,4940,7000,높음,0.9,9
근로소득세율,2490,4510,7000,높음,0.9,3
자취,1320,5670,6990,중간,0.6,8
실리카겔제습제,1550,5440,6990,높음,0.9,10
온열질환예방,3520,3460,6980,높음,0.9,7
회계사시험,1270,5690,6960,높음,0.9,10
EV,1540,5420,6960,높음,0.9,10
COFFEE,930,6030,6960,높음,0.9,10
대성셀틱보일러,920,6040,6960,중간,0.6,8
모기잡는법,300,6640,6940,높음,0.9,10
비염치료,1090,5850,6940,높음,0.9,10
이삿짐보관비용,1180,5760,6940,높음,0.9,10
모바일주민등록증,1080,5850,6930,높음,0.9,3
사잇돌대출,1130,5790,6920,중간,0.6,6
건강보험료계산,2760,4160,6920,높음,0.9,10
SOLETF,2660,4260,6920,낮음,0.3,2
파산신청,1070,5830,6900,높음,0.9,10
채무조정제도,890,6010,6900,높음,0.9,10
신용대출금리,2070,4830,6900,높음,0.9,10
트라이크유모차,530,6370,6900,높음,0.9,8
양악수술,870,6020,6890,높음,0.9,10
부가부비6,430,6460,6890,중간,0.6,8
대상포진주사가격,500,6380,6880,높음,0.9,10
포장이사견적비교,2700,4180,6880,높음,0.9,10
IX1,1480,5390,6870,높음,0.9,7
재건축절차,1450,5410,6860,높음,0.9,10
다이렉트보험,2220,4640,6860,높음,0.9,10
일시적1가구2주택,1480,5370,6850,높음,0.9,7
생명보험,1790,5030,6820,높음,0.9,10
바이오ETF,2540,4270,6810,높음,0.9,10
디스크,1600,5210,6810,높음,0.9,10
유아카시트,770,6040,6810,중간,0.6,8
가성비노트북,1910,4890,6800,중간,0.6,8
TAPO,2500,4300,6800,중간,0.6,7
셋톱박스,1150,5640,6790,높음,0.9,8
롤방충망,1740,5050,6790,중간,0.6,8
금호타이어가격표,760,6030,6790,높음,0.9,10
OJT,2700,4070,6770,높음,0.9,7
의료보험,2070,4690,6760,높음,0.9,10
샤오미제습기,1420,5340,6760,높음,0.9,8
MRI검사,540,6220,6760,높음,0.9,10
보국써큘레이터,680,6080,6760,높음,0.9,10
24인치,1830,4930,6760,낮음,0.3,2
후순위담보대출,1520,5230,6750,높음,0.9,10
DB손해보험다이렉트,3620,3120,6740,중간,0.6,6
무선이어폰추천,1470,5270,6740,높음,0.9,8
이차전지,1900,4830,6730,높음,0.9,10
아파트시세조회,1430,5300,6730,높음,0.9,10
낚시파라솔,960,5770,6730,높음,0.9,8
SPINE,1500,5230,6730,높음,0.9,10
홈캠추천,1170,5560,6730,높음,0.9,10
로지텍무선키보드,2680,4050,6730,높음,0.9,10
척추,1290,5430,6720,높음,0.9,10
어뉴골프백,700,6020,6720,중간,0.6,8
인두염,850,5860,6710,높음,0.9,3
화장실환풍기교체,1040,5670,6710,높음,0.9,10
PLC,3110,3590,6700,높음,0.9,10
밀레도어락,1360,5340,6700,중간,0.6,8
중소기업,3100,3590,6690,높음,0.9,10
특징주,3530,3140,6670,높음,0.9,9
대부대출,720,5940,6660,높음,0.9,10
엄마생일선물,650,6010,6660,높음,0.9,10
차량조회,1690,4960,6650,높음,0.9,10
여성가디건,3680,2960,6640,높음,0.9,10
쿨링패드,1280,5360,6640,중간,0.6,8
사료,1570,5070,6640,중간,0.6,8
코베아텐트,1070,5560,6630,높음,0.9,8
종합소득세환급,1080,5540,6620,높음,0.9,10
구직,1930,4690,6620,높음,0.9,10
무선송풍기,1350,5270,6620,중간,0.6,8
방범창,1630,4990,6620,중간,0.6,8
리퍼노트북,2000,4610,6610,높음,0.9,10
자동차보험비교견적사이트,4520,2080,6600,높음,0.9,10
목통증,700,5900,6600,높음,0.9,10
후비루,1310,5290,6600,높음,0.9,10
유리에어프라이어,990,5610,6600,높음,0.9,8
퇴직금계산방법,2100,4490,6590,중간,0.6,7
리안유모차,770,5820,6590,높음,0.9,8
아빠생일선물,500,6090,6590,높음,0.9,10
습도계,1630,4950,6580,중간,0.6,8
남자아쿠아슈즈,1000,5580,6580,높음,0.9,10
환갑선물,1120,5460,6580,높음,0.9,10
증여세율,2390,4180,6570,높음,0.9,10
부가세계산법,2400,4170,6570,중간,0.6,8
신생아카시트,1010,5560,6570,중간,0.6,8
소액생계비대출,660,5910,6570,중간,0.6,4
호파라,1070,5490,6560,높음,0.9,8
상호저축은행,1770,4780,6550,중간,0.6,6
삼성건조기21KG,600,5950,6550,중간,0.6,8
추나치료,850,5700,6550,높음,0.9,10
파업,1620,4920,6540,높음,0.9,3
커피캡슐,1340,5190,6530,중간,0.6,8
간병인비용,550,5980,6530,높음,0.9,10
아기유모차,640,5890,6530,중간,0.6,8
부스터카시트,770,5760,6530,중간,0.6,8
자동차관리법,5060,1460,6520,높음,0.9,10
전문직종류,840,5680,6520,중간,0.6,4
파지,1410,5110,6520,중간,0.6,8
알레르망여름이불,820,5690,6510,높음,0.9,8
사무실간식,3490,3020,6510,높음,0.9,10
휠얼라인먼트,710,5790,6500,높음,0.9,10
직업상담사2급시험일정,2150,4340,6490,높음,0.9,10
폐기종,1340,5150,6490,높음,0.9,10
유아매트,960,5520,6480,높음,0.9,8
세탁건조기,1370,5110,6480,높음,0.9,8
임플란트뼈이식,840,5640,6480,높음,0.9,10
늑간신경통,690,5790,6480,높음,0.9,7
보험금청구,730,5740,6470,높음,0.9,10
C형간염,1230,5240,6470,중간,0.6,4
식기세척기6인용,1060,5400,6460,중간,0.6,8
전기장판,1210,5250,6460,중간,0.6,8
창문,3190,3270,6460,높음,0.9,10
커넥티드블랙박스,2020,4430,6450,중간,0.6,8
4세대실손보험,840,5600,6440,높음,0.9,10
창문블라인드,1150,5280,6430,중간,0.6,8
모바일건강보험증발급,880,5540,6420,중간,0.6,3
파나소닉안마의자,1100,5310,6410,높음,0.9,8
이사비용,1800,4610,6410,높음,0.9,10
천가방,650,5750,6400,높음,0.9,10
4채널블랙박스,1220,5180,6400,중간,0.6,8
삼성인버터제습기,940,5450,6390,중간,0.6,8
중고차판매,1860,4530,6390,높음,0.9,10
홍삼진액,1110,5270,6380,중간,0.6,8
코막힘뚫는법,420,5960,6380,높음,0.9,10
브리즈문,1690,4680,6370,중간,0.6,6
힌지,2270,4100,6370,높음,0.9,8
정직,2010,4340,6350,높음,0.9,10
소니이어폰,1330,5020,6350,중간,0.6,8
세후계산기,2760,3590,6350,낮음,0.3,0
후비루증상,640,5710,6350,높음,0.9,10
캠핑자충매트,820,5520,6340,중간,0.6,8
쿨러,1430,4910,6340,중간,0.6,8
원전관련주,880,5450,6330,높음,0.9,9
간병인보험추천,1210,5120,6330,높음,0.9,10
전기자전거추천,1670,4640,6310,높음,0.9,10
골프하프백,1060,5250,6310,높음,0.9,8
페넬로페기저귀,300,6010,6310,중간,0.6,7
명도소송,2060,4240,6300,높음,0.9,10
보험설계사,1470,4820,6290,높음,0.9,10
횡단보도,1490,4800,6290,높음,0.9,1
충치,740,5550,6290,높음,0.9,10
일루마1단계,200,6080,6280,중간,0.6,6
간병인업체,690,5580,6270,높음,0.9,10
뉴나카시트,770,5500,6270,높음,0.9,7
한성모니터,2700,3570,6270,중간,0.6,7
캐릭터일러스트,510,5750,6260,높음,0.9,10
스마트워치추천,3160,3100,6260,중간,0.6,8
아파트누수보험,1120,5140,6260,높음,0.9,10
가족간차용증양식,3260,2990,6250,중간,0.6,7
가정용선풍기,1280,4970,6250,중간,0.6,8
커널형이어폰,1200,5040,6240,중간,0.6,8
마늘주사,1350,4890,6240,높음,0.9,10
파세코선풍기,680,5560,6240,중간,0.6,8
쌍둥이유모차,830,5410,6240,높음,0.9,8
아파트분양일정,1520,4710,6230,높음,0.9,10
포장이사업체,1600,4620,6220,높음,0.9,10
I4,1240,4960,6200,높음,0.9,10
로마로아이언,970,5230,6200,높음,0.9,8
신생아기저귀,730,5470,6200,중간,0.6,8
산양분유,690,5510,6200,중간,0.6,8
운전면허모의고사,1410,4790,6200,높음,0.9,10
미니오븐,1150,5050,6200,중간,0.6,8
과세표준,2000,4190,6190,높음,0.9,7
자동차검사소예약,1800,4390,6190,높음,0.9,10
폐가전수거,1590,4580,6170,높음,0.9,10
뉴나,1170,5000,6170,높음,0.9,9
임금피크제,1840,4320,6160,중간,0.6,3
전문직,1010,5150,6160,높음,0.9,9
주식차트,2410,3730,6140,높음,0.9,10
아이폰11,1170,4970,6140,높음,0.9,8
금선물,1720,4410,6130,높음,0.9,10
팥빙수기계,800,5330,6130,중간,0.6,8
데이터,1560,4560,6120,높음,0.9,10
매복사랑니,690,5430,6120,높음,0.9,10
유모차컵홀더,540,5580,6120,중간,0.6,8
세금납부,3330,2780,6110,높음,0.9,7
화장품ETF,2900,3210,6110,높음,0.9,3
신용회복중대출,590,5520,6110,높음,0.9,10
교통사고전문변호사,1390,4710,6100,높음,0.9,10
수냉식에어컨,1410,4690,6100,중간,0.6,8
선불유심,1100,4990,6090,높음,0.9,10
매트리스렌탈,2240,3840,6080,높음,0.9,10
롯데캐피탈신용대출,610,5460,6070,중간,0.6,8
스탠드선풍기,1470,4600,6070,중간,0.6,8
스팀에어프라이어,970,5100,6070,중간,0.6,8
코스닥신규상장종목,430,5630,6060,높음,0.9,3
아동복지법,3390,2670,6060,높음,0.9,10
여름침대패드,780,5280,6060,높음,0.9,8
RV차량,850,5190,6040,높음,0.9,10
음주수치,560,5480,6040,높음,0.9,10
크라운가격,550,5470,6020,높음,0.9,10
예비창업패키지,2170,3850,6020,높음,0.9,3
에어매트리스,1020,4990,6010,중간,0.6,8
폐,910,5100,6010,높음,0.9,7
미즈노아이언,1330,4680,6010,중간,0.6,8
블랙박스SD카드,1260,4740,6000,중간,0.6,7
글루타치온주사,860,5130,5990,높음,0.9,10
냉감이불세트,860,5130,5990,높음,0.9,8
상악동거상술,930,5040,5970,높음,0.9,10
스마트치과,430,5540,5970,높음,0.9,10
골프캐디백,1120,4850,5970,중간,0.6,8
임신선물,920,5050,5970,높음,0.9,10
신용정보조회,2410,3540,5950,높음,0.9,10
중고전기차,1440,4510,5950,높음,0.9,10
주식투자,3200,2750,5950,높음,0.9,10
누하스안마의자,630,5320,5950,중간,0.6,8
벤츠AMGGT43,750,5190,5940,높음,0.9,10
세탁기건조기세트,1090,4850,5940,중간,0.6,8
모니터추천,2970,2970,5940,중간,0.6,8
흡음재,2280,3650,5930,중간,0.6,8
대출한도,1470,4450,5920,높음,0.9,10
자동차종합검사비용,1080,4840,5920,높음,0.9,10
채무탕감제도,670,5240,5910,높음,0.9,7
디럭스유모차,920,4990,5910,높음,0.9,8
현대그린푸드채용,1660,4240,5900,높음,0.9,3
대법원경매사이트,3190,2710,5900,높음,0.9,10
침대메트리스,760,5140,5900,중간,0.6,8
병문안선물,720,5180,5900,높음,0.9,10
나비잠기저귀,310,5590,5900,높음,0.9,8
자본시장법,4970,920,5890,중간,0.6,3
대전정형외과,1400,4490,5890,높음,0.9,10
싸이모신알파1,780,5110,5890,높음,0.9,7
전등스위치,1410,4480,5890,높음,0.9,8
국산전기차,1420,4460,5880,높음,0.9,10
톤틴연금,950,4930,5880,중간,0.6,5
임플란트기간,820,5060,5880,높음,0.9,10
휴대용와이파이,960,4920,5880,높음,0.9,10
부동산시세조회,1490,4380,5870,높음,0.9,10
레이캠핑카,830,5040,5870,높음,0.9,10
틀니,960,4910,5870,높음,0.9,10
AI주식,1630,4230,5860,높음,0.9,9
체리키보드,2950,2910,5860,중간,0.6,8
펫보험비교,990,4860,5850,높음,0.9,10
전기차충전방법,970,4880,5850,높음,0.9,10
GRID,1810,4040,5850,높음,0.9,10
하루플란트치과,880,4960,5840,낮음,0.3,1
키보드자판,810,5030,5840,높음,0.9,8
STOVE,2320,3500,5820,낮음,0.3,0
가전제품,1450,4370,5820,중간,0.6,8
환경영향평가,4020,1790,5810,낮음,0.3,0
감기빨리낫는법,550,5260,5810,높음,0.9,10
연수기,1140,4670,5810,중간,0.6,8
부동산전문변호사,1610,4180,5790,높음,0.9,10
자동차검사조회,2040,3750,5790,높음,0.9,10
보아르제습기,820,4970,5790,중간,0.6,8
커피머신기,1130,4660,5790,높음,0.9,10
부동산매물,2070,3700,5770,높음,0.9,10
휴대폰성지시세표,1270,4500,5770,높음,0.9,7
중진공정책자금,4020,1740,5760,높음,0.9,10
소득공제용연금저축,1240,4510,5750,높음,0.9,10
캠핑화로대,1120,4630,5750,중간,0.6,8
가족장,1230,4520,5750,높음,0.9,10
부동산대출,1860,3880,5740,높음,0.9,10
중도상환수수료,1080,4660,5740,중간,0.6,5
해충퇴치기,1170,4570,5740,중간,0.6,8
폐기물관리법,4980,760,5740,중간,0.6,3
변기교체비용,680,5060,5740,높음,0.9,10
유모차쿨시트,500,5240,5740,중간,0.6,8
테팔무선청소기,660,5080,5740,높음,0.9,10
중고가구,1350,4390,5740,높음,0.9,10
1등급에어컨,800,4940,5740,높음,0.9,10
전세대출이자,1510,4220,5730,높음,0.9,10
메모리폼매트리스,1030,4700,5730,중간,0.6,8
태블릿추천,3110,2620,5730,중간,0.6,8
담보대출,1740,3980,5720,높음,0.9,10
여행자보험비교,1710,4010,5720,높음,0.9,10
이사견적,2970,2750,5720,높음,0.9,10
신규상장주,830,4880,5710,높음,0.9,10
월배당ETF,1540,4170,5710,높음,0.9,7
CCTV추천,1190,4520,5710,높음,0.9,10
과태료,2430,3270,5700,높음,0.9,7
공인노무사,1980,3710,5690,높음,0.9,10
테슬라전기차가격,460,5230,5690,높음,0.9,10
에어서큘레이터,1340,4350,5690,중간,0.6,8
냉온정수기,1130,4560,5690,높음,0.9,10
2차전지관련주,840,4840,5680,높음,0.9,10
건강보험료인상,2060,3610,5670,중간,0.6,3
이카리딘,960,4710,5670,중간,0.6,8
이브자리여름이불,580,5090,5670,높음,0.9,7
장례식,1010,4650,5660,높음,0.9,10
EV3보조금,910,4750,5660,높음,0.9,7
기사자격증,1970,3680,5650,높음,0.9,10
허리디스크치료,650,5000,5650,높음,0.9,10
폐가전방문수거,1090,4550,5640,높음,0.9,10
개미약,970,4670,5640,중간,0.6,8
세탁기추천,2910,2730,5640,높음,0.9,8
폐렴예방접종,640,5000,5640,높음,0.9,10
폼포라웨건,480,5150,5630,높음,0.9,8
MXMASTER3S,2780,2850,5630,높음,0.9,8
상속세율,1270,4350,5620,높음,0.9,10
내일배움카드사용처,1940,3680,5620,높음,0.9,10
9월손없는날,1280,4340,5620,높음,0.9,7
서큘레이터선풍기차이,970,4650,5620,높음,0.9,7
신용불량자대출,610,5000,5610,높음,0.9,10
상속포기,1470,4130,5600,높음,0.9,10
소진공,3020,2580,5600,중간,0.6,4
도로법,4850,750,5600,높음,0.9,10
자동커피머신,1070,4530,5600,중간,0.6,8
벽걸이에어컨설치비용,770,4820,5590,높음,0.9,10
실비보험가입,540,5040,5580,높음,0.9,10
선물옵션만기일,1050,4520,5570,중간,0.6,7
린백의자,1630,3940,5570,중간,0.6,8
국가건강검진병원,1050,4520,5570,높음,0.9,10
중고에어컨판매,760,4800,5560,높음,0.9,10
IRP세액공제,1230,4320,5550,높음,0.9,10
고용보험가입기간,1320,4230,5550,높음,0.9,3
전세권설정,1640,3910,5550,높음,0.9,10
LGU플러스알뜰폰,1270,4280,5550,높음,0.9,10
안락의자,1170,4380,5550,높음,0.9,8
싱크대수전셀프교체,750,4800,5550,중간,0.6,8
브라인드,970,4580,5550,중간,0.6,8
UV램프,1460,4080,5540,높음,0.9,10
폐CT,790,4750,5540,높음,0.9,10
라식비용,430,5110,5540,높음,0.9,10
TV다이,1230,4310,5540,중간,0.6,8
가정용커피머신,1250,4290,5540,높음,0.9,8
직장인대출,1420,4110,5530,높음,0.9,10
룸미러블랙박스,1160,4360,5520,중간,0.6,8
라지킹침대프레임,780,4710,5490,중간,0.6,8
풍기인견패드,560,4930,5490,중간,0.6,7
부가가치세신고방법,2580,2900,5480,높음,0.9,10
교통사고사실확인원,1860,3620,5480,높음,0.9,3
폴레드카시트,540,4940,5480,중간,0.6,8
첫차,2610,2860,5470,높음,0.9,10
특판예금,1200,4260,5460,높음,0.9,3
집에서하는부업,900,4550,5450,높음,0.9,10
정년퇴직,1090,4360,5450,높음,0.9,10
취업사이트,2790,2660,5450,높음,0.9,10
공인회계사,1570,3880,5450,높음,0.9,10
글라스에어프라이어,790,4660,5450,높음,0.9,8
중대재해,2920,2520,5440,높음,0.9,10
폐렴구균예방접종,830,4610,5440,높음,0.9,10
근로계약서미작성,630,4800,5430,높음,0.9,10
보라매SK뷰,930,4500,5430,중간,0.6,7
가정용제습기,1390,4040,5430,중간,0.6,8
가래,810,4620,5430,높음,0.9,10
줄즈,840,4590,5430,높음,0.9,7
LIG손해보험,1210,4210,5420,높음,0.9,10
탈지분유,910,4500,5410,중간,0.6,8
미니밥솥,820,4590,5410,중간,0.6,8
방범방충망,940,4470,5410,높음,0.9,10
전기차렌트,1070,4330,5400,높음,0.9,10
KT모바일요금제,1520,3880,5400,높음,0.9,10
어버이날,1130,4270,5400,높음,0.9,3
카카오손해보험,1140,4260,5400,높음,0.9,1
커피자판기,3050,2350,5400,중간,0.6,8
해고예고수당,1710,3680,5390,높음,0.9,10
강등,930,4450,5380,중간,0.6,2
건설안전기사필기,2210,3170,5380,높음,0.9,10
원천세,2980,2400,5380,중간,0.6,3
집담보대출,950,4420,5370,높음,0.9,10
물걸레로봇청소기,730,4640,5370,중간,0.6,8
골프티셔츠,730,4640,5370,중간,0.6,8
4K모니터,2240,3130,5370,중간,0.6,8
이사선물,1000,4370,5370,높음,0.9,10
프리랜서대출,930,4430,5360,높음,0.9,10
실비청구,700,4660,5360,높음,0.9,10
틀니가격,410,4950,5360,높음,0.9,10
코스피ETF,1850,3510,5360,높음,0.9,7
아기용품,990,4370,5360,높음,0.9,8
사회적기업,2810,2550,5360,높음,0.9,10
부모님생신선물,730,4630,5360,높음,0.9,10
원두커피머신,1310,4050,5360,높음,0.9,8
주유카드,1260,4090,5350,높음,0.9,10
종소세,1230,4120,5350,높음,0.9,10
교통사고합의금,930,4420,5350,높음,0.9,10
현대해상운전자보험,1330,4020,5350,높음,0.9,10
잇몸치료비용,660,4690,5350,높음,0.9,10
타이어교체비용,640,4710,5350,높음,0.9,10
운전면허학원비용,620,4710,5330,높음,0.9,10
일수,770,4550,5320,높음,0.9,10
경고,1250,4070,5320,중간,0.6,1
쿨링티슈,1270,4050,5320,높음,0.9,8
도배비용,800,4520,5320,높음,0.9,10
중고차매매,1790,3530,5320,높음,0.9,10
결혼선물,960,4360,5320,높음,0.9,10
주택담보대출고정금리,1450,3860,5310,높음,0.9,10
표준근로계약서,3680,1630,5310,높음,0.9,10
친환경자동차,860,4450,5310,높음,0.9,9
여성자켓,3500,1810,5310,높음,0.9,10
공업용대형선풍기,1420,3880,5300,높음,0.9,8
정리함,1370,3930,5300,중간,0.6,8
코골이,870,4420,5290,중간,0.6,8
운동화추천,950,4340,5290,높음,0.9,10
로지텍MXKEYS,1980,3310,5290,높음,0.9,10
1인용텐트,1040,4240,5280,중간,0.6,8
원룸에어컨,870,4410,5280,중간,0.6,8
개인신용대출,1170,4100,5270,높음,0.9,10
법인카드,2360,2910,5270,높음,0.9,10
행정절차법,4440,830,5270,높음,0.9,10
미즈노골프,1960,3300,5260,높음,0.9,10
태블릿키보드,3470,1790,5260,중간,0.6,8
무무스가드,890,4360,5250,중간,0.6,5
파산,1030,4210,5240,높음,0.9,10
실비보험청구,660,4580,5240,높음,0.9,10
임금체불,1600,3640,5240,높음,0.9,10
국가계약법,4660,580,5240,높음,0.9,10
치매보험,1150,4090,5240,높음,0.9,10
발지압,530,4700,5230,높음,0.9,9
차량용에어컨,640,4590,5230,중간,0.6,8
퇴직금IRP,1180,4040,5220,높음,0.9,10
빙수기,2440,2780,5220,중간,0.6,8
보드,1060,4160,5220,중간,0.6,8
법인세법,4760,450,5210,높음,0.9,10
알뜰요금제추천,1040,4170,5210,높음,0.9,10
문구사이트,1630,3580,5210,높음,0.9,10
교통사고한방병원,790,4420,5210,높음,0.9,10
사채,980,4220,5200,높음,0.9,10
연말정산소득공제,1380,3810,5190,높음,0.9,10
번호키도어락,720,4470,5190,높음,0.9,8
조세특례제한법,4190,990,5180,높음,0.9,10
도시및주거환경정비법,4230,950,5180,높음,0.9,10
코맥스도어락,860,4320,5180,높음,0.9,10
8월공모주일정,1040,4130,5170,중간,0.6,4
30대남자선물,930,4240,5170,높음,0.9,10
롯데제습기,820,4340,5160,중간,0.6,8
누전,1240,3920,5160,높음,0.9,10
상해보험,970,4180,5150,높음,0.9,10
전세묵시적갱신,950,4200,5150,높음,0.9,9
음주운전면허취소,1040,4110,5150,높음,0.9,10
TDAP예방접종,810,4340,5150,높음,0.9,3
나비엔,1600,3550,5150,중간,0.6,8
캐딜락리릭,900,4250,5150,높음,0.9,10
캠핑카가격,430,4710,5140,높음,0.9,10
스승의날,690,4450,5140,높음,0.9,10
하이패스미납요금납부,1040,4100,5140,낮음,0.3,1
증여세신고기한,1740,3390,5130,높음,0.9,3
서울아파트분양,1010,4120,5130,높음,0.9,10
휴대폰뽐뿌,1360,3770,5130,높음,0.9,10
미니실링팬,540,4580,5120,높음,0.9,8
코콤도어락,960,4160,5120,중간,0.6,8
양도세비과세조건,960,4150,5110,높음,0.9,7
선물세트,1590,3510,5100,높음,0.9,10
일용직4대보험,2310,2790,5100,높음,0.9,10
법인등기사항전부증명서,4390,710,5100,높음,0.9,7
연금저축보험,1230,3860,5090,높음,0.9,10
파주세무사,250,4840,5090,높음,0.9,10
퇴직연금해지,880,4210,5090,높음,0.9,3
캡스홈,1420,3670,5090,높음,0.9,9
아파트양도세계산기,1310,3770,5080,낮음,0.3,0
LG알뜰폰요금제,1280,3800,5080,높음,0.9,10
노란우산공제혜택,910,4170,5080,중간,0.6,4
은행대출,1300,3770,5070,높음,0.9,10
돈버는방법,810,4260,5070,높음,0.9,10
드레싱,940,4130,5070,높음,0.9,8
중고세탁기,1170,3900,5070,중간,0.6,8
비염수술,860,4200,5060,높음,0.9,10
업소용제습기,1760,3290,5050,중간,0.6,8
매트리스추천,1280,3770,5050,높음,0.9,10
만도블랙박스,1820,3230,5050,중간,0.6,8
펀드뜻,670,4370,5040,낮음,0.3,0
유니맥스선풍기,600,4440,5040,높음,0.9,8
무선서큘레이터,1050,3980,5030,중간,0.6,8
다이소모기퇴치기,660,4360,5020,높음,0.9,3
목에가래낀느낌,410,4610,5020,높음,0.9,10
에어프라이어요리,1030,3990,5020,높음,0.9,10
중소기업청년전세대출,1880,3130,5010,중간,0.6,2
음식물쓰레기,990,4020,5010,중간,0.6,8
등받이의자,900,4110,5010,중간,0.6,8
여름등산모자,700,4310,5010,높음,0.9,8
올인원세탁기,790,4210,5000,높음,0.9,8
정기예금특판,1100,3900,5000,중간,0.6,6
임플란트비용,890,4100,4990,높음,0.9,10
AUTOCAD,4310,680,4990,중간,0.6,8
접이식매트,810,4180,4990,중간,0.6,8
척추관협착증,1060,3930,4990,높음,0.9,10
이불브랜드,900,4090,4990,높음,0.9,10
부가가치세계산기,3190,1790,4980,높음,0.9,10
강아지사료등급,520,4460,4980,높음,0.9,10
물피도주,960,4010,4970,높음,0.9,10
AP,1550,3420,4970,높음,0.9,7
홈캠설치,480,4480,4960,높음,0.9,10
온수매트,1150,3790,4940,높음,0.9,8
주식차트보는법,1140,3790,4930,높음,0.9,10
트레킹샌들,940,3990,4930,중간,0.6,8
신혼부부선물,970,3960,4930,높음,0.9,10
코웨이매트리스렌탈,1820,3100,4920,높음,0.9,10
허리협착증증세,370,4550,4920,높음,0.9,10
종합건강검진비용,730,4190,4920,높음,0.9,10
송도내과,830,4090,4920,높음,0.9,10
공업용환풍기,1310,3610,4920,중간,0.6,8
SBI저축은행신용대출,500,4410,4910,낮음,0.3,1
일반건강검진,920,3990,4910,높음,0.9,10
양도소득세신고,2210,2690,4900,높음,0.9,10
EQA250,540,4360,4900,높음,0.9,9
트렁크매트,1120,3780,4900,중간,0.6,8
LTE라우터,1650,3250,4900,높음,0.9,10
갱신,1550,3340,4890,높음,0.9,10
거미퇴치제,720,4170,4890,중간,0.6,8
휴대용샤워기,790,4100,4890,중간,0.6,8
VAN,1080,3810,4890,높음,0.9,10
방충망보수,660,4230,4890,높음,0.9,8
재개발절차,1160,3720,4880,높음,0.9,10
MMR예방접종,890,3990,4880,높음,0.9,3
샤워필터,1020,3860,4880,높음,0.9,8
건설안전산업기사,1850,3020,4870,높음,0.9,10
장례식예절,480,4390,4870,높음,0.9,10
중소기업정책자금,3030,1830,4860,높음,0.9,10
허리디스크증세,360,4500,4860,높음,0.9,10
정년퇴직실업급여,1070,3780,4850,중간,0.6,2
정기적금,1250,3600,4850,높음,0.9,10
유럽여행준비물리스트,970,3880,4850,높음,0.9,10
주휴수당계산,1440,3400,4840,높음,0.9,10
베트남여행준비물,950,3890,4840,높음,0.9,10
알레르망냉감이불,440,4400,4840,높음,0.9,8
카시트통풍시트,420,4420,4840,중간,0.6,8
마이크로트라이크,440,4400,4840,중간,0.6,7
개인회생사건번호조회,1000,3830,4830,높음,0.9,3
공모주청약,1260,3570,4830,높음,0.9,10
신혼부부,1080,3750,4830,높음,0.9,9
생활비대출,720,4110,4830,높음,0.9,10
BIM,2490,2330,4820,높음,0.9,10
SUV전기차,1300,3520,4820,높음,0.9,10
제습기20리터,770,4050,4820,중간,0.6,8
베이직북,1450,3370,4820,중간,0.6,6
채용건강검진,980,3840,4820,높음,0.9,10
가정용전기차충전기,1100,3720,4820,중간,0.6,8
금융감독원채용,1690,3120,4810,중간,0.6,7
근저당권,1800,3010,4810,높음,0.9,7
프로스펙스런닝화,760,4040,4800,높음,0.9,10
키보드마우스세트,3010,1790,4800,중간,0.6,8
모델하우스,1000,3790,4790,높음,0.9,10
건강검진예약,1410,3380,4790,높음,0.9,10
이동식에어컨렌탈,1860,2920,4780,중간,0.6,7
미국월배당ETF,1340,3430,4770,높음,0.9,7
볼트업,1520,3250,4770,높음,0.9,3
턱관절치료병원,360,4400,4760,높음,0.9,10
이동식냉풍기,1070,3690,4760,높음,0.9,8
스마트모니터,1830,2930,4760,중간,0.6,8
직장내괴롭힘처벌,1050,3700,4750,높음,0.9,10
내일배움카드신청방법,1650,3100,4750,높음,0.9,10
무기계약직,1480,3260,4740,중간,0.6,8
캠핑용품점,310,4430,4740,높음,0.9,10
무면허운전처벌,1050,3690,4740,높음,0.9,10
축농증수술,720,4020,4740,높음,0.9,10
반도체장비주,700,4030,4730,높음,0.9,7
컴퓨터포맷하는법,1920,2810,4730,높음,0.9,10
금연클리닉,750,3980,4730,높음,0.9,10
뽐뿌휴대폰,950,3780,4730,높음,0.9,10
전세반환대출,830,3890,4720,높음,0.9,10
초과근무수당,1610,3110,4720,높음,0.9,10
산업공학과,800,3920,4720,높음,0.9,10
건강보험피부양자조건,1540,3180,4720,높음,0.9,3
아파트매매대출,1190,3520,4710,높음,0.9,10
개인회생대출,1460,3250,4710,높음,0.9,10
증여,1270,3440,4710,높음,0.9,10
비염약,590,4120,4710,높음,0.9,10
순성바구니카시트,350,4360,4710,중간,0.6,2
급여,1420,3280,4700,높음,0.9,10
인덱스펀드,870,3830,4700,높음,0.9,10
CONL주가,290,4410,4700,높음,0.9,3
소형건조기,1000,3700,4700,중간,0.6,8
PF,1970,2730,4700,높음,0.9,10
비상장주식거래소,1300,3390,4690,높음,0.9,10
알뜰요금제비교,1470,3220,4690,높음,0.9,10
텐키리스키보드,1560,3130,4690,중간,0.6,8
자판기,1580,3110,4690,높음,0.9,7
월세보증금담보대출,650,4030,4680,높음,0.9,10
노이즈캔슬링이어폰,970,3710,4680,중간,0.6,8
경량캠핑의자,700,3980,4680,중간,0.6,8
싸이벡스유모차,500,4180,4680,중간,0.6,8
자동차용품점,370,4310,4680,높음,0.9,10
전월세보증금대출,920,3750,4670,높음,0.9,10
에어컨중고,960,3700,4660,높음,0.9,10
연금저축세액공제한도,1120,3530,4650,높음,0.9,10
공기청정기추천,820,3830,4650,높음,0.9,10
변액보험,1190,3460,4650,높음,0.9,10
소자본창업,1350,3290,4640,높음,0.9,10
자동차SUV,1220,3420,4640,높음,0.9,10
실시간나스닥지수,260,4380,4640,높음,0.9,3
산림청채용,1070,3570,4640,낮음,0.3,2
수입중고차,890,3750,4640,높음,0.9,10
ASSURANCE,1400,3240,4640,낮음,0.3,2
서민금융지원센터,780,3850,4630,낮음,0.3,0
연체자대출,470,4150,4620,높음,0.9,10
스케일링보험,560,4060,4620,높음,0.9,10
야간수당계산기,880,3740,4620,높음,0.9,1
비대,670,3950,4620,높음,0.9,10
오픈형무선이어폰,1260,3350,4610,중간,0.6,8
타프스크린,790,3820,4610,중간,0.6,7
스마트카라음식물처리기,810,3800,4610,중간,0.6,8
아우디SUV,810,3790,4600,높음,0.9,10
부산명지,1100,3500,4600,높음,0.9,10
스탠드형에어컨,1010,3590,4600,중간,0.6,8
자동차정기검사비용,1000,3590,4590,높음,0.9,7
CENTURY,520,4070,4590,높음,0.9,1
전세보증보험가입조건,1310,3280,4590,높음,0.9,9
허리디스크수술,650,3940,4590,높음,0.9,10
층간소음해결방법,620,3960,4580,높음,0.9,10
강화도어손잡이,1940,2640,4580,중간,0.6,8
근로계약서미작성벌금,910,3660,4570,높음,0.9,10
무공해누리집,2730,1840,4570,중간,0.6,1
아파트잔금대출,910,3660,4570,높음,0.9,10
컴퓨터조립,1510,3050,4560,높음,0.9,10
로지텍MXMASTER3S,2050,2510,4560,높음,0.9,9
레오폴드키보드,1900,2660,4560,중간,0.6,6
신용회복위원회채무조정,780,3770,4550,높음,0.9,10
장례,910,3640,4550,높음,0.9,10
도시가스보일러,550,4000,4550,중간,0.6,8
아이언세트,890,3660,4550,높음,0.9,10
비데추천,2030,2520,4550,높음,0.9,10
퀸매트리스,830,3710,4540,중간,0.6,8
감기약,650,3890,4540,높음,0.9,10
혈액검사,640,3900,4540,높음,0.9,10
미니가습기,860,3680,4540,중간,0.6,8
네비게이션추천,680,3860,4540,높음,0.9,8
노무사상담,940,3590,4530,높음,0.9,10
R&D,2390,2140,4530,높음,0.9,10
부동산전망,1210,3320,4530,높음,0.9,10
2차전지전망,1000,3530,4530,높음,0.9,7
밥솥이유식,260,4270,4530,높음,0.9,7
화장실문교체,580,3950,4530,높음,0.9,10
간염,800,3720,4520,높음,0.9,10
포그네아기띠,360,4160,4520,중간,0.6,4
저렴한청소기,350,4170,4520,높음,0.9,8
삼성윈도우핏에어컨,670,3850,4520,중간,0.6,8
금리인하,1060,3450,4510,높음,0.9,10
수도꼭지교체,560,3950,4510,높음,0.9,10
전세계약갱신청구권,920,3580,4500,높음,0.9,10
전기모기퇴치기,910,3590,4500,높음,0.9,8
타워형선풍기,740,3760,4500,중간,0.6,8
천장형선풍기,980,3520,4500,중간,0.6,8
전세금반환대출,1010,3480,4490,높음,0.9,10
청주포장이사,770,3720,4490,높음,0.9,10
누수탐지업체,860,3630,4490,높음,0.9,10
허리디스크운동,750,3730,4480,높음,0.9,10
와이드모니터,2170,2310,4480,중간,0.6,8
청소기가격,1880,2600,4480,중간,0.6,8
충전식선풍기,660,3810,4470,중간,0.6,8
조소,730,3730,4460,높음,0.9,10
코펠,950,3510,4460,중간,0.6,8
전기차충전할인카드,1080,3380,4460,높음,0.9,10
다주택자양도세중과,1130,3320,4450,높음,0.9,10
코수술,850,3600,4450,높음,0.9,10
비염에좋은음식,500,3950,4450,높음,0.9,10
싸이벡스주니어카시트,390,4060,4450,중간,0.6,7
부동산담보대출,1680,2760,4440,높음,0.9,10
전세보증금반환대출,1180,3260,4440,높음,0.9,10
상도노빌리티,560,3880,4440,중간,0.6,8
강아지진드기퇴치제,420,4020,4440,높음,0.9,10
명품스카프,650,3790,4440,중간,0.6,8
간이사업자부가세신고,1430,3010,4440,중간,0.6,3
폐기물관리법시행규칙,4100,340,4440,높음,0.9,7
비중격만곡증수술,760,3680,4440,높음,0.9,10
퇴직금IRP계좌개설,1120,3310,4430,높음,0.9,7
휴대폰매장,520,3910,4430,높음,0.9,10
산재보상금,420,4010,4430,높음,0.9,10
타이어교체시기,720,3710,4430,높음,0.9,10
고용지원금,2340,2080,4420,높음,0.9,10
증여세기준,760,3660,4420,높음,0.9,7
산재처리기준,690,3730,4420,높음,0.9,10
기관지에좋은음식,390,4030,4420,높음,0.9,10
순간온수기,1210,3210,4420,중간,0.6,8
공유기추천,2500,1920,4420,중간,0.6,8
튜닝,1500,2910,4410,높음,0.9,10
무순위청약,1170,3240,4410,높음,0.9,10
소장,890,3520,4410,높음,0.9,10
파리끈끈이,970,3430,4400,중간,0.6,8
KB펫보험,980,3420,4400,중간,0.6,3
내차시세,740,3660,4400,높음,0.9,10
캠핑의자추천,740,3650,4390,중간,0.6,8
무선공유기,1450,2940,4390,중간,0.6,8
와이업,560,3830,4390,높음,0.9,3
콘센트교체,530,3860,4390,높음,0.9,10
손해보험,1590,2790,4380,높음,0.9,10
침대추천,1090,3290,4380,중간,0.6,8
캠핑샤워기,800,3580,4380,중간,0.6,8
EV3가격,510,3870,4380,높음,0.9,7
모니터가격,1940,2440,4380,높음,0.9,8
타이어종류,510,3870,4380,높음,0.9,10
체외충격파치료실비,710,3660,4370,높음,0.9,10
코성형,1260,3110,4370,높음,0.9,10
성장클리닉,510,3860,4370,높음,0.9,10
치아미백비용,430,3930,4360,높음,0.9,10
기아EV,870,3490,4360,높음,0.9,7
서민금융,1590,2770,4360,높음,0.9,10
테슬라DC콤보,780,3580,4360,높음,0.9,3
말벌퇴치,580,3770,4350,높음,0.9,8
백일해예방접종가격,500,3850,4350,높음,0.9,3
부가부폭스5,380,3970,4350,중간,0.6,8
삼성휴대폰가격,470,3880,4350,높음,0.9,7
롤스크린블라인드,680,3670,4350,중간,0.6,8
주택담보대출이자,1140,3200,4340,높음,0.9,10
연금저축펀드계좌,580,3760,4340,높음,0.9,7
호카클리프톤9,590,3750,4340,높음,0.9,7
사랑니발치통증,390,3940,4330,높음,0.9,10
포르페냉감패드,760,3570,4330,높음,0.9,8
미마유모차,440,3890,4330,중간,0.6,3
청년사업자대출,920,3400,4320,높음,0.9,3
릴렉스체어,1090,3230,4320,중간,0.6,8
민식이법,820,3500,4320,높음,0.9,7
와이파이에그,1090,3230,4320,높음,0.9,10
토지담보대출,1430,2880,4310,높음,0.9,10
쥐덫,920,3390,4310,중간,0.6,8
무타공도어락,1020,3290,4310,중간,0.6,8
퇴직연금ETF,1290,3010,4300,높음,0.9,10
국내ETF,800,3500,4300,높음,0.9,10
사무용노트북,1610,2690,4300,중간,0.6,8
세탁기가격,2270,2030,4300,높음,0.9,10
법인세,2050,2240,4290,높음,0.9,10
청년전용창업자금,1480,2810,4290,높음,0.9,10
퀀트투자,1130,3160,4290,중간,0.6,8
브로드밴드,2270,2020,4290,높음,0.9,10
PDRN주사,760,3530,4290,높음,0.9,10
심장초음파비용,380,3910,4290,높음,0.9,10
가성비태블릿,1070,3220,4290,중간,0.6,8
보험비교,1340,2940,4280,높음,0.9,10
공짜폰,940,3340,4280,높음,0.9,10
치아보험추천,710,3560,4270,높음,0.9,10
프레임워크,1810,2460,4270,높음,0.9,7
KSTARTUP,2820,1450,4270,높음,0.9,7
미니침대,430,3840,4270,중간,0.6,8
오토바이사고,750,3520,4270,높음,0.9,10
휴비스듀라론,530,3740,4270,높음,0.9,8
보네이도서큘레이터,670,3600,4270,중간,0.6,8
남자숄더백,810,3460,4270,높음,0.9,10
유선마우스,2140,2130,4270,중간,0.6,8
대우에어컨,580,3690,4270,높음,0.9,10
주택담보대출이자계산기,1150,3110,4260,높음,0.9,10
초소형전기차,770,3490,4260,높음,0.9,10
홍삼효능,450,3810,4260,높음,0.9,10
검단정형외과,880,3380,4260,높음,0.9,10
평택이사,230,4030,4260,높음,0.9,10
쿠쿠3인용밥솥,390,3870,4260,중간,0.6,8
타이어위치교환비용,660,3600,4260,높음,0.9,10
임플란트보험,410,3840,4250,높음,0.9,10
음식물처리기분쇄,700,3550,4250,중간,0.6,8
삼성노트북추천,800,3450,4250,중간,0.6,8
화목난로,940,3310,4250,중간,0.6,8
허리,540,3710,4250,높음,0.9,8
소득세율표,970,3270,4240,높음,0.9,10
SK뷰,1230,3010,4240,높음,0.9,9
KT알뜰폰고객센터,740,3500,4240,중간,0.6,8
종양표지자검사,880,3360,4240,중간,0.6,4
중고리스,1110,3130,4240,높음,0.9,10
할머니생신선물,500,3740,4240,높음,0.9,10
블랙박스메모리카드,780,3460,4240,중간,0.6,8
대장용종제거보험,330,3900,4230,높음,0.9,10
투자,1370,2860,4230,높음,0.9,10
화장품관련주,1000,3230,4230,높음,0.9,10
노트북비교,1920,2310,4230,높음,0.9,8
얼음선풍기,640,3590,4230,높음,0.9,8
고어텍스트레킹화,780,3450,4230,중간,0.6,8
비데설치,530,3700,4230,높음,0.9,8
벤츠EQA,700,3520,4220,높음,0.9,10
방역업체,850,3370,4220,높음,0.9,10
조류퇴치기,630,3590,4220,중간,0.6,8
파리채,950,3270,4220,중간,0.6,8
스카이라이프알뜰폰,1150,3070,4220,높음,0.9,10
갤럭시북4프로,1100,3120,4220,높음,0.9,7
냉각기,950,3270,4220,높음,0.9,10
모터,1170,3050,4220,높음,0.9,10
자동문,1980,2240,4220,높음,0.9,10
반자동커피머신,910,3290,4200,중간,0.6,8
양도소득세신고방법,1230,2960,4190,높음,0.9,10
6인용식기세척기,570,3620,4190,중간,0.6,8
부가세납부기간,1660,2530,4190,중간,0.6,3
해외여행자보험비교,810,3380,4190,높음,0.9,10
허리협착증치료,310,3880,4190,높음,0.9,10
전기차충전시간,540,3650,4190,높음,0.9,10
개인워크아웃조건,500,3680,4180,높음,0.9,10
긴급생계비대출,460,3720,4180,높음,0.9,10
듀라론쿨매트,470,3710,4180,높음,0.9,8
도이터,1350,2830,4180,높음,0.9,10
전세보증금담보대출,670,3500,4170,높음,0.9,10
P2P대출,1020,3150,4170,높음,0.9,10
도쿄크래프트,950,3220,4170,중간,0.6,4
BLDC써큘레이터,760,3410,4170,높음,0.9,8
코오롱등산화,730,3440,4170,높음,0.9,10
카시트보호매트,700,3470,4170,중간,0.6,8
차량용블랙박스,830,3340,4170,높음,0.9,9
채무조정,990,3170,4160,높음,0.9,10
법인,1220,2940,4160,높음,0.9,10
돈벌레퇴치,390,3770,4160,높음,0.9,10
인터넷가입사은품많이주는곳,1060,3100,4160,높음,0.9,10
욕실타일,880,3280,4160,높음,0.9,8
자석방충망,1050,3110,4160,높음,0.9,8
대학생대출,500,3650,4150,높음,0.9,10
3D모델링,1390,2760,4150,높음,0.9,10
소진공정책자금,1760,2390,4150,높음,0.9,7
사무실,1410,2740,4150,높음,0.9,10
정관장홍삼진고,390,3760,4150,높음,0.9,9
디지털온도계,1330,2820,4150,중간,0.6,8
6평에어컨,680,3470,4150,높음,0.9,9
수습기간해고,1120,3020,4140,높음,0.9,10
이카리딘모기기피제,560,3580,4140,높음,0.9,8
캠핑카렌트가격,340,3800,4140,높음,0.9,10
30대여자선물,730,3410,4140,높음,0.9,10
유니코도어락,600,3540,4140,중간,0.6,8
기간제근로자,1140,2990,4130,높음,0.9,9
목디스크원인,390,3740,4130,높음,0.9,10
중고모니터,1840,2290,4130,높음,0.9,10
미니압력밥솥,360,3770,4130,높음,0.9,8
도어락추천,800,3330,4130,중간,0.6,8
블랙박스보조배터리,1000,3130,4130,중간,0.6,8
세무조사,1340,2780,4120,높음,0.9,10
국가지원금,800,3320,4120,높음,0.9,10
간기능검사,590,3530,4120,높음,0.9,10
청년정책,2150,1960,4110,중간,0.6,1
교육과정,2060,2050,4110,높음,0.9,10
실내건축기능사,1340,2770,4110,높음,0.9,10
유심구매,620,3490,4110,높음,0.9,10
축농증치료,540,3570,4110,높음,0.9,10
듀라론냉감이불,520,3590,4110,높음,0.9,8
가정용에어컨,650,3460,4110,중간,0.6,8
코멕스,1380,2730,4110,높음,0.9,10
대구이비인후과,1160,2940,4100,높음,0.9,10
전세보증금반환보증,1200,2900,4100,높음,0.9,7
주택구입자금대출,930,3160,4090,높음,0.9,10
개인연금추천,790,3300,4090,높음,0.9,10
기침에좋은차,400,3690,4090,높음,0.9,7
리모컨선풍기,650,3440,4090,높음,0.9,8
실버크로스,620,3470,4090,높음,0.9,8
키즈워치,560,3530,4090,높음,0.9,10
세면대설치,510,3580,4090,높음,0.9,10
비급여실비보험,290,3790,4080,높음,0.9,10
매복사랑니발치,510,3570,4080,높음,0.9,10
자동차시트,820,3260,4080,높음,0.9,10
1세대실손보험,460,3610,4070,높음,0.9,10
우리은행채용,1770,2300,4070,높음,0.9,10
안전보건교육,2960,1110,4070,높음,0.9,10
임대차보호법,1160,2910,4070,높음,0.9,10
침대매트리스추천,770,3300,4070,높음,0.9,10
산재신청,1430,2640,4070,높음,0.9,10
건강검진병원,770,3300,4070,높음,0.9,10
전기충전소,340,3730,4070,높음,0.9,10
리안솔로,380,3690,4070,중간,0.6,7
힐스테이트송도더테라스,900,3160,4060,높음,0.9,9
자동차점검,970,3090,4060,높음,0.9,9
벌레퇴치제,820,3240,4060,중간,0.6,8
알뜰폰유심,1070,2990,4060,중간,0.6,8
음주운전사고,1040,3020,4060,높음,0.9,10
부비동,860,3200,4060,높음,0.9,7
고용촉진장려금,2090,1960,4050,높음,0.9,10
1등급제습기,650,3400,4050,중간,0.6,8
이삿짐보관,1050,3000,4050,높음,0.9,10
여성스니커즈,640,3400,4040,높음,0.9,10
휴대용키보드,1140,2900,4040,중간,0.6,8
SBI,1370,2660,4030,낮음,0.3,2
초파리퇴치,700,3330,4030,중간,0.6,8
청소기순위,210,3820,4030,높음,0.9,10
개인사업자부가세신고기간,1690,2340,4030,높음,0.9,10
2세대실손보험,480,3540,4020,높음,0.9,7
앞니임플란트,560,3460,4020,높음,0.9,10
라식라섹,630,3390,4020,높음,0.9,10
전기순간온수기,860,3160,4020,중간,0.6,8
1인용밥솥,580,3440,4020,중간,0.6,8
일용직,1090,2920,4010,높음,0.9,10
아기모기기피제,310,3700,4010,중간,0.6,8
렉타타프,920,3090,4010,중간,0.6,8
수액가격,340,3660,4000,높음,0.9,7
자동차타이어,670,3330,4000,높음,0.9,10
와이파이설치,350,3640,3990,높음,0.9,10
변호사상담,950,3040,3990,높음,0.9,10
교통사고병원,640,3350,3990,높음,0.9,10
턱관절,640,3350,3990,높음,0.9,10
FOX,480,3510,3990,낮음,0.3,0
시급계산,1600,2380,3980,낮음,0.3,0
텐트추천,500,3480,3980,중간,0.6,8
임금,1130,2840,3970,높음,0.9,9
중소기업지원금,1870,2100,3970,높음,0.9,10
살인진드기,410,3560,3970,높음,0.9,10
일자목교정,630,3340,3970,중간,0.6,8
방충망교체비용,580,3390,3970,높음,0.9,10
유리문도어락,1200,2770,3970,중간,0.6,8
더건강보험,1490,2470,3960,높음,0.9,10
권리금,910,3050,3960,높음,0.9,10
일체형세탁건조기,560,3400,3960,중간,0.6,8
롯데알미늄제습기,670,3290,3960,중간,0.6,8
여름캠핑,1000,2960,3960,높음,0.9,7
발편한신발,650,3300,3950,높음,0.9,10
분유추천,520,3430,3950,중간,0.6,8
변기수리,340,3610,3950,높음,0.9,10
지문도어락,780,3170,3950,높음,0.9,8
보증금대출,970,2970,3940,높음,0.9,10
연금계산기,850,3090,3940,높음,0.9,10
52주신고가,1130,2810,3940,중간,0.6,6
소음측정기,1380,2560,3940,중간,0.6,8
인터넷티비현금많이주는곳,660,3280,3940,높음,0.9,10
제습기1등급,530,3410,3940,높음,0.9,8
쿨링매트,780,3160,3940,중간,0.6,8
로지텍블루투스키보드,1150,2790,3940,중간,0.6,8
스마트카라블레이드X,590,3350,3940,높음,0.9,8
소상공인지원,1360,2570,3930,높음,0.9,10
디월트청소기,930,3000,3930,중간,0.6,8
저소음제습기,620,3310,3930,중간,0.6,8
면허정지벌점,330,3600,3930,높음,0.9,7
장례절차,670,3260,3930,높음,0.9,10
표준근로계약서양식,3030,890,3920,높음,0.9,10
전기차브랜드,350,3570,3920,높음,0.9,7
타이거ETF,1240,2680,3920,중간,0.6,7
학생의자,780,3140,3920,높음,0.9,8
기침,600,3320,3920,높음,0.9,10
신일대형선풍기,740,3180,3920,높음,0.9,8
썬팅가격,460,3460,3920,높음,0.9,10
소고기선물세트,670,3240,3910,높음,0.9,10
특수건강검진,1400,2510,3910,높음,0.9,10
국비지원카드,960,2940,3900,높음,0.9,10
창업박람회,1660,2240,3900,높음,0.9,10
계약,1170,2730,3900,높음,0.9,10
가정용노래방기계,460,3440,3900,높음,0.9,9
실손보험비교,960,2930,3890,높음,0.9,10
본동신동아,510,3380,3890,중간,0.6,1
자취필수템,1190,2700,3890,높음,0.9,10
3IN1에어컨,820,3070,3890,높음,0.9,10
생활안정자금,880,3000,3880,높음,0.9,10
NPL,1620,2260,3880,높음,0.9,10
중재,1120,2760,3880,높음,0.9,3
유병자실비보험,660,3220,3880,높음,0.9,10
강남역라식,230,3650,3880,높음,0.9,9
자전거추천,690,3190,3880,높음,0.9,8
타보트라이크,230,3650,3880,높음,0.9,3
커스텀키보드,1450,2430,3880,중간,0.6,8
문손잡이교체,540,3340,3880,높음,0.9,10
산재신청방법,1210,2660,3870,높음,0.9,10
가정용선풍기추천,720,3150,3870,높음,0.9,8
코브라수전,950,2920,3870,중간,0.6,8
사망신고서,650,3210,3860,중간,0.6,2
MMF,1400,2460,3860,중간,0.6,6
매트리스받침대,580,3280,3860,중간,0.6,8
후비루치료,480,3380,3860,높음,0.9,10
A형간염접종,430,3430,3860,높음,0.9,3
EV9보조금,540,3320,3860,높음,0.9,7
삼성테블릿,520,3340,3860,높음,0.9,9
국민은행채용,1680,2170,3850,중간,0.6,8
주식시장전망,490,3360,3850,높음,0.9,10
폐렴치료,330,3520,3850,높음,0.9,10
창고임대,990,2860,3850,높음,0.9,10
살로몬러닝화,440,3400,3840,높음,0.9,10
드립커피머신,680,3160,3840,중간,0.6,8
현관문도어클로저,610,3230,3840,중간,0.6,8
폐업,1070,2760,3830,높음,0.9,10
로보락S8,610,3220,3830,높음,0.9,8
채용검진,910,2920,3830,높음,0.9,10
유모차라이너,420,3410,3830,중간,0.6,8
베란다인테리어,550,3280,3830,높음,0.9,10
양도세신고기간,930,2890,3820,높음,0.9,7
전세자금대출금리,1160,2650,3810,높음,0.9,10
여행유튜버,730,3080,3810,높음,0.9,10
동탄청약,910,2900,3810,높음,0.9,10
창문형에어컨전기세,660,3150,3810,높음,0.9,7
신용대출한도,1060,2740,3800,높음,0.9,10
SKT브로드밴드,1150,2650,3800,높음,0.9,10
산업용청소기,1680,2120,3800,중간,0.6,8
라이넥,1400,2400,3800,높음,0.9,9
게임용컴퓨터,760,3040,3800,높음,0.9,8
세면기,1030,2770,3800,높음,0.9,8
화장실수전,840,2960,3800,중간,0.6,8
창업대출,880,2910,3790,높음,0.9,10
원천징수이행상황신고서,3080,710,3790,높음,0.9,7
음식물처리기렌탈,700,3080,3780,높음,0.9,10
인터넷티비,810,2970,3780,높음,0.9,10
습기,820,2960,3780,높음,0.9,10
전신마사지,320,3460,3780,높음,0.9,8
장애인복지법,2960,820,3780,높음,0.9,10
개사료,640,3140,3780,중간,0.6,8
삼성스마트모니터M7,760,3020,3780,높음,0.9,9
모기지론,730,3040,3770,높음,0.9,10
환급,1350,2420,3770,높음,0.9,10
할인,1160,2610,3770,높음,0.9,10
여름골프준비물,740,3030,3770,높음,0.9,7
식기세척기12인용,660,3110,3770,중간,0.6,8
하이프로틴유산균,140,3630,3770,낮음,0.3,2
금리높은예금,500,3270,3770,높음,0.9,10
알레르기비염,780,2990,3770,높음,0.9,10
생애주기별건강검진,540,3230,3770,높음,0.9,7
가정용전기차충전기설치,880,2890,3770,높음,0.9,10
인견패드,480,3290,3770,중간,0.6,8
상속재산분할,1080,2680,3760,높음,0.9,10
배당,1050,2710,3760,높음,0.9,7
개인형IRP,850,2910,3760,높음,0.9,10
임차권등기,1190,2570,3760,높음,0.9,10
열교환기,1380,2380,3760,높음,0.9,10
청년사업지원금,790,2960,3750,높음,0.9,3
주식실시간,630,3120,3750,높음,0.9,10
접이식키보드,1070,2680,3750,중간,0.6,8
1가구2주택양도소득세,750,2990,3740,높음,0.9,10
PEN,670,3070,3740,높음,0.9,7
눈이침침할때,460,3280,3740,높음,0.9,10
지르코니아크라운가격,500,3240,3740,높음,0.9,10
KB이륜차보험,390,3350,3740,중간,0.6,3
삼성생명주택담보대출,930,2800,3730,중간,0.6,5
일일운전자보험,330,3400,3730,높음,0.9,10
부동산양도소득세계산기,1270,2460,3730,낮음,0.3,0
냉선풍기,520,3210,3730,높음,0.9,8
손익계산서,1920,1800,3720,높음,0.9,7
금투자,780,2940,3720,높음,0.9,10
인버스ETF,1140,2580,3720,높음,0.9,10
비오는날이사,430,3290,3720,높음,0.9,10
도어클로져,1030,2690,3720,중간,0.6,8
씽크대음식물처리기,650,3060,3710,높음,0.9,8
싸이벡스클라우드T,460,3250,3710,높음,0.9,3
아이패드중고,970,2740,3710,높음,0.9,10
국민내일배움카드사용처,1300,2400,3700,중간,0.6,3
인천청약,1080,2620,3700,높음,0.9,10
컴퓨터의자추천,1150,2550,3700,중간,0.6,8
세면대교체,560,3140,3700,높음,0.9,8
임차보증금,1830,1860,3690,높음,0.9,3
자양동아파트,450,3240,3690,높음,0.9,10
알뜰폰사업자,1140,2550,3690,높음,0.9,10
알뜰폰개통,940,2750,3690,높음,0.9,10
간병보험추천,610,3080,3690,높음,0.9,10
일본여행필수품,740,2950,3690,중간,0.6,6
멤브레인키보드,1310,2380,3690,중간,0.6,8
DB손해보험운전자보험,590,3090,3680,높음,0.9,10
부동산취득세,1310,2370,3680,높음,0.9,10
재직자내일배움카드,1860,1820,3680,높음,0.9,10
온도조절기,1010,2670,3680,중간,0.6,8
무빈소장례비용,520,3160,3680,높음,0.9,10
냉온수기,1220,2460,3680,중간,0.6,8
현관문방충망,710,2970,3680,높음,0.9,8
블랙박스2채널,800,2880,3680,중간,0.6,8
국민배움내일카드,900,2770,3670,높음,0.9,7
서울숲힐스테이트,610,3060,3670,높음,0.9,10
매트리스사이즈,730,2940,3670,높음,0.9,10
국민연금일시금수령,460,3210,3670,높음,0.9,3
청소기비교,1530,2140,3670,높음,0.9,8
에어프라이어감자,340,3330,3670,높음,0.9,3
근로자퇴직급여보장법,2880,780,3660,높음,0.9,3
자동차검사유효기간,780,2880,3660,높음,0.9,3
알뜰폰무제한요금제,690,2970,3660,높음,0.9,10
전기차충전소찾기,1030,2630,3660,높음,0.9,7
전기자전거가격,490,3170,3660,높음,0.9,10
부동산양도세율,720,2930,3650,높음,0.9,3
세무회계,1440,2210,3650,높음,0.9,10
컨설턴트,1200,2450,3650,높음,0.9,10
바퀴벌레퇴치,580,3070,3650,높음,0.9,10
에어컨종류,480,3170,3650,높음,0.9,10
내신용점수조회,450,3190,3640,높음,0.9,7
인터넷공유기,1150,2490,3640,중간,0.6,8
썬팅농도,710,2930,3640,높음,0.9,10
대출상담사조회,1330,2300,3630,높음,0.9,10
유팡소독기,580,3050,3630,중간,0.6,6
교통사고변호사,780,2840,3620,높음,0.9,10
채권투자방법,650,2970,3620,높음,0.9,10
짐보관,560,3060,3620,높음,0.9,10
모니터비교,1590,2030,3620,높음,0.9,9
일본취업,980,2630,3610,높음,0.9,10
뺑소니처벌,420,3190,3610,높음,0.9,10
소유권이전등기,1020,2590,3610,높음,0.9,10
상속,1100,2500,3600,높음,0.9,10
휘센제습기,670,2930,3600,중간,0.6,8
주차장법,2770,830,3600,높음,0.9,3
침대쿨매트,450,3150,3600,높음,0.9,8
아이나비QXD1,990,2610,3600,높음,0.9,7
가정용음식물처리기,870,2720,3590,중간,0.6,8
LG이동형에어컨,790,2800,3590,높음,0.9,8
결혼기념일선물,780,2810,3590,높음,0.9,10
대부업대출,500,3080,3580,높음,0.9,10
청축키보드,1340,2240,3580,중간,0.6,8
친구결혼선물,530,3050,3580,높음,0.9,10
증여세계산,1070,2500,3570,높음,0.9,1
부당해고기준,690,2880,3570,높음,0.9,10
준대형SUV,860,2710,3570,높음,0.9,7
한강맨션,650,2920,3570,중간,0.6,8
이어폰추천,650,2920,3570,높음,0.9,9
다이어트환,780,2790,3570,높음,0.9,10
비세이프이지턴B,340,3230,3570,높음,0.9,3
전기차종류,840,2720,3560,높음,0.9,10
압구정재건축,750,2810,3560,높음,0.9,9
아파트담보대출금리,900,2650,3550,높음,0.9,10
TPU매트,710,2840,3550,중간,0.6,8
화랑곡나방,440,3110,3550,높음,0.9,10
KT5G요금제,660,2890,3550,높음,0.9,10
통돌이,740,2810,3550,높음,0.9,8
보일러교체비용,510,3040,3550,높음,0.9,10
2금융권대출,630,2910,3540,높음,0.9,10
고용노동부실업급여,1290,2250,3540,중간,0.6,1
펀드매니저,670,2870,3540,높음,0.9,10
급여명세서양식,2480,1060,3540,높음,0.9,10
여름차렵이불,590,2950,3540,중간,0.6,8
보험계약자변경,520,3010,3530,높음,0.9,7
취업정보,230,3300,3530,높음,0.9,10
무릎담요,810,2720,3530,중간,0.6,8
송도이비인후과,780,2750,3530,높음,0.9,9
창문형에어컨렌탈,540,2990,3530,높음,0.9,10
수동비데,680,2850,3530,중간,0.6,8
전동가위,660,2860,3520,높음,0.9,8
회의용의자,2560,960,3520,중간,0.6,8
간검사,290,3230,3520,높음,0.9,10
냉매트,490,3030,3520,중간,0.6,8
골프채종류,450,3070,3520,높음,0.9,10
러닝워치,760,2760,3520,높음,0.9,7
급전,450,3060,3510,높음,0.9,7
상속전문변호사,1640,1870,3510,높음,0.9,10
유플러스알뜰폰,1220,2290,3510,높음,0.9,10
여름이불패드,480,3030,3510,높음,0.9,8
실내용슬리퍼,2080,1430,3510,높음,0.9,10
자동차시트교체,440,3070,3510,높음,0.9,10
타이어수명,530,2980,3510,높음,0.9,10
증여신고,1910,1590,3500,높음,0.9,3
K-STARTUP,2800,700,3500,높음,0.9,9
자동차정기검사예약,1200,2300,3500,높음,0.9,10
추나요법가격,270,3230,3500,높음,0.9,10
노안라식,500,3000,3500,높음,0.9,10
자산운용사,1090,2400,3490,높음,0.9,10
벌레기피제,820,2670,3490,높음,0.9,8
캠핑타프,760,2730,3490,높음,0.9,8
어린이의자,1520,1970,3490,높음,0.9,8
저선량폐CT,600,2890,3490,높음,0.9,10
에어프라이어청소,330,3160,3490,높음,0.9,10
신재생에너지관련주,540,2940,3480,높음,0.9,10
건조기가격,1890,1590,3480,중간,0.6,8
부모님선물,720,2760,3480,높음,0.9,10
소득세계산,2540,940,3480,중간,0.6,1
임플란트통증,370,3110,3480,높음,0.9,10
누수탐지비용,670,2810,3480,높음,0.9,10
운동화브랜드,440,3040,3480,높음,0.9,10
유모차추천,390,3090,3480,높음,0.9,10
전기자전거순위,700,2780,3480,중간,0.6,8
등산샌들,660,2820,3480,높음,0.9,8
시어머니생신선물,490,2990,3480,높음,0.9,10
퇴직금세금계산기,1130,2340,3470,중간,0.6,3
부동산변호사,720,2750,3470,높음,0.9,10
BF인증,2300,1170,3470,높음,0.9,10
이삿짐,950,2520,3470,높음,0.9,10
중고PC,1690,1780,3470,높음,0.9,10
암보험비교,910,2550,3460,높음,0.9,10
4대보험계산,1890,1570,3460,높음,0.9,1
옷곰팡이제거,180,3280,3460,높음,0.9,10
도어락설치,580,2880,3460,높음,0.9,10
도어가드,800,2660,3460,높음,0.9,8
경락잔금대출,1150,2300,3450,높음,0.9,10
방역,1090,2360,3450,높음,0.9,10
ESIM개통,610,2840,3450,높음,0.9,10
아기카시트,460,2990,3450,높음,0.9,10
운전자보험이란,350,3090,3440,높음,0.9,10
치과크라운비용,390,3050,3440,높음,0.9,7
의류관리기,540,2900,3440,높음,0.9,8
바퀴달린의자,410,3030,3440,높음,0.9,8
하수도법,3150,290,3440,중간,0.6,1
자궁경부암주사,430,3010,3440,높음,0.9,10
완속충전기,870,2570,3440,높음,0.9,8
커브드모니터,1380,2060,3440,중간,0.6,8
대부업대출조회,320,3110,3430,높음,0.9,10
신용관리사,1450,1980,3430,높음,0.9,10
사업,1010,2420,3430,높음,0.9,10
나방파리퇴치,500,2930,3430,높음,0.9,10
기타소득세율,2010,1420,3430,중간,0.6,3
여름홑이불,380,3050,3430,높음,0.9,8
맥시코시카시트,370,3060,3430,중간,0.6,8
컴퓨터와이파이연결,470,2960,3430,높음,0.9,10
공시송달,1750,1680,3430,높음,0.9,7
개인회생신청,1040,2380,3420,높음,0.9,10
대출갈아타기,710,2710,3420,높음,0.9,10
자동차당일보험,120,3300,3420,높음,0.9,10
지네퇴치,430,2990,3420,높음,0.9,8
공업용제습기,1460,1960,3420,중간,0.6,8
방화문손잡이,1240,2180,3420,중간,0.6,8
실업급여계산,1330,2080,3410,높음,0.9,3
평촌푸르지오센트럴파크,830,2580,3410,낮음,0.3,2
업소용음식물처리기,1440,1970,3410,높음,0.9,10
월세보증보험,710,2700,3410,중간,0.6,6
이사견적비교사이트,1140,2270,3410,높음,0.9,10
여자등산화,430,2980,3410,중간,0.6,8
신생아변비,130,3280,3410,높음,0.9,10
OLED모니터,1060,2350,3410,중간,0.6,8
월급여계산기,1470,1930,3400,높음,0.9,10
영유아보육법,2830,570,3400,높음,0.9,10
블루필선풍기,270,3130,3400,높음,0.9,10
뉴나피파넥스트,380,3020,3400,높음,0.9,3
개인회생파산,960,2430,3390,높음,0.9,10
국세환급금,610,2780,3390,높음,0.9,9
수전교체,580,2810,3390,중간,0.6,8
앉은뱅이선풍기,620,2770,3390,높음,0.9,10
맥시코시,540,2850,3390,높음,0.9,8
KT기기변경,810,2580,3390,높음,0.9,10
자산관리사,980,2400,3380,높음,0.9,10
강남비상주사무실,690,2690,3380,높음,0.9,10
동양하루살이,400,2980,3380,중간,0.6,3
통신사변경,390,2990,3380,높음,0.9,10
제니퍼룸제습기,380,3000,3380,높음,0.9,8
실손보험청구서류,280,3090,3370,높음,0.9,10
운전자보험보상,360,3010,3370,높음,0.9,10
어린이치아보험,340,3030,3370,높음,0.9,10
종합부동산세계산기,1540,1830,3370,낮음,0.3,0
고용보험계산,1530,1840,3370,높음,0.9,3
카본런닝화,430,2940,3370,높음,0.9,7
킨즈웨건,350,3020,3370,높음,0.9,9
갤럭시태블릿,860,2510,3370,높음,0.9,8
욕실수전교체,410,2960,3370,높음,0.9,10
타이어마모한계선,500,2870,3370,중간,0.6,6
법인세중간예납,2670,690,3360,중간,0.6,5
원룸청소기,630,2730,3360,중간,0.6,8
창문형에어컨추천,820,2540,3360,중간,0.6,8
음식물냉장고,540,2820,3360,중간,0.6,8
당일대출,600,2750,3350,높음,0.9,10
흑석동아파트,340,3010,3350,높음,0.9,10
중국ETF,1310,2040,3350,높음,0.9,9
업무용노트북,2100,1250,3350,중간,0.6,8
신경성형술,590,2760,3350,높음,0.9,10
오스템임플란트가격,410,2940,3350,높음,0.9,10
척추측만증운동,430,2920,3350,높음,0.9,10
대상포진치료,440,2910,3350,높음,0.9,10
침구,840,2510,3350,중간,0.6,8
QHD모니터,1230,2120,3350,중간,0.6,8
농협화재보험,980,2370,3350,높음,0.9,3
샤워기교체,540,2810,3350,중간,0.6,8
피상속인,1360,1980,3340,높음,0.9,10
아기매트시공,390,2950,3340,중간,0.6,8
인천자동차검사소,600,2740,3340,높음,0.9,10
질권,1350,1990,3340,중간,0.6,3
파상풍예방접종,520,2820,3340,높음,0.9,10
하이패스미납,1140,2200,3340,낮음,0.3,1
욕실,700,2640,3340,높음,0.9,8
도어체크,1370,1970,3340,중간,0.6,8
산업안전기사필답형,940,2390,3330,높음,0.9,10
에너지관련주,460,2870,3330,높음,0.9,10
알뜰폰번호이동,780,2550,3330,높음,0.9,10
환경부전기차,1320,2010,3330,높음,0.9,9
아식스라이프워커,360,2970,3330,높음,0.9,8
계곡트레킹화,720,2610,3330,높음,0.9,8
상속세신고,970,2350,3320,높음,0.9,10
연금저축세액공제,830,2490,3320,높음,0.9,10
벤처기업인증,2700,620,3320,높음,0.9,10
수원자동차검사소,670,2650,3320,높음,0.9,10
징계,990,2320,3310,높음,0.9,10
황학동주방거리,480,2830,3310,높음,0.9,10
사망보험금,390,2920,3310,높음,0.9,10
비타민주사,520,2790,3310,높음,0.9,10
브라이텍스듀얼픽스2,300,3010,3310,중간,0.6,5
포인트키캡,1130,2180,3310,중간,0.6,8
창문형에어컨설치,750,2560,3310,높음,0.9,10
무료경매사이트,1710,1590,3300,높음,0.9,10
방음재,1190,2110,3300,중간,0.6,8
뛰뛰빵빵중고차,540,2760,3300,중간,0.6,2
50대여자선물,440,2860,3300,높음,0.9,10
건조기세탁기일체형,460,2830,3290,높음,0.9,8
탁상용서큘레이터,800,2490,3290,높음,0.9,7
벽걸이에어컨렌탈,440,2850,3290,높음,0.9,10
면책,1030,2250,3280,높음,0.9,10
전기안전관리자,1400,1880,3280,높음,0.9,10
HBM관련주,310,2970,3280,높음,0.9,3
SKBROADBAND,1030,2250,3280,높음,0.9,10
핸드폰개통,600,2680,3280,높음,0.9,10
스캇MTB,460,2820,3280,중간,0.6,8
음주면허취소,230,3040,3270,높음,0.9,10
후비루증후군,490,2780,3270,높음,0.9,10
입주청소전문,470,2800,3270,높음,0.9,10
골프클럽,710,2560,3270,높음,0.9,3
산업안전기사CBT,2000,1260,3260,높음,0.9,7
차량검사소,550,2710,3260,높음,0.9,10
내과병원,280,2980,3260,높음,0.9,10
2인용텐트,600,2660,3260,중간,0.6,8
신용불량자,440,2810,3250,높음,0.9,10
간이대지급금,1200,2050,3250,높음,0.9,7
국민내일배움카드신청방법,840,2410,3250,높음,0.9,3
포터전기차,520,2730,3250,높음,0.9,10
휴대폰개통,850,2400,3250,높음,0.9,10
돌아기우유,190,3060,3250,높음,0.9,7
베이비하우스영통,300,2950,3250,중간,0.6,4
알뜰폰요금제추천,880,2360,3240,높음,0.9,10
해외주식세금,560,2680,3240,높음,0.9,7
이엔셀주가,290,2940,3230,높음,0.9,3
소득공제,910,2310,3220,높음,0.9,10
오피스텔매매,720,2500,3220,높음,0.9,10
콧물멈추는법,310,2910,3220,높음,0.9,10
KT와이파이,530,2690,3220,높음,0.9,9
에어컨렌탈비용,280,2940,3220,높음,0.9,7
블라인드커튼,440,2780,3220,중간,0.6,8
2주택양도세,580,2630,3210,높음,0.9,7
권고사직위로금,810,2400,3210,높음,0.9,10
JAVA,2040,1170,3210,높음,0.9,10
여름매트,490,2720,3210,높음,0.9,8
미니키보드,1010,2200,3210,중간,0.6,8
스마트카라필터,420,2790,3210,중간,0.6,7
저축성연금보험,540,2660,3200,높음,0.9,10
드럼세탁기21KG,390,2810,3200,중간,0.6,8
삼륜전기자전거,540,2660,3200,높음,0.9,8
삼성테블릿PC,570,2630,3200,중간,0.6,8
자동차검사주기,730,2470,3200,높음,0.9,3
전동전지가위,710,2480,3190,높음,0.9,10
전기매트,840,2350,3190,높음,0.9,8
쿨패드,530,2660,3190,중간,0.6,8
선풍기리모컨,400,2790,3190,높음,0.9,9
책상선풍기,1110,2080,3190,중간,0.6,8
자동차커버,610,2580,3190,중간,0.6,8
산진라디오,780,2410,3190,중간,0.6,8
개인회생비용,550,2630,3180,높음,0.9,10
직업전문학교,790,2390,3180,높음,0.9,10
캠핑텐트,760,2420,3180,중간,0.6,8
백화점상품권,800,2380,3180,높음,0.9,10
비염증상,710,2470,3180,높음,0.9,10
잔기침원인,230,2950,3180,높음,0.9,10
아파트천장누수,340,2840,3180,높음,0.9,10
가열식가습기,910,2270,3180,중간,0.6,8
삼성화재실비보험,890,2280,3170,중간,0.6,8
시중은행금리,450,2720,3170,높음,0.9,10
공업용청소기,1040,2130,3170,중간,0.6,8
쉘터텐트,560,2610,3170,높음,0.9,8
낫싱,850,2320,3170,중간,0.6,8
종합보험,630,2540,3170,높음,0.9,10
엣지등,1030,2140,3170,중간,0.6,8
번호키,890,2280,3170,높음,0.9,10
기사회생,610,2550,3160,높음,0.9,10
경차전기차,610,2550,3160,높음,0.9,7
봉고EV,490,2670,3160,높음,0.9,10
허리강화운동,360,2800,3160,높음,0.9,10
탄소매트,850,2310,3160,중간,0.6,8
하이킹화,1820,1340,3160,높음,0.9,8
잉글레시나앱티카,350,2810,3160,중간,0.6,7
세면대하부장,790,2370,3160,높음,0.9,8
아파트현관문교체,310,2850,3160,높음,0.9,10
부비동염수술,480,2670,3150,높음,0.9,10
4대보험EDI,3090,60,3150,높음,0.9,3
주방수전교체,400,2750,3150,높음,0.9,10
커피머신추천,550,2600,3150,중간,0.6,8
주식하는법,480,2660,3140,높음,0.9,10
CJ올리브영채용,1030,2110,3140,높음,0.9,3
인터넷가입현금지원,670,2470,3140,높음,0.9,10
속옷세탁기,340,2800,3140,중간,0.6,8
단단한매트리스,1320,1820,3140,중간,0.6,8
사고후미조치,600,2540,3140,높음,0.9,10
음주,690,2450,3140,높음,0.9,10
장판시공,510,2630,3140,높음,0.9,10
수원입주청소,690,2450,3140,높음,0.9,10
에어프라이,640,2500,3140,중간,0.6,8
실비보험비갱신,350,2780,3130,높음,0.9,10
채권ETF,1100,2030,3130,높음,0.9,10
네이처하이크텐트,570,2560,3130,중간,0.6,8
삼성키보드,990,2140,3130,중간,0.6,8
중도금대출,1160,1970,3130,높음,0.9,10
기초생활수급자대출,320,2810,3130,높음,0.9,10
무인창업,720,2410,3130,높음,0.9,10
개인회생절차,730,2390,3120,높음,0.9,10
의료실비보험비교사이트,100,3020,3120,높음,0.9,10
세금환급,490,2630,3120,높음,0.9,10
비트코인ETF,760,2360,3120,높음,0.9,10
모바일주민등록증발급,770,2350,3120,중간,0.6,1
화장실제습제,570,2550,3120,중간,0.6,8
수면마취,350,2770,3120,높음,0.9,10
걸쇠,980,2140,3120,높음,0.9,8
법인세세율,1330,1780,3110,높음,0.9,7
고용노동부내일배움카드,1350,1760,3110,높음,0.9,10
BLENDER,2100,1010,3110,높음,0.9,10
토지보상법,2490,620,3110,높음,0.9,10
청주푸르미수영장,260,2850,3110,낮음,0.3,0
공기주입기,750,2360,3110,높음,0.9,8
비아핀에멀젼,420,2690,3110,중간,0.6,1
교통사고한의원,1180,1930,3110,높음,0.9,10
써큘레이터추천,570,2540,3110,높음,0.9,8
누수보험,900,2210,3110,높음,0.9,10
종합소득세과세표준,1130,1970,3100,높음,0.9,3
노동청임금체불,590,2510,3100,높음,0.9,7
THE건강보험,1320,1780,3100,높음,0.9,10
채권투자,810,2290,3100,높음,0.9,10
차박용품,790,2310,3100,중간,0.6,8
침구세트,680,2420,3100,높음,0.9,10
애견,350,2750,3100,높음,0.9,10
등기부등본발급방법,1310,1790,3100,높음,0.9,3
음식물처리기보조금,730,2370,3100,높음,0.9,7
씽크대수전교체,310,2790,3100,높음,0.9,10
블라인드설치,640,2460,3100,높음,0.9,7
토지거래허가,1350,1740,3090,높음,0.9,3
채용박람회,1950,1140,3090,높음,0.9,10
행복지원대출,360,2730,3090,높음,0.9,7
전기차지원금,940,2150,3090,높음,0.9,3
EQS,710,2380,3090,높음,0.9,10
SUV추천,1030,2060,3090,높음,0.9,10
상도동아파트,320,2770,3090,높음,0.9,10
빚쟁이,690,2400,3090,높음,0.9,10
무선청소기순위,540,2550,3090,중간,0.6,8
노동조합,1010,2070,3080,높음,0.9,10
기관지,500,2580,3080,높음,0.9,7
다이치주니어카시트,280,2800,3080,중간,0.6,7
일상생활배상책임보험,790,2290,3080,높음,0.9,10
5G,590,2480,3070,높음,0.9,10
침대슈퍼싱글사이즈,470,2600,3070,높음,0.9,10
고양이보험,320,2750,3070,높음,0.9,10
혈액투석,670,2400,3070,높음,0.9,10
스켈링비용,160,2910,3070,높음,0.9,10
내시경,750,2320,3070,높음,0.9,8
선풍기가격,160,2910,3070,높음,0.9,3
온도습도계,810,2260,3070,중간,0.6,8
펫캠,530,2540,3070,높음,0.9,8
욕실환풍기교체,430,2640,3070,높음,0.9,10
청년창업대출,960,2100,3060,높음,0.9,3
갤럭시S9,740,2320,3060,높음,0.9,10
캠핑용매트리스,1530,1530,3060,중간,0.6,8
성실신고대상자,1120,1940,3060,높음,0.9,7
부분도배,420,2640,3060,높음,0.9,10
신생아유모차,440,2620,3060,중간,0.6,8
초등학생스마트워치,350,2710,3060,중간,0.6,8
도어락고장,230,2830,3060,높음,0.9,10
사이다뱅크,1260,1790,3050,낮음,0.3,1
연금계좌,750,2300,3050,높음,0.9,10
건조기렌탈,430,2620,3050,높음,0.9,10
대용량가습기,600,2450,3050,중간,0.6,8
가습기추천,390,2660,3050,높음,0.9,8
파인뷰LX7,690,2360,3050,높음,0.9,7
운전자보험추천,710,2330,3040,높음,0.9,10
산재처리,900,2140,3040,높음,0.9,10
수원내과,380,2660,3040,높음,0.9,10
KTTV,720,2320,3040,높음,0.9,10
국민연금임의계속가입,820,2220,3040,높음,0.9,3
홈CCTV,670,2370,3040,높음,0.9,8
아파트후순위담보대출,1010,2020,3030,높음,0.9,10
연금저축펀드추천,620,2410,3030,높음,0.9,10
7월공모주청약일정,810,2220,3030,중간,0.6,4
캠핑용의자,540,2490,3030,중간,0.6,8
부가세가산세,1690,1340,3030,높음,0.9,3
냉각패드,440,2590,3030,높음,0.9,7
발바닥이아픈이유,150,2880,3030,높음,0.9,10
지역건강보험료조회,690,2340,3030,높음,0.9,3
해외취업,1050,1970,3020,높음,0.9,10
크라우드펀딩,1240,1780,3020,높음,0.9,10
부동산사이트,2000,1020,3020,높음,0.9,10
엘지알뜰폰,820,2200,3020,높음,0.9,10
국산선풍기,470,2550,3020,높음,0.9,8
아식스메타스피드,430,2590,3020,높음,0.9,7
전기스위치,680,2340,3020,중간,0.6,8
현관문안전고리,540,2470,3010,중간,0.6,8
창문방충망,610,2400,3010,높음,0.9,10
노동법,1340,1660,3000,높음,0.9,10
중소기업대출,1170,1830,3000,높음,0.9,10
소상공인철거지원금,860,2140,3000,높음,0.9,10
FUME,810,2190,3000,높음,0.9,3
퀸사이즈매트리스,630,2370,3000,중간,0.6,8
한화간병인보험,740,2260,3000,중간,0.6,8
자동차매매서류,750,2250,3000,높음,0.9,10
번호이동,850,2150,3000,높음,0.9,10
세금계산서양식,2400,590,2990,높음,0.9,10
연금저축계좌개설,650,2340,2990,높음,0.9,7
산업재해,1460,1530,2990,높음,0.9,10
배달앱순위,260,2730,2990,중간,0.6,8
전산응용건축제도기능사,1540,1450,2990,높음,0.9,10
사전청약,1210,1780,2990,중간,0.6,7
대형제습기,1010,1980,2990,중간,0.6,8
중고차가격,520,2470,2990,중간,0.6,8
전지분유,630,2360,2990,중간,0.6,8
강아지생식,280,2710,2990,높음,0.9,10
로지텍키보드마우스세트,1470,1520,2990,높음,0.9,10
현관롤방충망,530,2460,2990,중간,0.6,8
신용점수올리기,360,2620,2980,높음,0.9,10
벌레퇴치,550,2430,2980,높음,0.9,10
독서의자,500,2480,2980,중간,0.6,8
사대보험징수포털,2910,70,2980,중간,0.6,1
부비동염치료,390,2590,2980,높음,0.9,10
척추4번5번,280,2700,2980,높음,0.9,10
냉온정수기렌탈,650,2330,2980,높음,0.9,10
취업규칙,2110,860,2970,높음,0.9,10
공모주일정,1340,1630,2970,높음,0.9,10
주식정보,220,2750,2970,높음,0.9,10
산재장해등급,490,2480,2970,높음,0.9,10
바닥장판,690,2280,2970,중간,0.6,8
건설안전기사실기,970,1990,2960,높음,0.9,10
전기요금할인,580,2380,2960,높음,0.9,3
슈퍼싱글메트리스,360,2600,2960,중간,0.6,8
어린이보호구역,790,2170,2960,높음,0.9,3
물품보관소,190,2770,2960,높음,0.9,10
귀저기,550,2410,2960,높음,0.9,8
풍수해보험,970,1990,2960,높음,0.9,10
휴롬음식물처리기,590,2370,2960,높음,0.9,8
종합소득세신고기간,980,1970,2950,높음,0.9,10
공인회계사시험,1050,1900,2950,높음,0.9,10
제습기가격,260,2690,2950,높음,0.9,10
자세교정의자,680,2270,2950,중간,0.6,8
4대보험가입조건,1100,1850,2950,높음,0.9,3
벽걸이에어컨가격,290,2660,2950,높음,0.9,10
샤워기수전교체,440,2510,2950,중간,0.6,8
홈카메라,520,2430,2950,중간,0.6,8
무설정아파트론,550,2390,2940,높음,0.9,10
양도세신고,1390,1550,2940,높음,0.9,10
평가,1040,1900,2940,높음,0.9,1
휴대용모기퇴치기,610,2330,2940,높음,0.9,8
산업재해보상보험법,1980,960,2940,중간,0.6,3
춘천건강관리협회,620,2320,2940,낮음,0.3,1
전기차급속충전소,150,2790,2940,높음,0.9,7
시원한선풍기,410,2530,2940,높음,0.9,7
러닝시계,520,2420,2940,높음,0.9,10
오븐에어프라이어,440,2500,2940,중간,0.6,8
도어락교체,340,2600,2940,높음,0.9,10
현관모기장,410,2530,2940,중간,0.6,8
무직대출,380,2550,2930,높음,0.9,10
음식물처리기점유율1위,630,2300,2930,중간,0.6,8
파리트랩,620,2310,2930,중간,0.6,8
캠핑물통,560,2370,2930,중간,0.6,8
캠핑파라솔,510,2420,2930,중간,0.6,8
허리디스크협착증,260,2670,2930,높음,0.9,10
누수공사비용,360,2570,2930,높음,0.9,10
워치울트라,630,2300,2930,높음,0.9,8
모니터24인치,1320,1610,2930,중간,0.6,8
야간,620,2310,2930,중간,0.6,1
화장실세면대,570,2360,2930,중간,0.6,8
사잇돌2,460,2460,2920,중간,0.6,4
청약가점계산기,830,2090,2920,낮음,0.3,0
소음방지매트,490,2430,2920,중간,0.6,8
양수인,1140,1780,2920,낮음,0.3,0
미국여행준비물,610,2310,2920,높음,0.9,10
전기온수기50L,630,2290,2920,중간,0.6,8
개인사업자세금,640,2270,2910,높음,0.9,10
전기차리스,620,2290,2910,높음,0.9,10
KT핸드폰요금제,750,2160,2910,높음,0.9,9
제습기위닉스,380,2530,2910,중간,0.6,8
원룸제습기추천,590,2320,2910,중간,0.6,8
매트리스싱글,340,2570,2910,중간,0.6,8
바퀴의자,600,2310,2910,중간,0.6,8
허리근육강화운동,260,2650,2910,높음,0.9,7
극세사이불,480,2430,2910,높음,0.9,8
코끼리냉풍기,950,1960,2910,높음,0.9,8
골프용품쇼핑몰,800,2110,2910,높음,0.9,10
카시트커버,330,2580,2910,중간,0.6,8
욕실슬라이드장,640,2270,2910,높음,0.9,8
근로소득,1000,1900,2900,높음,0.9,7
건축기사카페,450,2450,2900,높음,0.9,3
호텔이불,520,2380,2900,높음,0.9,8
메쉬의자,1050,1850,2900,중간,0.6,8
근로장려금신청방법,480,2410,2890,중간,0.6,8
산업용환풍기,1000,1890,2890,중간,0.6,8
아이소픽스,400,2490,2890,높음,0.9,9
어린이날,1020,1870,2890,높음,0.9,3
푸드사이클러에코5,290,2600,2890,높음,0.9,8
표적항암치료비용,380,2500,2880,높음,0.9,10
호적등본,1030,1850,2880,높음,0.9,3
회귀분석,1190,1690,2880,낮음,0.3,0
전세보증보험비용,520,2360,2880,높음,0.9,7
목디스크치료,410,2470,2880,높음,0.9,10
후불제상조,690,2190,2880,높음,0.9,10
전기온수기100L,620,2260,2880,중간,0.6,8
도이터배낭,540,2340,2880,높음,0.9,10
기초수급자대출,250,2630,2880,높음,0.9,10
흑석아크로리버하임,480,2390,2870,중간,0.6,2
레이차박,540,2330,2870,높음,0.9,10
파라솔우산,370,2500,2870,높음,0.9,10
일용직퇴직금,690,2180,2870,높음,0.9,10
목이간지럽고기침,340,2530,2870,높음,0.9,10
당뇨병증상,440,2430,2870,높음,0.9,10
노발락,320,2550,2870,중간,0.6,5
저축은행대출,450,2410,2860,높음,0.9,10
나이스신용점수등급,380,2480,2860,높음,0.9,7
종합소득세계산기,1190,1670,2860,높음,0.9,10
하루살이퇴치법,220,2640,2860,높음,0.9,10
직배수로봇청소기,570,2290,2860,높음,0.9,8
건조기추천,1620,1240,2860,높음,0.9,8
지르코니아크라운,450,2410,2860,높음,0.9,10
대구보일러,340,2520,2860,높음,0.9,8
서큘레이터추천,650,2210,2860,높음,0.9,8
등산화추천,710,2150,2860,중간,0.6,8
종소세환급일,380,2480,2860,높음,0.9,3
정수기설치,490,2370,2860,높음,0.9,10
노무법인,1040,1810,2850,높음,0.9,10
여성러닝화,350,2500,2850,높음,0.9,10
오븐형에어프라이어,750,2100,2850,중간,0.6,8
에어프라이기추천,570,2280,2850,중간,0.6,8
AIG생명보험,700,2140,2840,높음,0.9,10
정부지원사업,1670,1170,2840,높음,0.9,10
즉시연금,320,2520,2840,높음,0.9,10
전자모기채,760,2080,2840,중간,0.6,8
유심교체,420,2420,2840,높음,0.9,10
나무전지가위,450,2390,2840,중간,0.6,8
매트리스퀸,380,2460,2840,중간,0.6,8
임플란트수술,360,2480,2840,높음,0.9,10
중대재해기준,930,1910,2840,높음,0.9,7
턱관절통증치료,320,2520,2840,높음,0.9,10
익스프레스뜻,140,2700,2840,낮음,0.3,0
GS차지비,1470,1370,2840,중간,0.6,3
유모카,310,2530,2840,높음,0.9,8
커플템,430,2410,2840,높음,0.9,10
SYNC도어락,310,2530,2840,높음,0.9,10
개인파산신청,460,2370,2830,높음,0.9,10
노무,1060,1770,2830,높음,0.9,10
전기보일러,810,2020,2830,높음,0.9,10
바르는모기약,380,2450,2830,높음,0.9,8
날벌레,390,2440,2830,높음,0.9,10
딜라이브인터넷,530,2300,2830,높음,0.9,10
국가검진,860,1970,2830,높음,0.9,7
발아치슬리퍼,350,2480,2830,중간,0.6,8
차량시트커버,460,2370,2830,높음,0.9,8
보험비교사이트,1170,1660,2830,높음,0.9,10
회생,880,1940,2820,높음,0.9,10
개인사업자폐업신고,1000,1820,2820,높음,0.9,3
개인사업자폐업지원금,700,2120,2820,높음,0.9,7
아파트실거래,1930,890,2820,높음,0.9,10
명지아파트,430,2390,2820,높음,0.9,10
음식물건조기,540,2280,2820,중간,0.6,8
캠핑폴딩박스,520,2300,2820,중간,0.6,8
자동차번호조회,780,2040,2820,높음,0.9,7
신생아분유추천,300,2520,2820,높음,0.9,10
강아지가수분해사료,320,2500,2820,중간,0.6,8
한경희음식물처리기,430,2390,2820,높음,0.9,8
문잠금장치,500,2320,2820,중간,0.6,8
블랙박스설치,440,2380,2820,중간,0.6,8
국민내일배움카드자격,860,1950,2810,높음,0.9,10
제주도여행자보험,560,2250,2810,높음,0.9,10
마른기침,360,2450,2810,높음,0.9,10
천장누수,570,2240,2810,높음,0.9,10
크로스오버모니터,1280,1530,2810,중간,0.6,8
가지급금,1750,1060,2810,높음,0.9,10
싱크대하부장냄새,330,2480,2810,높음,0.9,8
개인회생기간단축,530,2270,2800,높음,0.9,10
신협주택담보대출,560,2240,2800,높음,0.9,10
제빵학원,440,2360,2800,높음,0.9,10
모바일운전면허증등록,480,2320,2800,중간,0.6,1
목이부었을때,200,2600,2800,높음,0.9,10
원룸인테리어,1050,1750,2800,높음,0.9,10
욕조수전,710,2090,2800,높음,0.9,8
퇴직연금담보대출,680,2110,2790,높음,0.9,10
삼성화재실손보험,810,1980,2790,중간,0.6,8
고용노동부상담,610,2180,2790,중간,0.6,2
슈퍼싱글침대사이즈,630,2160,2790,높음,0.9,10
보증,570,2220,2790,높음,0.9,10
수면대장내시경비용,360,2430,2790,높음,0.9,10
게이밍키보드추천,1030,1760,2790,중간,0.6,8
세무사랑,2390,400,2790,높음,0.9,9
금호타이어렌탈,630,2160,2790,중간,0.6,4
취득세계산,1090,1690,2780,낮음,0.3,0
노트북중고,850,1930,2780,높음,0.9,10
퇴직연금계산기,1160,1620,2780,낮음,0.3,0
디지털온습도계,1100,1680,2780,중간,0.6,8
병원비환급,440,2340,2780,높음,0.9,7
에어후라이기,350,2430,2780,중간,0.6,8
푸시풀도어락,590,2190,2780,중간,0.6,8
주택자금대출,790,1980,2770,높음,0.9,10
산업기능요원,930,1840,2770,중간,0.6,5
화장실습기제거,470,2300,2770,높음,0.9,8
자동차보험가입증명서,1060,1710,2770,높음,0.9,10
삼성전자TV,690,2080,2770,높음,0.9,10
금주식,450,2310,2760,중간,0.6,7
차량정기검사,720,2040,2760,높음,0.9,10
진드기스프레이,410,2350,2760,중간,0.6,8
신한보험,900,1860,2760,높음,0.9,9
장애등급신청,500,2260,2760,높음,0.9,7
건강검진항목,360,2400,2760,높음,0.9,10
여름패드,420,2340,2760,높음,0.9,8
러닝용품,840,1920,2760,중간,0.6,8
싸이벡스솔루션T,240,2520,2760,중간,0.6,2
욕실파티션,610,2150,2760,중간,0.6,8
청년고용지원금,1280,1470,2750,높음,0.9,3
안전관리사,710,2040,2750,높음,0.9,10
포충등,1080,1670,2750,중간,0.6,8
간병인가격,210,2540,2750,높음,0.9,10
물피도주처벌,410,2340,2750,높음,0.9,10
기침가래,230,2520,2750,높음,0.9,10
낫싱폰,650,2100,2750,중간,0.6,6
애플키보드,890,1860,2750,중간,0.6,7
종소세세율,600,2140,2740,높음,0.9,10
반려견스타일리스트,310,2430,2740,높음,0.9,10
비상장주식,960,1780,2740,높음,0.9,10
미니노트북,590,2150,2740,중간,0.6,8
추석선물세트,1210,1530,2740,높음,0.9,10
할머니선물,420,2320,2740,높음,0.9,10
무보험차상해,670,2070,2740,높음,0.9,10
기침에좋은음식,270,2470,2740,높음,0.9,10
전기자전거배달,530,2210,2740,높음,0.9,10
스위칭허브,1340,1400,2740,중간,0.6,8
적축키보드,1140,1600,2740,높음,0.9,8
락프로도어락,410,2330,2740,높음,0.9,10
대지급금,820,1910,2730,중간,0.6,3
취업규칙신고,2520,210,2730,중간,0.6,7
재도전특별자금,790,1940,2730,높음,0.9,10
모기훈증기,530,2200,2730,높음,0.9,8
해변파라솔,540,2190,2730,높음,0.9,8
65세이상임플란트,470,2260,2730,높음,0.9,10
34인치모니터,1010,1720,2730,중간,0.6,8
도어락안열릴때,90,2640,2730,높음,0.9,10
원상복구,640,2080,2720,높음,0.9,10
알뜰폰개통방법,550,2170,2720,높음,0.9,10
의자브랜드,710,2010,2720,높음,0.9,10
앱솔루트궁,170,2550,2720,중간,0.6,7
스트레스DSR,1070,1650,2720,중간,0.6,4
2종운전면허,410,2310,2720,높음,0.9,10
갈릴레오,430,2290,2720,높음,0.9,3
문짝교체,350,2370,2720,높음,0.9,10
실비보험청구기간,370,2340,2710,높음,0.9,10
개인형퇴직연금IRP,560,2150,2710,높음,0.9,10
전기차가격,600,2110,2710,높음,0.9,10
ELF,750,1960,2710,높음,0.9,10
건강검진비용,640,2070,2710,높음,0.9,10
남자워킹화,690,2020,2710,높음,0.9,10
유선키보드,1240,1470,2710,높음,0.9,8
캐피탈대출,340,2360,2700,높음,0.9,10
월세대출,660,2040,2700,높음,0.9,10
운전자보험비교,830,1870,2700,높음,0.9,10
정부정책자금,840,1860,2700,높음,0.9,10
비와이디전기차,170,2530,2700,중간,0.6,6
초파리생기는이유,230,2470,2700,높음,0.9,10
제습제만들기,300,2400,2700,높음,0.9,10
에어써큘레이터,470,2230,2700,중간,0.6,8
애견유모차,360,2340,2700,중간,0.6,8
전세보증금대출,650,2040,2690,높음,0.9,10
메리츠치아보험,650,2040,2690,높음,0.9,10
포터EV,570,2120,2690,높음,0.9,10
삼성큐브공기청정기,380,2310,2690,높음,0.9,8
급여계산,1400,1290,2690,높음,0.9,10
전기밥솥6인용,260,2430,2690,중간,0.6,8
개인돈대출,260,2420,2680,높음,0.9,10
BMW미니전기차,380,2300,2680,높음,0.9,10
에어컨전기요금,290,2390,2680,높음,0.9,3
메시마에프,310,2370,2680,중간,0.6,6
10월손없는날,630,2050,2680,높음,0.9,7
아기선풍기,320,2360,2680,중간,0.6,8
EQB,600,2070,2670,높음,0.9,10
미국증시시간,430,2240,2670,높음,0.9,10
인터넷TV,770,1900,2670,높음,0.9,10
노트북사양보는법,890,1780,2670,높음,0.9,9
드럼세탁기15KG,380,2290,2670,높음,0.9,8
에어텐트추천,470,2200,2670,높음,0.9,10
축농증원인,240,2430,2670,높음,0.9,10
치아크라운가격,280,2390,2670,높음,0.9,10
포장이사견적,1550,1120,2670,높음,0.9,10
양도세계산,830,1830,2660,높음,0.9,7
세금환급금조회,510,2150,2660,높음,0.9,7
국비지원종류,530,2130,2660,높음,0.9,10
장외주식거래,450,2210,2660,높음,0.9,10
물품보관함,570,2090,2660,높음,0.9,10
나이스차저,870,1790,2660,낮음,0.3,0
미니모니터,970,1690,2660,높음,0.9,10
아이패드프로4세대,410,2250,2660,높음,0.9,10
중고벽걸이에어컨,580,2080,2660,높음,0.9,10
이동식에어컨대여,810,1850,2660,높음,0.9,7
자동차보험료비교,1150,1500,2650,높음,0.9,10
기아카니발하이브리드,360,2290,2650,높음,0.9,10
EQE,630,2020,2650,높음,0.9,7
카카오페이주식,680,1970,2650,높음,0.9,3
고추담배나방,240,2410,2650,높음,0.9,3
캠핑용품대여,680,1970,2650,높음,0.9,10
민사변호사,430,2220,2650,높음,0.9,10
거주청소,510,2140,2650,높음,0.9,10
WEDGE,750,1900,2650,중간,0.6,1
군화,450,2200,2650,중간,0.6,8
실내에어컨,450,2200,2650,높음,0.9,8
차량블랙박스,490,2160,2650,중간,0.6,8
대부업체조회,630,2010,2640,높음,0.9,10
전월세대출,820,1820,2640,높음,0.9,10
스팀물걸레청소기,460,2180,2640,중간,0.6,8
안마의자추천,450,2190,2640,높음,0.9,10
한우세트,540,2100,2640,중간,0.6,8
빌트인식기세척기,1040,1600,2640,높음,0.9,8
슈퍼싱글매트리스사이즈,540,2100,2640,중간,0.6,8
냉감침대패드,380,2260,2640,높음,0.9,8
셋탑박스,580,2060,2640,높음,0.9,10
사무용키보드,1420,1220,2640,높음,0.9,8
DSR40%,630,2010,2640,중간,0.6,3
건축물대장인터넷발급,2250,390,2640,높음,0.9,3
버티칼블라인드,320,2320,2640,높음,0.9,10
전기전자공학과,370,2260,2630,높음,0.9,10
컴퓨터자격증종류,540,2090,2630,높음,0.9,10
쥐퇴치,380,2250,2630,높음,0.9,10
습기제거,470,2160,2630,높음,0.9,8
호텔침대,600,2030,2630,중간,0.6,8
조용한선풍기,370,2260,2630,높음,0.9,8
천정형선풍기,630,2000,2630,높음,0.9,10
키보드스위치,1150,1480,2630,중간,0.6,8
보험청구서류,220,2410,2630,높음,0.9,10
에어컨벽걸이,310,2320,2630,중간,0.6,8
어금니임플란트가격,250,2370,2620,높음,0.9,10
부부증여한도,430,2190,2620,높음,0.9,3
도산대지급금,840,1780,2620,중간,0.6,6
개발자,740,1880,2620,높음,0.9,10
혁신성장촉진자금,870,1750,2620,높음,0.9,7
경기도지원금,850,1770,2620,높음,0.9,3
남동공단,860,1760,2620,높음,0.9,10
공유오피스1인실,570,2050,2620,높음,0.9,10
근재보험,1610,1010,2620,높음,0.9,10
라식수술,500,2120,2620,높음,0.9,10
호카마하6,400,2220,2620,중간,0.6,6
리빙쉘텐트,560,2060,2620,높음,0.9,8
안정기교체,360,2260,2620,높음,0.9,10
업소용커피머신,590,2030,2620,높음,0.9,8
에어프라이어치킨,390,2230,2620,높음,0.9,10
집정리업체비용,250,2360,2610,높음,0.9,10
날벌레퇴치,340,2270,2610,중간,0.6,8
클립형이어폰,710,1900,2610,중간,0.6,8
광주베이비하우스,210,2400,2610,중간,0.6,3
서울신용보증보험,1280,1330,2610,높음,0.9,3
실비보험서류,100,2500,2600,높음,0.9,10
종이세금계산서양식,2100,500,2600,높음,0.9,10
연말정산환급금조회,750,1850,2600,중간,0.6,4
퇴직연금디폴트옵션,720,1880,2600,높음,0.9,3
알뜰폰유심구매,490,2110,2600,중간,0.6,8
의치,430,2170,2600,중간,0.6,8
대상포진가격,170,2430,2600,높음,0.9,10
운동화쇼핑몰,410,2190,2600,중간,0.6,8
리안휴대용유모차,190,2410,2600,높음,0.9,7
청년지원,1080,1510,2590,높음,0.9,7
코이타,1970,620,2590,낮음,0.3,0
오픈이어폰,650,1940,2590,높음,0.9,8
휴대용냉장고,420,2170,2590,중간,0.6,8
싸이벡스코야,340,2250,2590,중간,0.6,2
모니터32인치,1150,1440,2590,중간,0.6,8
부당해고구제신청,910,1670,2580,높음,0.9,10
웹툰작가,700,1880,2580,높음,0.9,10
스마트팜지원사업,650,1930,2580,높음,0.9,7
토지실거래가조회,1480,1100,2580,높음,0.9,10
금투자방법,410,2170,2580,높음,0.9,10
SFG,470,2110,2580,중간,0.6,4
PC방의자,1010,1570,2580,높음,0.9,9
한화운전자보험,600,1980,2580,높음,0.9,10
주차뺑소니처벌,210,2370,2580,높음,0.9,10
수면무호흡증치료,380,2200,2580,높음,0.9,10
중고차팔기,570,2010,2580,높음,0.9,10
아이패드에어3세대,390,2190,2580,높음,0.9,10
에어컨대여,410,2170,2580,높음,0.9,8
현관문걸쇠,380,2200,2580,중간,0.6,8
LED평판등,920,1660,2580,높음,0.9,9
행정사연봉,570,2000,2570,높음,0.9,10
청년창업,950,1620,2570,높음,0.9,10
대출모집인조회,990,1580,2570,높음,0.9,10
마툴키,410,2160,2570,중간,0.6,3
캠핑코펠,410,2160,2570,중간,0.6,8
식세기6인용,280,2290,2570,높음,0.9,8
요추염좌,410,2160,2570,높음,0.9,10
팔저림,390,2180,2570,높음,0.9,10
거북목치료,370,2200,2570,높음,0.9,10
인천건강검진센터,490,2080,2570,높음,0.9,10
모달여름이불,250,2320,2570,높음,0.9,10
신생아분유,400,2170,2570,높음,0.9,9
화낙,1040,1530,2570,높음,0.9,9
현관문교체,430,2140,2570,높음,0.9,10
신용대출갈아타기,470,2090,2560,높음,0.9,10
성남재개발,690,1870,2560,높음,0.9,10
이수역아파트,320,2240,2560,높음,0.9,10
KT결합할인,610,1950,2560,높음,0.9,9
음주운전초범,530,2030,2560,높음,0.9,10
호흡곤란증상,210,2350,2560,높음,0.9,10
타보유모차,190,2370,2560,중간,0.6,8
보험해지환급금,270,2290,2560,높음,0.9,10
프리랜서퇴직금,570,1980,2550,높음,0.9,10
소상공인스마트상점,1330,1220,2550,높음,0.9,7
반전세,650,1900,2550,중간,0.6,8
해충,450,2100,2550,높음,0.9,10
빈슨메시프,320,2230,2550,중간,0.6,8
회전의자,560,1990,2550,높음,0.9,8
편한의자,610,1940,2550,높음,0.9,8
무선캠핑선풍기,300,2250,2550,높음,0.9,8
캠핑실링팬,600,1950,2550,높음,0.9,9
투어AD샤프트,460,2090,2550,중간,0.6,8
기저귀2단계,210,2340,2550,중간,0.6,8
저소음기계식키보드,1090,1460,2550,중간,0.6,8
내가가입한보험조회,660,1890,2550,높음,0.9,10
주택담보대출갈아타기,850,1690,2540,높음,0.9,10
에너지효율등급,720,1820,2540,높음,0.9,10
강남자동차검사소,640,1900,2540,높음,0.9,10
풍산멀티스포츠센터,390,2150,2540,중간,0.6,1
알뜰폰데이터무제한,350,2190,2540,높음,0.9,10
사업소득세,1150,1390,2540,높음,0.9,10
기능의학,380,2160,2540,높음,0.9,1
보일러교체,480,2060,2540,높음,0.9,8
강마루종류,430,2110,2540,높음,0.9,10
1인밥솥,460,2080,2540,중간,0.6,8
감정평가,1170,1360,2530,높음,0.9,10
연금저축추천,300,2230,2530,높음,0.9,10
메모리폼침대매트리스,250,2280,2530,높음,0.9,9
기업분석,2080,450,2530,높음,0.9,10
출산전후휴가급여,1320,1210,2530,높음,0.9,3
간병인보험비용,350,2180,2530,높음,0.9,10
비염의원인,290,2240,2530,높음,0.9,10
치아브릿지,490,2040,2530,높음,0.9,10
홑이불,480,2050,2530,중간,0.6,8
소득,690,1840,2530,높음,0.9,3
건강보험지사찾기,2410,120,2530,중간,0.6,2
세면대수도꼭지,350,2180,2530,높음,0.9,8
비과세개인연금,490,2030,2520,높음,0.9,10
해임,800,1720,2520,높음,0.9,10
골전도,570,1950,2520,중간,0.6,8
일일보험,300,2220,2520,높음,0.9,10
헤이딜러후기,530,1990,2520,높음,0.9,1
폴딩선풍기,390,2130,2520,높음,0.9,9
조깅화,500,2020,2520,중간,0.6,8
에어컨스탠드,300,2220,2520,중간,0.6,8
가정용에스프레소머신,520,2000,2520,중간,0.6,8
대출상담,720,1790,2510,높음,0.9,10
건설기술인,2120,390,2510,높음,0.9,10
게임용의자,1550,960,2510,중간,0.6,8
국세기본법,1980,520,2500,높음,0.9,10
EQA,590,1910,2500,높음,0.9,10
홈택스부가세신고방법,1410,1090,2500,높음,0.9,7
남자런닝화,540,1960,2500,높음,0.9,10
레인스탑,400,2100,2500,중간,0.6,6
현관문손잡이,610,1890,2500,중간,0.6,8
단기운전자확대특약,310,2180,2490,높음,0.9,10
창업지원금,920,1570,2490,높음,0.9,10
차음재,800,1690,2490,중간,0.6,8
건조기전기세,220,2270,2490,높음,0.9,7
통상임금계산법,1330,1160,2490,높음,0.9,9
충주입주청소,200,2290,2490,높음,0.9,10
남양분유,240,2250,2490,중간,0.6,7
컴퓨터키보드,450,2040,2490,중간,0.6,8
삼성휴대폰보험,310,2180,2490,중간,0.6,5
벽걸이중고에어컨,330,2160,2490,높음,0.9,10
황사,540,1950,2490,중간,0.6,2
노동조합법,1750,730,2480,높음,0.9,10
폐업신고,1250,1230,2480,중간,0.6,3
미래에셋ETF,790,1690,2480,낮음,0.3,1
촉탁계약직,600,1880,2480,중간,0.6,4
어린이보호구역신호위반,210,2270,2480,높음,0.9,7
뺑소니,530,1950,2480,높음,0.9,10
대성셀틱,820,1660,2480,높음,0.9,10
MSI모니터,1010,1470,2480,중간,0.6,7
필터없는비데,340,2140,2480,중간,0.6,8
대형모기장,410,2070,2480,중간,0.6,8
개인회생조회,810,1660,2470,높음,0.9,3
용종제거실비,210,2260,2470,높음,0.9,7
3세대실손보험,290,2180,2470,높음,0.9,10
강소기업,1100,1370,2470,중간,0.6,6
역세권청년주택,1060,1410,2470,높음,0.9,3
아기방제습기,170,2300,2470,높음,0.9,7
마추픽추에어텐트,380,2090,2470,중간,0.6,6
토지이용계획확인서,1790,680,2470,높음,0.9,7
창원입주청소,450,2020,2470,높음,0.9,10
신혼부부집들이선물,590,1880,2470,높음,0.9,10
6인용밥솥,340,2130,2470,중간,0.6,8
에버넷도어락,560,1910,2470,높음,0.9,10
알바급여계산기,540,1920,2460,중간,0.6,7
직장인부업,1100,1360,2460,높음,0.9,10
지네약,440,2020,2460,중간,0.6,8
패러데이,360,2100,2460,중간,0.6,4
설사분유,190,2270,2460,중간,0.6,7
시크제로맥스360,120,2340,2460,중간,0.6,7
모니터27인치,1160,1300,2460,중간,0.6,8
음식물쓰레기냉장고,500,1960,2460,중간,0.6,8
블랙박스가성비,520,1940,2460,중간,0.6,8
대습상속,890,1560,2450,높음,0.9,10
케이스타트업,1790,660,2450,높음,0.9,10
천연모기기피제,360,2090,2450,높음,0.9,8
빌라전세,360,2090,2450,높음,0.9,10
참다한홍삼,270,2180,2450,중간,0.6,3
판교메디피움,550,1900,2450,중간,0.6,3
평균장례비용,280,2170,2450,높음,0.9,7
직장건강검진,510,1940,2450,높음,0.9,10
골프드라이버추천,230,2220,2450,중간,0.6,8
게이밍PC,890,1560,2450,높음,0.9,10
새송이버섯에어프라이어,130,2320,2450,높음,0.9,3
청년일자리,880,1560,2440,높음,0.9,10
투룸월세,330,2110,2440,높음,0.9,10
서울아파트청약,580,1860,2440,높음,0.9,10
물청소기,490,1950,2440,높음,0.9,8
이사짐센터비용,510,1930,2440,높음,0.9,10
전자제품,520,1920,2440,높음,0.9,10
음식물처리기미생물,540,1900,2440,높음,0.9,8
유리문손잡이,650,1790,2440,중간,0.6,8
주담대갈아타기,640,1790,2430,높음,0.9,10
1일운전자보험,270,2160,2430,높음,0.9,10
바바파파,230,2200,2430,높음,0.9,9
4대보험가입,1620,810,2430,높음,0.9,10
장사,600,1830,2430,높음,0.9,10
벌레퇴치스프레이,1810,620,2430,높음,0.9,8
닥스이불,350,2080,2430,높음,0.9,10
종합소득세기한후신고,920,1500,2420,높음,0.9,10
재무,930,1490,2420,높음,0.9,10
미분양아파트,640,1780,2420,높음,0.9,10
비야디전기차,220,2200,2420,높음,0.9,7
명지오션시티,490,1930,2420,높음,0.9,7
매트시공,550,1870,2420,높음,0.9,10
천연모기기피제만들기,310,2110,2420,높음,0.9,7
인터넷속도체크,1730,690,2420,높음,0.9,10
면허취소재취득,270,2150,2420,높음,0.9,10
시어서커패드,330,2090,2420,중간,0.6,8
휴맥스이브이,880,1540,2420,중간,0.6,1
키큰선풍기,400,2020,2420,중간,0.6,8
삼성스마트모니터,680,1740,2420,중간,0.6,8
가정용비데추천,410,2010,2420,높음,0.9,10
무선진공청소기,610,1800,2410,높음,0.9,8
후방카메라설치,310,2100,2410,높음,0.9,10
국내ETF세금,550,1850,2400,중간,0.6,6
아이에스티이주가,140,2260,2400,높음,0.9,3
원룸미니제습기,340,2060,2400,높음,0.9,7
매립형식기세척기,280,2120,2400,높음,0.9,7
척추압박골절,400,2000,2400,높음,0.9,10
팝업텐트,460,1940,2400,중간,0.6,8
삼성27인치모니터,1620,780,2400,중간,0.6,8
풍수해,1270,1130,2400,높음,0.9,3
국내여행보험,570,1830,2400,높음,0.9,10
건축물관리대장발급,2090,310,2400,높음,0.9,3
전기차할인카드,480,1910,2390,높음,0.9,10
아파트추가담보대출,620,1770,2390,높음,0.9,10
실비보험다이렉트,430,1960,2390,높음,0.9,10
일산세무사,180,2210,2390,높음,0.9,10
직업상담사2급필기,770,1620,2390,높음,0.9,10
우량주,510,1880,2390,높음,0.9,10
차박도킹텐트,390,2000,2390,중간,0.6,8
냉감토퍼,290,2100,2390,높음,0.9,8
중고차사이트추천,770,1620,2390,높음,0.9,10
윈도우태블릿,930,1460,2390,중간,0.6,8
욕실샤워기수전,400,1990,2390,높음,0.9,8
방문도어락,480,1910,2390,높음,0.9,8
질식소화포,1460,930,2390,중간,0.6,8
네비업데이트,450,1940,2390,높음,0.9,10
신용조회,640,1740,2380,높음,0.9,10
소상공인경영안정자금,390,1990,2380,높음,0.9,10
7인승SUV,410,1970,2380,높음,0.9,10
탈취,520,1860,2380,높음,0.9,8
접이식간이의자,400,1980,2380,높음,0.9,8
더블매트리스,360,2020,2380,중간,0.6,8
허브랙,2040,340,2380,중간,0.6,8
펫밀크,370,2010,2380,중간,0.6,8
삼성스마트TV,530,1850,2380,중간,0.6,8
에어프라이어고구마,150,2230,2380,높음,0.9,10
CHARGER,610,1770,2380,높음,0.9,8
세무사사무실,810,1560,2370,높음,0.9,10
고등학생알바,190,2180,2370,높음,0.9,9
일반경영안정자금,630,1740,2370,높음,0.9,10
전월세,660,1710,2370,높음,0.9,10
ELW,810,1560,2370,높음,0.9,7
갑근세계산기,1340,1030,2370,낮음,0.3,0
충전선풍기,340,2030,2370,중간,0.6,8
트레킹화추천,540,1830,2370,중간,0.6,8
여성캐디백,330,2040,2370,중간,0.6,8
올스텐에어프라이어,400,1970,2370,중간,0.6,8
아파트셀프등기,810,1550,2360,중간,0.6,5
일본여행준비물체크리스트,620,1740,2360,높음,0.9,3
KB화재보험,1010,1350,2360,높음,0.9,10
방문잠겼을때,120,2240,2360,높음,0.9,10
한의원실비,320,2030,2350,높음,0.9,10
폐업철거지원금,510,1840,2350,높음,0.9,7
도킹텐트,440,1910,2350,높음,0.9,8
미백주사,320,2030,2350,높음,0.9,10
경동보일러고객센터,260,2090,2350,중간,0.6,6
캠핑무선선풍기,380,1970,2350,중간,0.6,8
아기자전거,200,2150,2350,높음,0.9,8
쥬니어카시트,190,2160,2350,중간,0.6,8
명품스마트워치,380,1970,2350,높음,0.9,10
거실에어컨,310,2040,2350,높음,0.9,7
신용정보조회서발급,1250,1090,2340,높음,0.9,10
원천세계산기,1490,850,2340,낮음,0.3,0
상속재산분할협의서양식,1400,940,2340,중간,0.6,3
싱크대음식물처리기,660,1680,2340,중간,0.6,8
가벼운노트북,710,1630,2340,중간,0.6,8
노트북구매,1530,810,2340,중간,0.6,8
자살사망보험금,220,2120,2340,높음,0.9,10
강아지사료추천,390,1950,2340,높음,0.9,10
커튼설치,410,1930,2340,높음,0.9,8
채무통합,410,1920,2330,높음,0.9,10
도급인,1500,830,2330,높음,0.9,3
파리잡는법,250,2080,2330,높음,0.9,10
알뜰폰평생요금제,640,1690,2330,높음,0.9,10
대우세탁기,370,1960,2330,높음,0.9,10
안마기추천,170,2160,2330,중간,0.6,8
유병자보험,560,1770,2330,높음,0.9,10
전기차동호회,590,1740,2330,높음,0.9,9
미즈노골프채,360,1970,2330,중간,0.6,8
클래식자전거,480,1850,2330,중간,0.6,8
신생아바운서,280,2050,2330,중간,0.6,8
TANK,560,1770,2330,높음,0.9,10
원룸월세,430,1890,2320,높음,0.9,10
흑석9구역,630,1690,2320,중간,0.6,5
노후준비,740,1580,2320,높음,0.9,10
맹장수술비용,170,2150,2320,높음,0.9,10
감초주사,620,1700,2320,높음,0.9,10
삼성전자이전설치,730,1590,2320,중간,0.6,5
방충망틀교체,310,2010,2320,높음,0.9,10
캐치온,460,1860,2320,중간,0.6,5
대출조회,630,1680,2310,높음,0.9,10
기보,1100,1210,2310,낮음,0.3,2
미니일렉트릭,500,1810,2310,높음,0.9,10
간이사업자부가세,490,1820,2310,높음,0.9,3
좌골신경통치료,230,2080,2310,높음,0.9,10
잉글레시나퀴드2,180,2130,2310,중간,0.6,7
폴레드픽셀,360,1950,2310,중간,0.6,7
키즈스마트워치,300,2010,2310,높음,0.9,10
게임용모니터,1320,990,2310,중간,0.6,8
쿠커,460,1850,2310,중간,0.6,8
전기트럭,540,1760,2300,높음,0.9,10
무소음탁상선풍기,610,1690,2300,높음,0.9,8
일체형에어컨,480,1820,2300,높음,0.9,8
무인카페창업비용,360,1940,2300,높음,0.9,10
대출비교,520,1770,2290,높음,0.9,10
동부화재운전자보험,640,1650,2290,높음,0.9,10
부담부증여,850,1440,2290,높음,0.9,10
부당해고,680,1610,2290,높음,0.9,10
패밀리카추천,450,1840,2290,중간,0.6,8
원자력관련주,420,1870,2290,중간,0.6,8
증권사이벤트,550,1740,2290,높음,0.9,10
학생용의자,1350,940,2290,중간,0.6,8
인후두염,290,2000,2290,높음,0.9,3
침대냉감패드,290,2000,2290,중간,0.6,7
써큘레이터선풍기,430,1860,2290,높음,0.9,9
유모차브랜드,420,1870,2290,높음,0.9,10
여성기업,1670,620,2290,높음,0.9,10
직업추천,490,1790,2280,높음,0.9,10
ORACLE,910,1370,2280,높음,0.9,10
수입SUV,630,1650,2280,높음,0.9,10
핵융합관련주,380,1900,2280,중간,0.6,6
추석선물,940,1340,2280,높음,0.9,7
에소프레소,210,2070,2280,높음,0.9,8
허리디스크시술,360,1920,2280,높음,0.9,10
목디스크병원,360,1920,2280,높음,0.9,10
앞니크라운,240,2040,2280,높음,0.9,10
특수검진,740,1540,2280,높음,0.9,7
코킹작업,570,1710,2280,높음,0.9,10
나이키러닝,380,1900,2280,높음,0.9,10
부동산매매계약서양식,1650,630,2280,높음,0.9,10
전세보증보험가입방법,620,1660,2280,높음,0.9,7
방충망잠금장치,390,1890,2280,중간,0.6,8
브라인드커튼,190,2090,2280,높음,0.9,10
자녀상속세면제한도,360,1910,2270,높음,0.9,7
웹툰학원,500,1770,2270,높음,0.9,10
장승배기,630,1640,2270,높음,0.9,3
소호사무실,950,1320,2270,높음,0.9,10
주식용어,660,1610,2270,높음,0.9,10
유심칩교체,230,2040,2270,높음,0.9,10
왼쪽목통증,210,2060,2270,높음,0.9,10
급속충전기,410,1860,2270,중간,0.6,8
음쓰처리기추천,230,2040,2270,높음,0.9,7
주택담보대출금액,540,1720,2260,높음,0.9,10
다이렉트암보험,670,1590,2260,높음,0.9,10
원천세신고,1360,900,2260,높음,0.9,3
서울재개발,770,1490,2260,높음,0.9,10
1억모으기,470,1790,2260,높음,0.9,10
차박준비물,440,1820,2260,높음,0.9,10
책상칸막이,660,1600,2260,높음,0.9,8
원천징수계산기,1140,1120,2260,낮음,0.3,0
자동차손해배상보장법,1130,1130,2260,높음,0.9,10
청주서울좋은치과,290,1970,2260,낮음,0.3,1
고어텍스등산화,420,1840,2260,높음,0.9,8
샤오미홈캠,430,1830,2260,높음,0.9,8
LG모니터27인치,970,1290,2260,중간,0.6,8
고령자고용지원금,1500,760,2260,높음,0.9,3
형광등안정기교체,370,1890,2260,높음,0.9,10
단기운전자보험,250,2000,2250,높음,0.9,10
변액연금보험,440,1810,2250,높음,0.9,9
삼성화재간병인보험,710,1540,2250,중간,0.6,7
가족상,380,1870,2250,높음,0.9,1
냉패드,270,1980,2250,높음,0.9,8
신일선풍기가격,90,2160,2250,높음,0.9,10
기저귀체험팩,180,2070,2250,높음,0.9,10
강아지사료샘플,190,2060,2250,높음,0.9,10
증여계약서,1200,1040,2240,높음,0.9,10
사급,1450,790,2240,낮음,0.3,0
모기기피제추천,320,1920,2240,높음,0.9,8
곰팡이균,310,1930,2240,높음,0.9,3
턱관절통증,470,1770,2240,높음,0.9,10
부산김용기내과,240,2000,2240,중간,0.6,2
USB선풍기,760,1480,2240,중간,0.6,8
운전자일일보험,120,2110,2230,높음,0.9,10
근로자,750,1480,2230,높음,0.9,1
직장인투잡,740,1490,2230,높음,0.9,10
일학습병행,1410,820,2230,중간,0.6,1
아파트청약방법,450,1780,2230,중간,0.6,2
단기채권,710,1520,2230,높음,0.9,7
모기포충기,540,1690,2230,높음,0.9,8
방습제,620,1610,2230,중간,0.6,8
허리디스크원인,260,1970,2230,높음,0.9,10
기침약,280,1950,2230,높음,0.9,10
종합검진비용,310,1920,2230,높음,0.9,10
데이터쉐어링,430,1800,2230,높음,0.9,9
공시지원금,500,1730,2230,높음,0.9,10
삼성모니터27인치,990,1240,2230,중간,0.6,8
전기공사업체,530,1700,2230,높음,0.9,10
아파트방충망교체비용,360,1870,2230,높음,0.9,10
리쿠르트,840,1380,2220,높음,0.9,10
서울시기술교육원,1010,1210,2220,중간,0.6,6
엑셀러레이터,730,1490,2220,높음,0.9,10
MVNO,910,1310,2220,높음,0.9,10
세탁건조일체형,380,1840,2220,높음,0.9,8
간병,420,1800,2220,높음,0.9,10
일본여행준비,630,1590,2220,높음,0.9,10
경추척수증,400,1820,2220,높음,0.9,10
장판매트,330,1890,2220,높음,0.9,8
멕시코시카시트,210,2010,2220,중간,0.6,8
집수리업체,210,2010,2220,높음,0.9,10
외국인대출,250,1960,2210,높음,0.9,10
취업규칙변경신고,2150,60,2210,높음,0.9,10
배움카드,670,1540,2210,높음,0.9,10
연금종류,340,1870,2210,높음,0.9,10
유아바닥매트,310,1900,2210,중간,0.6,8
통돌이세탁기15KG,320,1890,2210,중간,0.6,8
척추측만증교정기,240,1970,2210,중간,0.6,8
강남라식,440,1770,2210,높음,0.9,10
마이어스칵테일주사,480,1730,2210,높음,0.9,10
라지킹침구세트,310,1900,2210,높음,0.9,8
작은선풍기,240,1970,2210,높음,0.9,8
가성비러닝화,430,1780,2210,높음,0.9,10
장애인표준사업장,1300,910,2210,높음,0.9,10
키보드축,750,1460,2210,중간,0.6,7
싱크대상판교체,370,1840,2210,높음,0.9,10
욕실세면대,350,1860,2210,중간,0.6,8
실손,600,1600,2200,높음,0.9,10
꽃꽂이클래스,290,1910,2200,높음,0.9,10
전기차중고차,550,1650,2200,높음,0.9,10
여름용품,690,1510,2200,높음,0.9,8
업소용포충기,580,1620,2200,중간,0.6,8
허리편한의자,650,1550,2200,중간,0.6,8
서큘레이터선풍기,460,1740,2200,높음,0.9,8
한일써큘레이터,220,1980,2200,중간,0.6,8
전투화,380,1820,2200,높음,0.9,10
기저귀1단계,170,2030,2200,중간,0.6,8
갤럭시탭A10,460,1740,2200,중간,0.6,7
임시운전자특약,290,1900,2190,높음,0.9,10
권고사직회사불이익,800,1390,2190,높음,0.9,10
저축,620,1570,2190,높음,0.9,10
은ETF,620,1570,2190,높음,0.9,10
KT인터넷재약정혜택,560,1630,2190,높음,0.9,10
인산철파워뱅크,360,1830,2190,중간,0.6,8
홍삼진고,290,1900,2190,높음,0.9,10
법인부가세신고기간,1010,1180,2190,높음,0.9,3
전자상거래법,1560,630,2190,높음,0.9,10
산재보험신청,650,1540,2190,높음,0.9,10
침대여름패드,200,1990,2190,높음,0.9,8
신일전자선풍기,410,1780,2190,높음,0.9,10
계약갱신요구권,700,1490,2190,높음,0.9,7
가정용음식물처리기추천,270,1920,2190,중간,0.6,8
GAYO,370,1820,2190,중간,0.6,6
테슬라충전기,420,1770,2190,높음,0.9,8
매장,380,1800,2180,높음,0.9,10
부동산앱,870,1310,2180,높음,0.9,10
노량진재개발,570,1610,2180,높음,0.9,9
의류건조기,510,1670,2180,중간,0.6,8
면세사업자,970,1210,2180,높음,0.9,9
가래빼는법,200,1980,2180,높음,0.9,10
침구류,340,1840,2180,중간,0.6,8
카시트추천,510,1670,2180,중간,0.6,8
에그와이파이,330,1850,2180,높음,0.9,10
앱솔루트산양2단계,80,2100,2180,중간,0.6,4
레트로키보드,760,1420,2180,중간,0.6,8
혼례비대출,670,1510,2180,높음,0.9,10
의정부자동차검사소,340,1840,2180,중간,0.6,5
전등교체,320,1860,2180,높음,0.9,10
2금융권,490,1680,2170,높음,0.9,10
원데이운전자보험,190,1980,2170,높음,0.9,10
구조조정,750,1420,2170,높음,0.9,10
임차권등기신청,590,1580,2170,높음,0.9,10
알루미늄시세,700,1470,2170,높음,0.9,10
니모텐트,440,1730,2170,중간,0.6,8
일용직소득신고,610,1560,2170,높음,0.9,10
코막힘약,280,1890,2170,높음,0.9,3
위대장내시경비용,330,1840,2170,높음,0.9,10
여성런닝화,410,1760,2170,높음,0.9,10
연체,500,1670,2170,높음,0.9,10
직업훈련,820,1340,2160,높음,0.9,10
주상복합아파트,420,1740,2160,높음,0.9,10
모기트랩,490,1670,2160,중간,0.6,8
연막기,520,1640,2160,높음,0.9,10
KT알뜰,780,1380,2160,높음,0.9,10
여름냉감이불세트,230,1930,2160,높음,0.9,7
사무실키보드,990,1170,2160,높음,0.9,8
LG게이밍모니터,790,1370,2160,중간,0.6,8
욕실거울장,530,1630,2160,중간,0.6,8
미세방충망가격,290,1870,2160,높음,0.9,10
룸미러후방카메라,460,1700,2160,높음,0.9,8
아파트후순위대출,470,1680,2150,높음,0.9,10
세무상담,640,1510,2150,높음,0.9,10
건강보험납부,1360,790,2150,높음,0.9,3
일러스트이미지,320,1830,2150,높음,0.9,10
자영업자대출,430,1720,2150,높음,0.9,10
윈세이제습기,300,1850,2150,중간,0.6,7
연말정산환급일,390,1760,2150,높음,0.9,7
동래치과,740,1410,2150,높음,0.9,10
현대해상보험청구,720,1430,2150,높음,0.9,7
전기밥솥10인용,800,1350,2150,중간,0.6,8
문고리교체,310,1840,2150,높음,0.9,10
부트텐트,1080,1060,2140,중간,0.6,6
무무스가드플러스액,350,1790,2140,중간,0.6,7
노트북할인,1310,830,2140,높음,0.9,10
야영장,470,1670,2140,높음,0.9,10
산업용송풍기,640,1500,2140,중간,0.6,8
LG전자홈페이지,560,1580,2140,높음,0.9,7
IH압력밥솥,270,1870,2140,중간,0.6,8
근로장려금조건,430,1700,2130,중간,0.6,3
소액임차보증금,820,1310,2130,높음,0.9,7
캠핑모기퇴치기,460,1670,2130,높음,0.9,8
여름냉감패드,320,1810,2130,높음,0.9,8
전기자전거배터리,410,1720,2130,중간,0.6,8
엘지TV,400,1730,2130,중간,0.6,8
GENERATOR,820,1310,2130,높음,0.9,10
싱크수전,800,1330,2130,중간,0.6,8
형광등교체,280,1850,2130,높음,0.9,10
빚갚기,200,1920,2120,높음,0.9,10
전세자금대출조건,390,1730,2120,높음,0.9,10
부동산양도세,660,1460,2120,높음,0.9,3
개인사업자지원금,550,1570,2120,높음,0.9,10
무보증원룸,310,1810,2120,높음,0.9,10
케이티요금제,550,1570,2120,높음,0.9,10
사포닌,390,1730,2120,높음,0.9,10
전자금융거래법,1220,900,2120,높음,0.9,10
인플란트치과,250,1870,2120,높음,0.9,10
부산이사업체,720,1400,2120,높음,0.9,10
위대장내시경,370,1750,2120,높음,0.9,10
외벽방수,480,1640,2120,높음,0.9,10
슈퍼싱글침구세트,270,1850,2120,높음,0.9,8
캠핑용무선선풍기,350,1770,2120,높음,0.9,8
골프스탠드백,430,1690,2120,중간,0.6,8
다이렉트화재보험,440,1680,2120,높음,0.9,10
벽걸이에어컨설치,460,1660,2120,높음,0.9,10
세면기수전,470,1650,2120,중간,0.6,8
상가담보대출,600,1510,2110,높음,0.9,10
LTV80%,470,1640,2110,높음,0.9,10
표적항암치료비,140,1970,2110,높음,0.9,10
모기채,540,1570,2110,중간,0.6,8
라섹비용,300,1810,2110,높음,0.9,10
보일러가격비교,280,1830,2110,높음,0.9,10
파주입주청소,730,1380,2110,높음,0.9,10
중고자동차시세표,460,1650,2110,높음,0.9,10
3금융대출,270,1830,2100,높음,0.9,10
실비보험청구방법,280,1820,2100,높음,0.9,10
증여세율표,450,1650,2100,높음,0.9,7
계약서양식,1080,1020,2100,높음,0.9,10
임대차분쟁조정위원회,890,1210,2100,낮음,0.3,2
온도센서,1100,1000,2100,높음,0.9,10
화장실미니제습기,380,1720,2100,높음,0.9,8
문구도매,580,1520,2100,높음,0.9,10
목어깨통증,370,1730,2100,높음,0.9,10
강서구입주청소,410,1690,2100,높음,0.9,10
여름등산화,370,1730,2100,중간,0.6,8
미즈노아이언세트,330,1770,2100,높음,0.9,8
잉글레시나유모차,220,1880,2100,중간,0.6,8
천안베이비페어,240,1860,2100,높음,0.9,3
안양자동차검사소,420,1680,2100,중간,0.6,7
카라음식물처리기,240,1860,2100,높음,0.9,9
화장실에어컨,380,1720,2100,높음,0.9,7
파산관재인,860,1230,2090,높음,0.9,10
주택담보대출조건,420,1670,2090,높음,0.9,10
퇴사후실업급여신청기간,330,1760,2090,높음,0.9,3
데이터베이스,720,1370,2090,높음,0.9,10
화장실날파리,240,1850,2090,높음,0.9,10
대상포진백신,410,1680,2090,높음,0.9,10
하이딜러,540,1550,2090,낮음,0.3,2
신생아가습기,380,1710,2090,중간,0.6,8
여성등산화,360,1730,2090,중간,0.6,8
아식스트레일러닝화,330,1760,2090,높음,0.9,8
WIFI,690,1400,2090,높음,0.9,10
보험회사,440,1650,2090,높음,0.9,10
테팔에어프라이어,220,1870,2090,중간,0.6,8
고용보험실업급여조건,440,1640,2080,높음,0.9,3
간병인보험료,380,1700,2080,높음,0.9,10
국비,630,1450,2080,높음,0.9,10
인터넷설치현금,410,1670,2080,높음,0.9,10
귀걸이이어폰,400,1680,2080,높음,0.9,8
허리디스크초기증상,360,1720,2080,높음,0.9,10
벤타가습기,330,1750,2080,높음,0.9,8
골프채브랜드,290,1790,2080,높음,0.9,10
초경량유모차,250,1830,2080,높음,0.9,10
비세이프카시트,220,1860,2080,높음,0.9,7
미마자리유모차,140,1940,2080,높음,0.9,3
국민연금수령,550,1530,2080,높음,0.9,3
전기압력밥솥6인용,210,1870,2080,높음,0.9,10
어머니생신선물,290,1790,2080,높음,0.9,10
결혼축하선물,330,1750,2080,높음,0.9,10
2IN1에어컨1등급,270,1810,2080,중간,0.6,8
암치료비보험,570,1500,2070,높음,0.9,10
치아보험면책기간,340,1730,2070,높음,0.9,10
삼성자산운용ETF,780,1290,2070,중간,0.6,1
전기모기향,400,1670,2070,높음,0.9,8
KT인터넷TV,670,1400,2070,높음,0.9,10
연차수당계산법,1030,1040,2070,높음,0.9,10
허리병원,170,1900,2070,높음,0.9,10
강남라식안과,80,1990,2070,높음,0.9,10
먼싱골프웨어,170,1900,2070,높음,0.9,10
룰루키친,380,1690,2070,중간,0.6,5
AOC모니터,790,1280,2070,중간,0.6,5
발주서,1550,520,2070,높음,0.9,10
전기밥솥3인용,240,1830,2070,중간,0.6,8
50대일자리,350,1710,2060,높음,0.9,10
코딩프로그램,640,1420,2060,높음,0.9,10
품질,920,1140,2060,높음,0.9,10
안심전세,860,1200,2060,높음,0.9,7
태양광관련주,380,1680,2060,높음,0.9,10
1인용의자,330,1730,2060,높음,0.9,8
보복운전처벌,260,1800,2060,높음,0.9,10
채용건강검진병원,350,1710,2060,높음,0.9,10
보관이사전문업체,480,1580,2060,높음,0.9,10
갑상선기능검사,480,1580,2060,높음,0.9,10
여름모달이불,250,1810,2060,높음,0.9,8
사무실선풍기,940,1120,2060,높음,0.9,8
스마트체중계,640,1420,2060,중간,0.6,8
고어텍스신발,490,1570,2060,높음,0.9,8
트위터자전거,510,1550,2060,중간,0.6,8
매매대출,650,1410,2060,높음,0.9,10
종합소득세환급금조회,620,1440,2060,높음,0.9,3
갈갈이싱크퓨어,180,1880,2060,높음,0.9,10
미니에어프라이어,320,1740,2060,높음,0.9,8
개인회생신용회복,440,1610,2050,높음,0.9,10
유사암,560,1490,2050,높음,0.9,10
자동차보험비교견적,1000,1050,2050,높음,0.9,10
치과신경치료비용,230,1820,2050,높음,0.9,7
인증,580,1470,2050,높음,0.9,10
분리수거장,730,1320,2050,높음,0.9,10
의정부입주청소,740,1310,2050,높음,0.9,10
나이키워킹화,320,1730,2050,높음,0.9,10
아기기저귀,330,1720,2050,높음,0.9,8
장내기능시험,130,1920,2050,높음,0.9,10
음식물짤순이,250,1800,2050,높음,0.9,10
커피머신브랜드,160,1890,2050,높음,0.9,10
블랙박스4채널,440,1610,2050,높음,0.9,8
무료세무상담,440,1600,2040,높음,0.9,10
취업성공패키지,640,1400,2040,높음,0.9,10
전세사기예방,480,1560,2040,높음,0.9,7
부동산실거래,1350,690,2040,높음,0.9,10
리딩방,520,1520,2040,중간,0.6,6
OBD,540,1500,2040,높음,0.9,8
허리디스크의자,540,1500,2040,높음,0.9,8
일용직세금,690,1350,2040,높음,0.9,10
척추협착증증상,280,1760,2040,높음,0.9,10
척추유합술,430,1610,2040,높음,0.9,10
통풍매트,350,1690,2040,중간,0.6,8
선풍기BLDC,300,1740,2040,중간,0.6,7
아기바람선풍기,220,1820,2040,높음,0.9,7
골프그립종류,280,1760,2040,높음,0.9,10
방수비데,920,1120,2040,중간,0.6,8
잭커리,750,1280,2030,중간,0.6,8
목디스크초기증상,350,1680,2030,높음,0.9,10
프리베나,790,1240,2030,중간,0.6,1
CISCO,930,1100,2030,높음,0.9,10
주택역모기지론,260,1770,2030,높음,0.9,3
토지사용승낙서,1320,710,2030,높음,0.9,10
개인사업자부가세환급,580,1450,2030,높음,0.9,3
아이리버블랙박스,410,1620,2030,높음,0.9,9
100만원대출,330,1690,2020,높음,0.9,10
운전자보험보장내용,340,1680,2020,높음,0.9,10
양도소득세계산,780,1240,2020,높음,0.9,3
사업소득,1090,930,2020,높음,0.9,9
지역신용보증재단,1010,1010,2020,높음,0.9,10
캠핑이불,310,1710,2020,중간,0.6,8
불멍화로대,360,1660,2020,높음,0.9,10
금융소비자보호법,1360,660,2020,중간,0.6,8
간병인협회,490,1530,2020,높음,0.9,10
보험금청구서류,230,1790,2020,높음,0.9,10
이사짐보관비용,300,1720,2020,높음,0.9,10
남양주입주청소,710,1310,2020,높음,0.9,10
남자등산화,530,1490,2020,높음,0.9,8
현관방충문,370,1650,2020,중간,0.6,8
자동차블랙박스,490,1530,2020,중간,0.6,8
반사필름,490,1530,2020,높음,0.9,10
비갱신암보험,350,1660,2010,높음,0.9,10
금융투자,730,1280,2010,높음,0.9,10
혹파리,290,1720,2010,높음,0.9,10
에그무제한,390,1620,2010,높음,0.9,10
초등학생의자,360,1650,2010,높음,0.9,8
회의실의자,1090,920,2010,높음,0.9,8
6인용텐트,260,1750,2010,중간,0.6,8
랑스알리,460,1550,2010,중간,0.6,3
산양우유,240,1770,2010,높음,0.9,8
악스키드카시트,160,1850,2010,높음,0.9,3
어린이스마트워치,260,1750,2010,높음,0.9,10
도어록,660,1350,2010,중간,0.6,8
사채업자,300,1700,2000,높음,0.9,10
개인돈,230,1770,2000,높음,0.9,10
오피스텔대출,660,1340,2000,높음,0.9,10
증여계약서양식,1060,940,2000,높음,0.9,10
재택근무알바,530,1470,2000,높음,0.9,10
보험면책기간,300,1700,2000,높음,0.9,7
노동조합및노동관계조정법,1650,350,2000,높음,0.9,10
자동차정기검사소,330,1670,2000,높음,0.9,10
런닝이어폰,450,1550,2000,중간,0.6,8
음주운전면허취소기간,370,1630,2000,높음,0.9,10
허리신경성형술,250,1750,2000,높음,0.9,10
턱관절치과,250,1750,2000,높음,0.9,10
냉방선풍기,280,1720,2000,높음,0.9,7
무선선풍기추천,470,1530,2000,높음,0.9,7
보만선풍기,210,1790,2000,높음,0.9,8
안전벨트인형,200,1800,2000,높음,0.9,8
브라이텍스어드밴스픽스,200,1800,2000,중간,0.6,7
동구전자커피머신,470,1530,2000,높음,0.9,10
개인회생면책신청,390,1600,1990,중간,0.6,3
어금니임플란트비용,250,1740,1990,높음,0.9,10
벤처인증,1480,510,1990,높음,0.9,10
AI주식투자,290,1700,1990,높음,0.9,10
서수원자동차검사소,360,1630,1990,중간,0.6,6
로봇물걸레청소기,240,1750,1990,중간,0.6,8
코웨이공기청정기필터,250,1740,1990,높음,0.9,10
지급명세서,1270,720,1990,높음,0.9,10
목디스크수술,360,1630,1990,높음,0.9,10
거꾸로,250,1740,1990,중간,0.6,5
중고차시세비교,400,1590,1990,높음,0.9,10
낮은선풍기,350,1640,1990,높음,0.9,7
남성런닝화,430,1560,1990,높음,0.9,10
편한운동화,870,1120,1990,높음,0.9,10
HPE,930,1060,1990,높음,0.9,10
27인치QHD모니터,880,1110,1990,중간,0.6,7
무선마우스추천,1030,960,1990,중간,0.6,8
레노버탭,380,1610,1990,중간,0.6,8
휴렉미생물,110,1880,1990,높음,0.9,8
휴대용커피머신,220,1770,1990,높음,0.9,8
디지털키,340,1650,1990,높음,0.9,8
개인파산면책,400,1580,1980,높음,0.9,10
저신용자소액대출,230,1750,1980,높음,0.9,10
치과보험추천,190,1790,1980,높음,0.9,10
도수치료비용,470,1510,1980,높음,0.9,10
1억증여세,310,1670,1980,높음,0.9,7
고용유지지원금,1270,710,1980,높음,0.9,3
소상공인진흥공단정책자금,820,1160,1980,중간,0.6,3
전고체배터리관련주,410,1570,1980,높음,0.9,9
세무기장,930,1050,1980,높음,0.9,10
교통사고후유증,440,1540,1980,높음,0.9,10
포항보일러,80,1900,1980,높음,0.9,10
60도웨지,360,1620,1980,중간,0.6,8
인터넷요금,490,1490,1980,높음,0.9,10
기기변경,380,1600,1980,높음,0.9,10
미세먼지방충망,330,1650,1980,높음,0.9,10
블랙박스뷰어,1050,930,1980,높음,0.9,7
어디로든그린카드,540,1430,1970,낮음,0.3,2
혜택좋은신용카드,460,1510,1970,높음,0.9,10
하지정맥류보험,200,1770,1970,높음,0.9,10
근로소득세계산,1530,440,1970,높음,0.9,1
달러투자방법,360,1610,1970,높음,0.9,10
코덱스ETF,590,1380,1970,중간,0.6,1
갤럭시북3,530,1440,1970,높음,0.9,10
게이밍의자추천,680,1290,1970,높음,0.9,10
메리츠화재여행자보험,630,1340,1970,높음,0.9,10
이사짐,550,1420,1970,높음,0.9,10
아파트외벽누수,290,1680,1970,높음,0.9,10
U+TV,580,1390,1970,높음,0.9,9
밤기저귀,140,1830,1970,높음,0.9,8
43인치모니터,970,1000,1970,중간,0.6,8
국민연금정산,1620,350,1970,높음,0.9,3
50대아빠생일선물,270,1700,1970,높음,0.9,10
한라홀딩스,420,1550,1970,높음,0.9,3
파산신청자격,280,1680,1960,높음,0.9,10
개인대출,350,1610,1960,높음,0.9,10
충격파치료,310,1650,1960,높음,0.9,10
가구제작,660,1300,1960,높음,0.9,7
금리높은적금,430,1530,1960,높음,0.9,10
디지털드로잉,580,1380,1960,높음,0.9,10
소상공인지원사업,910,1050,1960,높음,0.9,10
층간소음매트시공,370,1590,1960,높음,0.9,10
우유박스,530,1430,1960,중간,0.6,8
극세사담요,350,1610,1960,중간,0.6,8
초경량휴대용유모차,210,1750,1960,높음,0.9,9
엘이디전등,230,1730,1960,높음,0.9,8
화장실LED등교체,170,1790,1960,높음,0.9,8
현관자석방충망,290,1670,1960,중간,0.6,7
벤츠블랙박스,290,1670,1960,높음,0.9,10
세액공제,650,1300,1950,높음,0.9,10
4대보험상실신고,1320,630,1950,중간,0.6,3
청년지원사업,900,1050,1950,높음,0.9,3
국민내일배움,930,1020,1950,높음,0.9,10
전산응용기계제도기능사,980,970,1950,높음,0.9,10
자영업자지원금,290,1660,1950,높음,0.9,7
부동산등기법,1490,460,1950,높음,0.9,10
모기퇴치스티커,260,1690,1950,높음,0.9,7
간병비,360,1590,1950,높음,0.9,10
이사견적비교,840,1110,1950,높음,0.9,10
용인입주청소,480,1470,1950,높음,0.9,10
전기차충전요금비교,580,1370,1950,높음,0.9,7
쓰레기수거,300,1640,1940,높음,0.9,10
모기스프레이,360,1580,1940,높음,0.9,8
보복운전신고,340,1600,1940,높음,0.9,3
허리디스크에좋은운동,260,1680,1940,높음,0.9,10
라식수술비용,330,1610,1940,높음,0.9,10
유아세발자전거,150,1790,1940,중간,0.6,8
창틀에어컨,230,1710,1940,높음,0.9,8
아버지생신선물,300,1640,1940,높음,0.9,10
아파트경매대출,390,1540,1930,높음,0.9,10
근로계약서위반,190,1740,1930,높음,0.9,10
노무사채용,740,1190,1930,높음,0.9,10
봉고3EV,390,1540,1930,높음,0.9,10
소형가전,540,1390,1930,높음,0.9,10
탁상형선풍기,680,1250,1930,중간,0.6,8
LG모니터32인치,840,1090,1930,중간,0.6,8
삼성32인치모니터,1050,880,1930,중간,0.6,8
DSR계산,710,1220,1930,높음,0.9,3
샤워수전교체,330,1600,1930,중간,0.6,8
수동커피머신,300,1630,1930,중간,0.6,8
블랙박스설치비용,300,1630,1930,높음,0.9,10
과세,590,1330,1920,낮음,0.3,0
알뜰통신사,640,1280,1920,높음,0.9,10
컴퓨터존,770,1150,1920,높음,0.9,10
메트,410,1510,1920,중간,0.6,8
월급세금계산기,530,1390,1920,낮음,0.3,0
한화손해보험간병인보험,590,1330,1920,중간,0.6,6
탁상용무선선풍기,350,1570,1920,높음,0.9,8
캠프라인산티아고,440,1480,1920,중간,0.6,8
티피링크CCTV,500,1420,1920,높음,0.9,10
5G라우터,720,1200,1920,높음,0.9,10
종소세환급,330,1590,1920,높음,0.9,10
친구집들이선물,360,1560,1920,높음,0.9,10
종소세신고기간,360,1550,1910,높음,0.9,10
해고,600,1310,1910,높음,0.9,10
기부금세액공제,490,1420,1910,높음,0.9,10
다이어트병원,330,1580,1910,높음,0.9,10
기능성슬리퍼,250,1660,1910,높음,0.9,10
엄마환갑선물,370,1540,1910,높음,0.9,10
간이에어컨,390,1520,1910,높음,0.9,8
밀리타커피머신,330,1580,1910,높음,0.9,8
법인사업자대출,820,1080,1900,높음,0.9,10
건강보험임플란트,300,1600,1900,높음,0.9,10
실업급여신청조건,560,1340,1900,높음,0.9,3
상가투자,120,1780,1900,높음,0.9,10
우유빙수기계,200,1700,1900,높음,0.9,8
매트리스퀸사이즈,230,1670,1900,중간,0.6,8
수면내시경비용,200,1700,1900,높음,0.9,10
직장인건강검진병원,490,1410,1900,높음,0.9,10
메디원변재광의원,200,1700,1900,낮음,0.3,1
360도선풍기,190,1710,1900,높음,0.9,8
무선접이식선풍기,290,1610,1900,높음,0.9,8
스텐드선풍기,300,1600,1900,높음,0.9,10
홀레분유,100,1800,1900,중간,0.6,4
PC모니터,810,1090,1900,중간,0.6,8
64년생국민연금수령나이,180,1720,1900,낮음,0.3,0
50대엄마생신선물,300,1600,1900,높음,0.9,10
창문모기장,290,1610,1900,중간,0.6,8
카드사,820,1070,1890,높음,0.9,10
세무법인,730,1160,1890,높음,0.9,10
수입전기차,470,1420,1890,높음,0.9,7
모기살충제,450,1440,1890,중간,0.6,8
가정용음식물분쇄기,530,1360,1890,중간,0.6,8
차량점검,470,1420,1890,높음,0.9,10
구더기퇴치,120,1770,1890,높음,0.9,10
SKT텔레콤,780,1110,1890,높음,0.9,10
여성옷브랜드,240,1650,1890,높음,0.9,10
손해사정,600,1290,1890,높음,0.9,10
대상포진후유증,300,1590,1890,높음,0.9,10
여름이불추천,410,1480,1890,높음,0.9,7
트레일런,540,1350,1890,높음,0.9,9
뉴나토들넥스트,220,1670,1890,높음,0.9,3
32인치4K모니터,770,1120,1890,중간,0.6,8
매출전표,740,1150,1890,높음,0.9,9
엄마생신선물,310,1580,1890,높음,0.9,10
삼성비스포크창문형에어컨,270,1620,1890,높음,0.9,8
전기업체,290,1600,1890,높음,0.9,10
기업신용평가,1570,310,1880,높음,0.9,10
녹색인증,1540,340,1880,높음,0.9,10
무소음제습기,300,1580,1880,중간,0.6,8
공기청정기호환필터,280,1600,1880,높음,0.9,8
캠핑장비,540,1340,1880,중간,0.6,8
풋스툴,350,1530,1880,중간,0.6,8
치매검사비용,210,1670,1880,높음,0.9,10
비접촉교통사고,230,1650,1880,높음,0.9,10
말초신경병증치료,180,1700,1880,높음,0.9,7
LAM,420,1460,1880,높음,0.9,1
광명내과,410,1470,1880,높음,0.9,10
종합검진,460,1420,1880,높음,0.9,10
아파트베란다누수,260,1620,1880,높음,0.9,10
엘지모니터,810,1070,1880,높음,0.9,10
리큅오븐,160,1720,1880,높음,0.9,3
아파트현관방충망,210,1670,1880,높음,0.9,7
추나실비,220,1650,1870,높음,0.9,10
근로소득세계산법,930,940,1870,높음,0.9,7
달러ETF,540,1330,1870,높음,0.9,10
알뜰인터넷요금제,400,1470,1870,높음,0.9,10
콧물,280,1590,1870,높음,0.9,10
호흡기질환,300,1570,1870,높음,0.9,10
중고차매매단지,230,1640,1870,높음,0.9,10
폴란드멸균우유,410,1460,1870,중간,0.6,8
환급금,420,1450,1870,높음,0.9,10
50대남자생일선물,350,1520,1870,높음,0.9,10
방문교체비용,260,1610,1870,높음,0.9,10
치아신경치료비용,170,1690,1860,높음,0.9,10
베이비올수과학,130,1730,1860,높음,0.9,10
직장인주말알바,490,1370,1860,높음,0.9,10
인턴채용,720,1140,1860,높음,0.9,10
자금,490,1370,1860,높음,0.9,10
식기세척기렌탈,910,950,1860,높음,0.9,10
진세노사이드,500,1360,1860,중간,0.6,8
노란공제우산,900,960,1860,높음,0.9,10
손해사정인,390,1470,1860,높음,0.9,10
척추전문병원,290,1570,1860,중간,0.6,5
영양수액,330,1530,1860,높음,0.9,10
에어메이드가습기,330,1530,1860,중간,0.6,8
여름기저귀,370,1490,1860,중간,0.6,8
키친아트에어프라이어,230,1630,1860,높음,0.9,8
50만원대출,160,1690,1850,높음,0.9,10
치질수술실비보험,140,1710,1850,높음,0.9,10
메르츠,430,1420,1850,높음,0.9,10
중고싱크대,320,1530,1850,높음,0.9,10
가등기,680,1170,1850,높음,0.9,7
투자운용사,560,1290,1850,높음,0.9,10
한일제습기,350,1500,1850,높음,0.9,8
홍삼제품,300,1550,1850,높음,0.9,10
무면허벌금,110,1740,1850,높음,0.9,10
윤창호법,430,1420,1850,높음,0.9,10
수원이비인후과,470,1380,1850,높음,0.9,10
아파트누수,420,1430,1850,높음,0.9,10
책상용선풍기,610,1240,1850,높음,0.9,8
ISOFIX,350,1500,1850,높음,0.9,3
국제면허,560,1290,1850,높음,0.9,10
대학생생활비대출,220,1620,1840,높음,0.9,10
암진단비보험,570,1270,1840,높음,0.9,10
계근대,940,900,1840,높음,0.9,10
상장지수펀드,520,1320,1840,높음,0.9,7
바퀴벌레방역업체,210,1630,1840,높음,0.9,10
로봇청소기직배수설치,340,1500,1840,높음,0.9,7
제습공기청정기,350,1490,1840,높음,0.9,10
노트북청소,260,1580,1840,높음,0.9,10
캠핑티비,260,1580,1840,중간,0.6,8
캠핑용품추천,100,1740,1840,높음,0.9,8
고용보험계산기,1120,720,1840,낮음,0.3,0
이사전체크리스트,530,1310,1840,높음,0.9,10
무소음써큘레이터,280,1560,1840,높음,0.9,8
발터치선풍기,350,1490,1840,높음,0.9,8
미즈노코리아,580,1260,1840,높음,0.9,10
컬럼비아등산화,360,1480,1840,높음,0.9,10
매드베이트,450,1390,1840,높음,0.9,3
노트북키보드,510,1330,1840,중간,0.6,8
디지택스,1470,370,1840,중간,0.6,2
현관도어록,230,1610,1840,높음,0.9,8
아파트증여세계산기,400,1430,1830,중간,0.6,5
퇴직급여,680,1150,1830,높음,0.9,7
국가기술자격증종류,650,1180,1830,높음,0.9,10
건설기술연구원,1450,380,1830,중간,0.6,1
컴배트진드기싹,230,1600,1830,높음,0.9,10
가성비무선이어폰,330,1500,1830,높음,0.9,9
유선이어폰추천,500,1330,1830,중간,0.6,8
6년근고려홍삼정,130,1700,1830,높음,0.9,8
우수관누수,310,1520,1830,높음,0.9,10
겨울이불,410,1420,1830,중간,0.6,8
알러지케어이불,400,1430,1830,높음,0.9,8
주택모기지론,290,1540,1830,높음,0.9,10
묵시적갱신,730,1100,1830,높음,0.9,10
도어락설치방법,250,1580,1830,높음,0.9,10
암보험추천,560,1260,1820,높음,0.9,10
자동차사고합의금,430,1390,1820,높음,0.9,10
온라인법인설립시스템,1510,310,1820,높음,0.9,10
개인워크아웃대출,180,1640,1820,높음,0.9,10
상가건물임대차보호법,1290,530,1820,높음,0.9,10
영등포아크로타워스퀘어,390,1430,1820,중간,0.6,4
유심칩,320,1500,1820,높음,0.9,10
경추통증,260,1560,1820,높음,0.9,10
코세척방법,190,1630,1820,높음,0.9,10
대상포진예방주사,320,1500,1820,높음,0.9,10
원룸입주청소비용,260,1560,1820,높음,0.9,10
전기차가정용충전기,340,1480,1820,높음,0.9,10
자동차경매사이트,500,1320,1820,높음,0.9,10
현장선풍기,330,1490,1820,높음,0.9,8
애견사료,220,1600,1820,중간,0.6,8
올레티비,410,1410,1820,높음,0.9,10
신생아바구니카시트,270,1550,1820,높음,0.9,8
광교베이비페어,260,1560,1820,중간,0.6,5
국민연금신청,570,1250,1820,높음,0.9,3
개인회생개시결정,320,1490,1810,높음,0.9,3
급전대출,250,1560,1810,높음,0.9,7
실비보험뜻,230,1580,1810,높음,0.9,10
노동청신고방법,250,1560,1810,높음,0.9,10
해충방역업체,370,1440,1810,높음,0.9,10
음식물,520,1290,1810,중간,0.6,8
초파리퇴치기,340,1470,1810,중간,0.6,8
초파리잡는법,230,1580,1810,높음,0.9,10
화롯대,420,1390,1810,중간,0.6,8
현대해상펫보험,410,1400,1810,중간,0.6,3
치매종류,270,1540,1810,높음,0.9,3
꽃송이버섯효소,140,1670,1810,중간,0.6,8
임플란트과정,290,1520,1810,높음,0.9,10
공무원채용신체검사병원,500,1310,1810,높음,0.9,10
보일러교체지원금,290,1520,1810,높음,0.9,10
여름면이불,200,1610,1810,높음,0.9,8
베셀골프백,360,1450,1810,높음,0.9,10
도어락교체비용,200,1610,1810,높음,0.9,10
법인대출,750,1050,1800,높음,0.9,10
상속세증여세,350,1450,1800,높음,0.9,10
국민내일배움카드교육,590,1210,1800,높음,0.9,10
사물인터넷,710,1090,1800,높음,0.9,10
17인치노트북,670,1130,1800,높음,0.9,8
LG건조기9KG,290,1510,1800,높음,0.9,10
접이식간이테이블,330,1470,1800,중간,0.6,8
전세반환보증보험,400,1400,1800,높음,0.9,3
정기보험,560,1240,1800,높음,0.9,10
야외선풍기,320,1480,1800,높음,0.9,8
전기자전거수리,210,1590,1800,높음,0.9,10
무선홈캠,310,1490,1800,중간,0.6,8
가성비스마트워치,390,1410,1800,높음,0.9,8
144HZ모니터,550,1250,1800,중간,0.6,8
음식물쓰레기냉동고,260,1540,1800,중간,0.6,8
40평에어컨,320,1480,1800,높음,0.9,8
방충망셀프교체,370,1430,1800,높음,0.9,8
아파트현관문,330,1470,1800,높음,0.9,10
블랙박스가격,440,1360,1800,높음,0.9,8
생활비,470,1320,1790,높음,0.9,10
16대질병수술비,260,1530,1790,높음,0.9,10
근로자내일배움카드,730,1060,1790,높음,0.9,10
임대보증금,780,1010,1790,높음,0.9,10
국내ETF추천,460,1330,1790,높음,0.9,10
초파리포충기,380,1410,1790,높음,0.9,8
로봇청소기렌탈,290,1500,1790,높음,0.9,10
제습기대용량,360,1430,1790,높음,0.9,9
비영리법인,940,850,1790,높음,0.9,10
잔기침,290,1500,1790,높음,0.9,10
폴딩팬,350,1440,1790,높음,0.9,8
분유갈아타기,140,1650,1790,중간,0.6,8
KT공유기설정,900,890,1790,높음,0.9,3
키보드매크로,1300,490,1790,중간,0.6,7
MXKEYS,950,840,1790,중간,0.6,7
MXKEYSMINI,730,1060,1790,중간,0.6,8
오디세이G5,660,1130,1790,중간,0.6,6
법인등기부등본열람,1410,380,1790,높음,0.9,3
아빠환갑선물,340,1450,1790,높음,0.9,10
블렌텍,390,1400,1790,중간,0.6,8
비대면대출,290,1490,1780,높음,0.9,10
고용보험법,1480,300,1780,높음,0.9,3
현대견적,490,1290,1780,높음,0.9,10
IRP계좌출금,370,1410,1780,높음,0.9,3
파리약,320,1460,1780,높음,0.9,10
LG전자로봇청소기,420,1360,1780,중간,0.6,8
핸드폰기기변경,310,1470,1780,높음,0.9,10
노트북리퍼,530,1250,1780,높음,0.9,10
미니에어건,390,1390,1780,중간,0.6,8
허그안심전세,630,1150,1780,높음,0.9,3
중고자동차매매사이트,600,1180,1780,높음,0.9,10
거실선풍기,220,1560,1780,높음,0.9,8
줄즈데이5,200,1580,1780,중간,0.6,7
티피링크공유기,480,1300,1780,높음,0.9,8
배앓이분유,120,1660,1780,높음,0.9,9
골든저지,110,1670,1780,낮음,0.3,2
TAPOC200,400,1380,1780,높음,0.9,8
복사용지,1230,550,1780,중간,0.6,8
애플모니터,560,1220,1780,중간,0.6,8
에어프라이어오븐,380,1400,1780,중간,0.6,8
스텐방충망,410,1370,1780,높음,0.9,8
전세담보대출,340,1430,1770,높음,0.9,10
서울기술교육원,690,1080,1770,높음,0.9,9
전문연구요원,720,1050,1770,높음,0.9,9
가성비전기차,460,1310,1770,높음,0.9,7
알뜰폰가입방법,380,1390,1770,높음,0.9,10
가성비제습기,530,1240,1770,중간,0.6,8
변호사수임료,370,1400,1770,높음,0.9,10
사망사고,530,1240,1770,높음,0.9,10
특발성폐섬유증,300,1470,1770,높음,0.9,10
상조회사순위,400,1370,1770,높음,0.9,10
스탠드형선풍기,310,1460,1770,높음,0.9,9
코오롱텐트,330,1440,1770,중간,0.6,4
TAPOC210,450,1320,1770,중간,0.6,8
저소음키보드추천,870,900,1770,높음,0.9,7
경정청구환급기간,460,1310,1770,높음,0.9,7
가성비청소기,280,1490,1770,중간,0.6,8
10인용밥솥,800,970,1770,중간,0.6,8
푸쉬풀도어락,380,1390,1770,높음,0.9,8
저신용대출,270,1490,1760,높음,0.9,10
청년창업지원,760,1000,1760,높음,0.9,3
초기창업패키지,880,880,1760,중간,0.6,3
중고실외기,360,1400,1760,높음,0.9,10
전세권설정비용,490,1270,1760,높음,0.9,10
가계약금,320,1440,1760,높음,0.9,7
KT스카이라이프알뜰폰,470,1290,1760,높음,0.9,10
캠핑용샤워기,270,1490,1760,높음,0.9,8
수연소면,190,1570,1760,중간,0.6,6
월급소득세계산법,740,1020,1760,높음,0.9,3
중고차구매사이트,470,1290,1760,높음,0.9,10
대형견유모차,370,1390,1760,중간,0.6,8
중장비종류,260,1500,1760,중간,0.6,8
허리스트레칭기구,540,1220,1760,높음,0.9,9
전자레인지에어프라이어,220,1540,1760,높음,0.9,8
제2금융권대출,340,1410,1750,높음,0.9,10
사업자대출조건,360,1390,1750,높음,0.9,10
체당금,690,1060,1750,높음,0.9,10
경력단절여성취업,340,1410,1750,높음,0.9,10
요양급여신청서,840,910,1750,중간,0.6,3
C언어,690,1060,1750,높음,0.9,10
비상주공유오피스,720,1030,1750,높음,0.9,10
퇴직금정산,670,1080,1750,낮음,0.3,0
차박에어매트,270,1480,1750,중간,0.6,8
교통사고처리특례법,710,1040,1750,높음,0.9,10
건강증진센터,350,1400,1750,높음,0.9,10
선풍기서큘레이터,250,1500,1750,높음,0.9,8
반려견유모차,180,1570,1750,높음,0.9,8
기저귀샘플,150,1600,1750,높음,0.9,8
에어컨3IN1,290,1460,1750,중간,0.6,8
에어컨투인원,230,1520,1750,중간,0.6,8
클립스튜디오가격,400,1340,1740,중간,0.6,4
건축기사합격률,480,1260,1740,높음,0.9,10
사업아이템,410,1330,1740,높음,0.9,10
전기포터,320,1420,1740,높음,0.9,8
중국산전기차,230,1510,1740,높음,0.9,9
불판테이블,340,1400,1740,중간,0.6,8
안마의자브랜드,210,1530,1740,높음,0.9,10
경량체어,340,1400,1740,중간,0.6,8
여행보험,450,1290,1740,높음,0.9,10
여름침구세트,330,1410,1740,높음,0.9,8
캠프라인매장,220,1520,1740,높음,0.9,10
창문형에어콘,450,1290,1740,중간,0.6,8
음처기,410,1330,1740,높음,0.9,7
10평에어컨,330,1410,1740,중간,0.6,8
LG휘센오브제컬렉션,190,1550,1740,높음,0.9,8
개인회생면책신청서,470,1260,1730,높음,0.9,10
부동산대출계산기,580,1150,1730,중간,0.6,8
상속세개편,460,1270,1730,중간,0.6,6
부동산양도소득세,530,1200,1730,높음,0.9,3
자동차검사장,210,1520,1730,높음,0.9,10
롱다운플러스,630,1100,1730,높음,0.9,10
인터넷연결,310,1420,1730,높음,0.9,10
공기순환기,550,1180,1730,높음,0.9,10
빙삭기,360,1370,1730,중간,0.6,8
퇴직금계산법,410,1320,1730,높음,0.9,7
천식치료,170,1560,1730,높음,0.9,10
수면치과,80,1650,1730,높음,0.9,10
응급의학과,200,1530,1730,중간,0.6,1
포그내맥스플로우,100,1630,1730,중간,0.6,2
로지텍기계식키보드,740,990,1730,중간,0.6,8
40인치모니터,830,900,1730,중간,0.6,8
쿠쿠1인용밥솥,220,1510,1730,높음,0.9,9
싱크대수전교체비용,220,1510,1730,높음,0.9,10
평판등,830,900,1730,중간,0.6,8
무담보사채,140,1580,1720,높음,0.9,10
이자율,480,1240,1720,높음,0.9,10
암주요치료비,660,1060,1720,높음,0.9,7
내일배움카드신청자격,500,1220,1720,높음,0.9,7
상권분석,1130,590,1720,높음,0.9,10
전기차할인,380,1340,1720,중간,0.6,6
보증금반환,250,1470,1720,높음,0.9,10
NFC유심,680,1040,1720,높음,0.9,10
소형콤프레샤,390,1330,1720,중간,0.6,8
SK와이파이,170,1550,1720,높음,0.9,10
등산준비물,290,1430,1720,높음,0.9,10
차박꼬리텐트,250,1470,1720,중간,0.6,7
입주청소가격,370,1350,1720,높음,0.9,10
쇼크리더매듭,290,1430,1720,높음,0.9,3
찌꺼기,490,1230,1720,중간,0.6,5
전기밥솥추천,230,1490,1720,높음,0.9,10
스탠드에어컨추천,270,1450,1720,높음,0.9,8
스마트키복사,180,1540,1720,높음,0.9,10
QXD8000,540,1180,1720,중간,0.6,7
휴맥스EV,330,1390,1720,중간,0.6,2
신불자대출,200,1510,1710,높음,0.9,10
신용등급조회,350,1360,1710,높음,0.9,10
세법,840,870,1710,높음,0.9,10
직업학교,370,1340,1710,높음,0.9,10
KT프리미엄가족결합,410,1300,1710,높음,0.9,10
블루투스헤드폰,530,1180,1710,중간,0.6,8
침대의자,360,1350,1710,높음,0.9,8
마진계산기,830,880,1710,낮음,0.3,0
단체여행자보험,1010,700,1710,높음,0.9,10
항공기지연보상,100,1610,1710,중간,0.6,8
허리디스크병원,240,1470,1710,높음,0.9,10
산양유효능,100,1610,1710,높음,0.9,10
브라이텍스듀얼픽스아이사이즈,190,1520,1710,중간,0.6,6
맥북키보드,520,1190,1710,중간,0.6,8
LG32인치모니터,770,940,1710,중간,0.6,8
자동차키복사,260,1450,1710,높음,0.9,10
은행대출이자,310,1390,1700,높음,0.9,10
은행대출금리,460,1240,1700,높음,0.9,10
신용불량자기준,180,1520,1700,높음,0.9,10
과세이연,930,770,1700,중간,0.6,2
개인사업자폐업,590,1110,1700,높음,0.9,10
힐스테이트상도프레스티지,240,1460,1700,중간,0.6,7
그래핀관련주,350,1350,1700,중간,0.6,7
현대마린솔루션주가,60,1640,1700,높음,0.9,3
미국나스닥ETF,370,1330,1700,높음,0.9,7
티비인터넷,270,1430,1700,높음,0.9,10
KT인터넷티비,580,1120,1700,높음,0.9,10
삼성AI로봇청소기,190,1510,1700,높음,0.9,8
노트북사양,280,1420,1700,높음,0.9,10
낙상사고,560,1140,1700,높음,0.9,7
중형차,330,1370,1700,높음,0.9,10
그늘막텐트추천,170,1530,1700,높음,0.9,8
트렉MTB,250,1450,1700,높음,0.9,9
KT공유기,550,1150,1700,높음,0.9,9
1인용압력밥솥,220,1480,1700,높음,0.9,8
리큅에어프라이어,260,1440,1700,높음,0.9,8
현관인터폰,230,1470,1700,높음,0.9,8
창원개인회생,850,840,1690,높음,0.9,10
전립선암3기,240,1450,1690,높음,0.9,10
자녀가부모에게증여,270,1420,1690,높음,0.9,3
직무교육,970,720,1690,높음,0.9,10
경차혜택,350,1340,1690,높음,0.9,9
연비좋은SUV,340,1350,1690,높음,0.9,10
소음기,570,1120,1690,중간,0.6,8
보아르미니제습기,220,1470,1690,높음,0.9,10
EVO,340,1350,1690,높음,0.9,10
법인등록번호조회,1280,410,1690,중간,0.6,4
아기여름이불,150,1540,1690,중간,0.6,8
아이스패드,200,1490,1690,높음,0.9,8
채무불이행자명부등재,630,1060,1690,높음,0.9,10
보험설계사자격증,360,1330,1690,높음,0.9,10
LED엣지등,380,1310,1690,중간,0.6,8
윈터타이어,440,1250,1690,중간,0.6,8
손부업,310,1370,1680,높음,0.9,10
상속세및증여세법,1300,380,1680,높음,0.9,10
일반과세자,530,1150,1680,높음,0.9,9
사무,440,1240,1680,높음,0.9,9
NPL경매,340,1340,1680,높음,0.9,10
증권계좌개설이벤트,290,1390,1680,높음,0.9,10
파트라의자,550,1130,1680,높음,0.9,10
노란우산공제이율,270,1410,1680,중간,0.6,6
가래삭히는법,100,1580,1680,높음,0.9,10
아파트입주청소,440,1240,1680,높음,0.9,10
한일벽걸이선풍기,360,1320,1680,높음,0.9,8
휴대용가습기,210,1470,1680,중간,0.6,8
신일무소음선풍기,250,1430,1680,높음,0.9,8
아기우유,160,1520,1680,높음,0.9,9
LED등교체,380,1300,1680,높음,0.9,10
도어락설치비용,240,1440,1680,높음,0.9,10
부업추천,650,1020,1670,높음,0.9,10
취직,320,1350,1670,높음,0.9,10
세무사상담비용,380,1290,1670,높음,0.9,10
퇴직연금펀드,600,1070,1670,높음,0.9,7
울트라트랩,440,1230,1670,높음,0.9,9
휴대폰자급제,370,1300,1670,높음,0.9,8
이동식후드,350,1320,1670,높음,0.9,10
마사지의자,270,1400,1670,중간,0.6,8
훈연칩,390,1280,1670,중간,0.6,8
윈드스크린,400,1270,1670,중간,0.6,8
홍삼종류,310,1360,1670,중간,0.6,8
경주변호사,220,1450,1670,높음,0.9,10
변호사비용,340,1330,1670,높음,0.9,10
노란우산가입,330,1340,1670,중간,0.6,8
요양보험,360,1310,1670,높음,0.9,10
비염에좋은차,290,1380,1670,높음,0.9,10
부분틀니,290,1380,1670,높음,0.9,10
척추측만증증상,140,1530,1670,높음,0.9,10
이사비용견적,390,1280,1670,높음,0.9,10
대상포진예방주사가격,160,1510,1670,높음,0.9,7
신일스탠드선풍기,220,1450,1670,높음,0.9,8
가성비전기자전거,400,1270,1670,높음,0.9,10
4인용텐트,300,1370,1670,높음,0.9,8
트라이크추천,120,1550,1670,중간,0.6,4
근로자대출,570,1090,1660,높음,0.9,10
개인연금소득공제,370,1290,1660,높음,0.9,10
BIM자격증,760,900,1660,높음,0.9,10
미국채권ETF,510,1150,1660,높음,0.9,7
케이티알뜰폰,400,1260,1660,높음,0.9,10
통돌이세탁기10KG,330,1330,1660,중간,0.6,8
여행자보험가입,620,1040,1660,높음,0.9,10
소아이비인후과,70,1590,1660,높음,0.9,10
아기분유,230,1430,1660,중간,0.6,8
매일분유,160,1500,1660,중간,0.6,5
스마트워치기능,180,1480,1660,높음,0.9,10
에쿼티,740,920,1660,높음,0.9,1
캡슐머신,500,1160,1660,높음,0.9,8
세면대수도꼭지교체,200,1460,1660,높음,0.9,10
디지털도어록,460,1200,1660,높음,0.9,8
어라운드뷰설치비용,250,1410,1660,높음,0.9,10
실손보험청구기간,320,1330,1650,높음,0.9,10
보험가입,480,1170,1650,높음,0.9,10
일용직근로계약서,980,670,1650,높음,0.9,10
라식가격,250,1400,1650,높음,0.9,10
평택입주청소,630,1020,1650,높음,0.9,10
전기차완속충전기,460,1190,1650,중간,0.6,8
페들나인,530,1120,1650,중간,0.6,3
경량텐트,320,1330,1650,중간,0.6,8
차시트커버,160,1490,1650,높음,0.9,8
강아지수제사료,80,1570,1650,높음,0.9,8
기계식키보드추천,900,750,1650,높음,0.9,10
보안업체,490,1160,1650,높음,0.9,10
쥬니어치과,80,1560,1640,높음,0.9,7
당장,540,1100,1640,높음,0.9,1
전기중고차,480,1160,1640,높음,0.9,10
용산재개발,360,1280,1640,높음,0.9,10
파킹형ETF,590,1050,1640,중간,0.6,3
핸즈프리,280,1360,1640,중간,0.6,8
드럼세탁기10KG,220,1420,1640,중간,0.6,8
근속연수계산기,1160,480,1640,중간,0.6,1
영조물배상책임,550,1090,1640,높음,0.9,7
척추측만증치료,160,1480,1640,높음,0.9,10
코막힘,220,1420,1640,높음,0.9,10
노인임플란트지원,190,1450,1640,중간,0.6,3
장판시공가격,210,1430,1640,높음,0.9,10
침대쿨링매트,170,1470,1640,높음,0.9,8
지압깔창,310,1330,1640,높음,0.9,8
LTE,330,1310,1640,높음,0.9,10
마우스종류,1380,260,1640,높음,0.9,7
삼성오디세이G7,630,1010,1640,중간,0.6,5
갤럭시탭FE,430,1210,1640,중간,0.6,8
커피용품,470,1170,1640,높음,0.9,10
후순위주택담보대출,490,1140,1630,높음,0.9,10
보험사,410,1220,1630,높음,0.9,10
연장수당,520,1110,1630,높음,0.9,9
무료노무상담,420,1210,1630,높음,0.9,10
자동차정비자격증,350,1280,1630,높음,0.9,10
오토바이정비,160,1470,1630,높음,0.9,10
첫차추천,250,1380,1630,높음,0.9,10
벅스델타,290,1340,1630,낮음,0.3,1
알뜰폰이심,370,1260,1630,높음,0.9,10
무릎수술,230,1400,1630,높음,0.9,10
이사청소비용,290,1340,1630,높음,0.9,10
쿨링이불,230,1400,1630,높음,0.9,8
무소음서큘레이터,310,1320,1630,높음,0.9,8
미니써큘레이터,230,1400,1630,높음,0.9,8
볼넓은운동화,280,1350,1630,높음,0.9,10
휴대용트라이크,180,1450,1630,높음,0.9,8
TANK도어락,180,1450,1630,높음,0.9,10
환경부무공해차통합누리집,640,990,1630,중간,0.6,1
소상공인대환대출,550,1070,1620,높음,0.9,10
치아보험임플란트,260,1360,1620,높음,0.9,10
부동산법무사비용,300,1320,1620,높음,0.9,10
근로기준법근무시간,450,1170,1620,높음,0.9,3
전기화물차,310,1310,1620,높음,0.9,10
노후생활비,370,1250,1620,높음,0.9,10
뿌리는모기약,300,1320,1620,높음,0.9,8
침대진드기퇴치제,170,1450,1620,높음,0.9,8
가성비이어폰,320,1300,1620,중간,0.6,8
캠핑브랜드,440,1180,1620,높음,0.9,10
허리의자,400,1220,1620,높음,0.9,10
의자발받침,360,1260,1620,높음,0.9,9
엄마선물,310,1310,1620,높음,0.9,10
세금신고,670,950,1620,높음,0.9,10
해외여행자보험추천,350,1270,1620,높음,0.9,10
교통사고입원,320,1300,1620,높음,0.9,10
한국건강검진센터,260,1360,1620,높음,0.9,10
8월달손없는날,60,1560,1620,높음,0.9,7
전기차급속충전,120,1500,1620,높음,0.9,10
접이식무선선풍기,280,1340,1620,높음,0.9,8
전기자전거매장,120,1500,1620,높음,0.9,8
시마노트윈파워,280,1340,1620,높음,0.9,8
와이업지니제로3,100,1520,1620,중간,0.6,5
아이패드블루투스키보드,360,1260,1620,높음,0.9,8
부동산PF,830,790,1620,높음,0.9,10
물적분할,650,960,1610,높음,0.9,10
이어폰브랜드,90,1520,1610,높음,0.9,8
핸드폰요금제,340,1270,1610,높음,0.9,10
주주명부양식,1340,270,1610,높음,0.9,9
DB간병인보험,280,1330,1610,높음,0.9,10
후유장해진단서,390,1220,1610,높음,0.9,10
상조회,340,1270,1610,높음,0.9,10
보국에어젯,160,1450,1610,높음,0.9,8
면텐트,340,1270,1610,중간,0.6,8
여름트레킹화,260,1350,1610,높음,0.9,8
전술화,270,1340,1610,중간,0.6,8
꽃게낚시,420,1190,1610,높음,0.9,3
가성비키보드,490,1120,1610,높음,0.9,10
무선마우스키보드세트,900,710,1610,중간,0.6,8
보험점검센터,510,1100,1610,높음,0.9,10
벽걸이에어컨중고,360,1250,1610,높음,0.9,10
밥솥추천,330,1280,1610,높음,0.9,8
신혼집집들이선물,310,1300,1610,높음,0.9,10
야근수당,410,1190,1600,높음,0.9,7
최우선변제금,770,830,1600,높음,0.9,7
전기차배터리,460,1140,1600,높음,0.9,10
자동차정기점검,520,1080,1600,높음,0.9,3
인터넷신규가입,510,1090,1600,높음,0.9,10
캠핑용배터리,390,1210,1600,중간,0.6,8
부가세신고자료,750,850,1600,높음,0.9,7
고용보험료율,1040,560,1600,높음,0.9,3
대상포진백신가격,200,1400,1600,높음,0.9,10
인천공항짐보관,180,1420,1600,높음,0.9,9
모두의충전,580,1020,1600,중간,0.6,5
자동차조회,460,1140,1600,높음,0.9,10
DC콤보,400,1200,1600,높음,0.9,3
온열매트,390,1210,1600,높음,0.9,8
남자여름조끼,210,1390,1600,높음,0.9,7
운전면허시험필기,300,1300,1600,높음,0.9,10
운전면허기능시험코스,270,1330,1600,높음,0.9,10
가벼운무선청소기,250,1350,1600,중간,0.6,8
음쓰통,190,1410,1600,중간,0.6,8
채무자회생법,1280,310,1590,높음,0.9,10
복식부기의무자,630,960,1590,높음,0.9,7
세액계산기,910,680,1590,낮음,0.3,0
원룸청소,250,1340,1590,높음,0.9,10
개인연금펀드,500,1090,1590,높음,0.9,10
KT유심구매,320,1270,1590,높음,0.9,10
식기세척기추천,340,1250,1590,높음,0.9,10
급여일할계산기,1190,400,1590,낮음,0.3,0
세무조정계산서,1180,410,1590,높음,0.9,7
해외여행필수품,310,1280,1590,높음,0.9,9
GA보험,390,1200,1590,높음,0.9,10
음주뺑소니변호사,400,1190,1590,높음,0.9,10
가래기침,190,1400,1590,높음,0.9,10
천안장례식장,300,1290,1590,높음,0.9,7
경동보일러가격,170,1420,1590,높음,0.9,10
은평구누수탐지,380,1210,1590,높음,0.9,10
시흥입주청소,590,1000,1590,높음,0.9,10
충전용선풍기,220,1370,1590,높음,0.9,8
여성골프채풀세트,290,1300,1590,중간,0.6,8
POE허브,820,770,1590,중간,0.6,8
욕실상부장,500,1090,1590,중간,0.6,8
화장실전등교체,140,1450,1590,높음,0.9,10
삼성스마트도어락,170,1420,1590,중간,0.6,8
실비보험가입조건,420,1160,1580,높음,0.9,10
상속세신고기한,470,1110,1580,높음,0.9,10
상가임대차보호법10년,540,1040,1580,높음,0.9,10
대구공유오피스,630,950,1580,높음,0.9,10
벼룩퇴치,120,1460,1580,높음,0.9,10
KB알뜰폰,450,1130,1580,높음,0.9,10
13인치노트북,460,1120,1580,중간,0.6,8
건조기9KG,290,1290,1580,중간,0.6,8
미니콤프레샤,330,1250,1580,높음,0.9,8
요추추간판탈출증,380,1200,1580,높음,0.9,10
올리브영미백치약,170,1410,1580,높음,0.9,10
정화조청소,480,1100,1580,높음,0.9,10
동대문구입주청소,150,1430,1580,높음,0.9,10
유선선풍기,280,1300,1580,높음,0.9,7
한손키보드,580,1000,1580,중간,0.6,8
웨어러블기기,390,1190,1580,중간,0.6,8
필립스모니터,800,780,1580,높음,0.9,9
욕실리모델링비용,310,1270,1580,높음,0.9,10
현관센서등교체,220,1360,1580,높음,0.9,10
버티컬블라인드,480,1100,1580,높음,0.9,8
삼성도어락AS,190,1390,1580,높음,0.9,10
방화문도어락,530,1050,1580,중간,0.6,8
후방카메라설치비용,240,1340,1580,높음,0.9,10
스타코프,670,910,1580,중간,0.6,2
포터2전기차,200,1380,1580,높음,0.9,10
치아보험비교,350,1220,1570,높음,0.9,10
종합소득세납부,780,790,1570,높음,0.9,3
개인정보동의서양식,1090,480,1570,중간,0.6,8
자바스크립트,710,860,1570,높음,0.9,10
차박하기좋은차,290,1280,1570,높음,0.9,10
8월공모주,660,910,1570,높음,0.9,7
절세계좌,360,1210,1570,높음,0.9,7
미니음식물처리기,260,1310,1570,높음,0.9,8
인터넷종류,290,1280,1570,높음,0.9,10
핸드폰구매,440,1130,1570,높음,0.9,10
알뜰폰KT,410,1160,1570,높음,0.9,10
저온제습기,320,1250,1570,높음,0.9,9
정관장다보록,110,1460,1570,중간,0.6,8
침대메트리스추천,240,1330,1570,높음,0.9,10
메리츠여행자보험,370,1200,1570,높음,0.9,10
임플란트수명,260,1310,1570,높음,0.9,10
기름보일러,370,1200,1570,높음,0.9,7
한일BLDC선풍기,270,1300,1570,높음,0.9,3
터널형텐트,330,1240,1570,중간,0.6,8
와이파이공유기설치방법,190,1380,1570,높음,0.9,7
대형견사료,280,1290,1570,중간,0.6,8
단축키키보드,560,1010,1570,중간,0.6,8
조용한키보드,1340,230,1570,중간,0.6,8
씽크퓨어,170,1400,1570,높음,0.9,10
정수기렌탈현금,230,1340,1570,높음,0.9,10
문수리,300,1270,1570,높음,0.9,10
아이나비QXD8000,360,1210,1570,높음,0.9,9
군인대출,160,1400,1560,높음,0.9,10
재택부업사이트,400,1160,1560,높음,0.9,10
집에서할수있는부업,390,1170,1560,높음,0.9,10
KB치아보험,380,1180,1560,높음,0.9,10
토지양도세계산기,420,1140,1560,높음,0.9,1
단기알바사이트,340,1220,1560,높음,0.9,10
AI어플,360,1200,1560,높음,0.9,7
연체자소액대출,170,1390,1560,높음,0.9,10
주식그래프,360,1200,1560,높음,0.9,10
KT선불폰,680,880,1560,높음,0.9,10
수배전반,870,690,1560,높음,0.9,10
스크래치페이퍼,510,1050,1560,중간,0.6,8
산재보험요율,1340,220,1560,높음,0.9,3
보관,540,1020,1560,높음,0.9,10
수도계량기교체,240,1320,1560,높음,0.9,10
날개없는선풍기추천,290,1270,1560,높음,0.9,8
강아지유모차추천,180,1380,1560,중간,0.6,8
SKTV,310,1250,1560,높음,0.9,10
세금계산,500,1060,1560,높음,0.9,10
30평에어컨,240,1320,1560,중간,0.6,8
원두커피기계,250,1310,1560,높음,0.9,10
블랙스텐방충망,300,1260,1560,높음,0.9,7
하이패스설치,240,1320,1560,높음,0.9,8
치아교정보험,250,1300,1550,높음,0.9,10
부동산가계약금반환,290,1260,1550,높음,0.9,10
ETF배당금,330,1220,1550,높음,0.9,7
초파리살충제,290,1260,1550,높음,0.9,8
블루투스이어폰추천,470,1080,1550,높음,0.9,9
KT알뜰폰유심,320,1230,1550,중간,0.6,8
귀걸이형이어폰,400,1150,1550,높음,0.9,9
노란우산혜택,250,1300,1550,중간,0.6,6
트래블로버여행자보험,730,820,1550,중간,0.6,5
일본여행자보험추천,210,1340,1550,높음,0.9,10
음주운전실형,540,1010,1550,높음,0.9,10
아르기닌주사,340,1210,1550,높음,0.9,10
일산입주청소,680,870,1550,높음,0.9,10
중고자동차매매,400,1150,1550,높음,0.9,10
냉장고온도계,570,980,1550,중간,0.6,8
나이키서울,300,1250,1550,중간,0.6,8
PF대출,570,980,1550,높음,0.9,10
사대보험요율,1120,430,1550,높음,0.9,3
4대보험알바,190,1360,1550,높음,0.9,3
진주자동차검사소,210,1340,1550,중간,0.6,5
거실LED등교체,230,1320,1550,높음,0.9,8
붙이는방충망,300,1250,1550,높음,0.9,8
페달블랙박스,340,1210,1550,중간,0.6,8
아이로드블랙박스,470,1080,1550,중간,0.6,8
60대일자리,240,1300,1540,높음,0.9,10
건설안전기사필기기출문제,850,690,1540,중간,0.6,6
상도동재개발,360,1180,1540,높음,0.9,10
구리관련주,330,1210,1540,높음,0.9,10
내연금알아보기,680,860,1540,높음,0.9,3
오창수영장,190,1350,1540,높음,0.9,3
책상의자추천,340,1200,1540,중간,0.6,8
강아지보험추천,110,1430,1540,높음,0.9,10
척추병원,190,1350,1540,높음,0.9,10
임플란트치과,270,1270,1540,높음,0.9,10
전체임플란트,550,990,1540,높음,0.9,10
천식약,260,1280,1540,높음,0.9,10
미니서큘레이터,340,1200,1540,중간,0.6,8
에어컨서큘레이터,320,1220,1540,높음,0.9,3
여름필수템,420,1120,1540,높음,0.9,7
등산화브랜드,370,1170,1540,높음,0.9,10
국산전기자전거,320,1220,1540,높음,0.9,10
22인치모니터,780,760,1540,중간,0.6,8
방에어컨,250,1290,1540,높음,0.9,7
화장실수전교체,240,1300,1540,중간,0.6,8
아파트화장실리모델링,250,1290,1540,높음,0.9,10
가정용커피머신추천,310,1230,1540,중간,0.6,8
COMMAX도어락,140,1400,1540,높음,0.9,10
QXD1,510,1030,1540,중간,0.6,6
자동차보험견적,550,980,1530,높음,0.9,10
프리랜서계약서,920,610,1530,높음,0.9,10
임금대장,770,760,1530,높음,0.9,9
국비교육,620,910,1530,높음,0.9,10
개인사업자햇살론,240,1290,1530,중간,0.6,4
조선관련주,340,1190,1530,중간,0.6,8
녹색건축인증,1070,460,1530,높음,0.9,10
제습기용량,400,1130,1530,높음,0.9,8
원룸건조기,420,1110,1530,중간,0.6,8
높이조절의자,330,1200,1530,중간,0.6,8
일용근로소득지급명세서,890,640,1530,높음,0.9,3
자본시장과금융투자업에관한법률,1390,140,1530,높음,0.9,7
동산내과,190,1340,1530,중간,0.6,2
냉감이불패드,270,1260,1530,높음,0.9,8
여름토퍼,320,1210,1530,높음,0.9,8
호카트랜스포트,270,1260,1530,높음,0.9,3
가벼운청소기,210,1320,1530,중간,0.6,8
음식물탈수기,350,1180,1530,높음,0.9,8
장모님생신선물,310,1220,1530,높음,0.9,10
욕실하부장,480,1050,1530,높음,0.9,10
비데가격,230,1300,1530,높음,0.9,10
아파트현관CCTV,280,1250,1530,높음,0.9,8
잠금장치,560,970,1530,중간,0.6,8
블랙박스수리,200,1330,1530,높음,0.9,10
사이드블랙박스,290,1240,1530,중간,0.6,8
제2금융권,290,1230,1520,높음,0.9,9
자녀증여세,310,1210,1520,높음,0.9,10
세무사상담,440,1080,1520,높음,0.9,10
추징금,410,1110,1520,높음,0.9,7
실업급여신청하는곳,290,1230,1520,중간,0.6,1
무료노무사상담,350,1170,1520,높음,0.9,10
취업지원제도,740,780,1520,높음,0.9,10
프랜차이즈박람회,680,840,1520,높음,0.9,10
부산채용,450,1070,1520,높음,0.9,10
조합원아파트,240,1280,1520,높음,0.9,10
ETF주식,200,1320,1520,높음,0.9,7
메인비즈협회,1100,420,1520,높음,0.9,7
양주신도시,310,1210,1520,높음,0.9,10
인터넷변경,500,1020,1520,높음,0.9,10
알뜰폰요금,370,1150,1520,높음,0.9,10
제습제추천,290,1230,1520,높음,0.9,8
식기세척기설치,270,1250,1520,높음,0.9,10
장례비용,350,1170,1520,높음,0.9,10
홍역예방접종,260,1260,1520,중간,0.6,5
아벨리노검사,290,1230,1520,중간,0.6,3
여름베개커버,190,1330,1520,높음,0.9,8
에어쿨러냉풍기,230,1290,1520,높음,0.9,8
전기자전거속도,240,1280,1520,높음,0.9,10
주택현관문,270,1250,1520,높음,0.9,7
BMW블랙박스,260,1260,1520,높음,0.9,10
긴급대출,250,1260,1510,높음,0.9,10
신규사업자대출,390,1120,1510,높음,0.9,10
현대해상치아보험,420,1090,1510,높음,0.9,10
부동산양도세신고,550,960,1510,높음,0.9,3
실업급여온라인신청,380,1130,1510,높음,0.9,3
국민취업지원,490,1020,1510,중간,0.6,3
직업능력개발원,680,830,1510,높음,0.9,10
방음,590,920,1510,높음,0.9,8
보증보험가입,640,870,1510,높음,0.9,10
알뜰유심,360,1150,1510,중간,0.6,8
오사카여행준비물,390,1120,1510,높음,0.9,3
휴대용유모차추천,240,1270,1510,중간,0.6,8
골프용품점,150,1360,1510,높음,0.9,10
산양유분유,140,1370,1510,높음,0.9,10
베네피아몰,1000,510,1510,낮음,0.3,2
로지텍MXMECHANICAL,620,890,1510,중간,0.6,8
어린이손목시계,140,1370,1510,높음,0.9,10
스마트폰키보드,130,1380,1510,높음,0.9,8
에버넷,690,820,1510,높음,0.9,10
UNICOR도어락,230,1280,1510,높음,0.9,10
집담보대출이자,200,1300,1500,높음,0.9,10
주택담보대출금리비교사이트,570,930,1500,높음,0.9,10
도수치료가격,340,1160,1500,높음,0.9,10
프랜차이즈창업,720,780,1500,높음,0.9,10
해충방역,320,1180,1500,높음,0.9,10
차량검사,540,960,1500,높음,0.9,10
로봇청소기로보락,340,1160,1500,높음,0.9,8
화장실용제습기,300,1200,1500,높음,0.9,8
베이직북14,430,1070,1500,중간,0.6,7
급여소득세계산기,990,510,1500,높음,0.9,1
요양병원간병비지원,260,1240,1500,높음,0.9,3
앞니임플란트가격,190,1310,1500,높음,0.9,10
만성부비동염,220,1280,1500,높음,0.9,10
공무원건강검진,280,1220,1500,높음,0.9,10
아기방선풍기,130,1370,1500,높음,0.9,7
체지방체중계,290,1210,1500,높음,0.9,9
강아지밥안먹을때,120,1380,1500,높음,0.9,9
아기용품점,90,1410,1500,높음,0.9,10
등기부열람,1050,450,1500,높음,0.9,3
방충망가격,140,1360,1500,높음,0.9,8
500만원대출,230,1260,1490,높음,0.9,10
소상공인창업대출,300,1190,1490,높음,0.9,10
제태크,370,1120,1490,높음,0.9,10
휴대폰기기변경,280,1210,1490,높음,0.9,10
편안한의자,290,1200,1490,중간,0.6,8
1인실입원비실비,100,1390,1490,높음,0.9,7
동탄입주청소,390,1100,1490,높음,0.9,10
중고차추천,390,1100,1490,높음,0.9,10
카본매트,380,1110,1490,중간,0.6,8
BMW골프백,260,1230,1490,높음,0.9,8
머렐등산화,250,1240,1490,중간,0.6,8
스틱분유,110,1380,1490,높음,0.9,3
브라이텍스듀얼픽스플러스,240,1250,1490,높음,0.9,3
게이밍모니터추천,450,1040,1490,높음,0.9,8
재개발보상금,180,1310,1490,높음,0.9,10
현관방화문,400,1090,1490,높음,0.9,10
현관문수리,230,1260,1490,높음,0.9,10
납부불성실가산세,1120,360,1480,높음,0.9,3
상속세율표,240,1240,1480,높음,0.9,7
개인사업자신용대출,420,1060,1480,높음,0.9,10
임대사업자등록,500,980,1480,높음,0.9,10
CMB인터넷,190,1290,1480,높음,0.9,10
불루투스이어폰,200,1280,1480,중간,0.6,8
컴퓨터이어폰,680,800,1480,중간,0.6,8
리싱크,610,870,1480,중간,0.6,6
자충에어매트,230,1250,1480,높음,0.9,8
히말라야핑크소금,150,1330,1480,높음,0.9,8
풀메쉬의자,590,890,1480,높음,0.9,9
기본급계산,410,1070,1480,낮음,0.3,0
보복운전,290,1190,1480,높음,0.9,10
하비갑개절제술,290,1190,1480,높음,0.9,9
송파구입주청소,370,1110,1480,높음,0.9,10
발볼넓은런닝화,260,1220,1480,높음,0.9,10
런닝시계,250,1230,1480,중간,0.6,8
스마트카라400,160,1320,1480,높음,0.9,9
이동식에어컨임대,640,840,1480,높음,0.9,7
무인커피머신,400,1080,1480,높음,0.9,10
싱크대수도꼭지,230,1250,1480,중간,0.6,8
대용량에어프라이어,240,1240,1480,중간,0.6,8
에어프라이어가격,930,550,1480,높음,0.9,10
도어락가격,150,1330,1480,높음,0.9,8
주택매매대출,380,1090,1470,높음,0.9,10
경락대출,490,980,1470,높음,0.9,10
부동산매매약정서,620,850,1470,높음,0.9,7
IRP해지,400,1070,1470,중간,0.6,6
날파리퇴치기,280,1190,1470,중간,0.6,8
소형공기청정기,430,1040,1470,중간,0.6,8
애기의자,220,1250,1470,높음,0.9,8
허리에좋은의자,400,1070,1470,중간,0.6,8
피시방의자,500,970,1470,높음,0.9,8
치매보험가격,190,1280,1470,높음,0.9,10
코감기,230,1240,1470,높음,0.9,10
가스온수기,460,1010,1470,중간,0.6,8
롯데보일러,200,1270,1470,높음,0.9,10
여름인견이불,150,1320,1470,높음,0.9,8
가벼운운동화,250,1220,1470,높음,0.9,10
꼬리텐트,300,1170,1470,중간,0.6,8
4번아이언,250,1220,1470,높음,0.9,9
소형라디오,210,1260,1470,높음,0.9,8
유선청소기추천,240,1230,1470,중간,0.6,8
음식탈수기,170,1300,1470,높음,0.9,8
세면수전,600,870,1470,높음,0.9,8
주방블라인드,200,1270,1470,높음,0.9,8
다이렉트운전자보험,460,1000,1460,높음,0.9,10
IRP퇴직연금수령,280,1180,1460,높음,0.9,10
보험해지,250,1210,1460,높음,0.9,10
직장인부업추천,530,930,1460,높음,0.9,10
파크리오아파트,350,1110,1460,높음,0.9,10
가구수거,250,1210,1460,높음,0.9,10
가성비블루투스이어폰,390,1070,1460,중간,0.6,8
냄새제거,360,1100,1460,중간,0.6,8
캠핑좌식의자,270,1190,1460,높음,0.9,8
암검사,170,1290,1460,높음,0.9,10
아이스매트,180,1280,1460,높음,0.9,8
가성비선풍기,200,1260,1460,높음,0.9,8
산업용대형선풍기,520,940,1460,높음,0.9,8
어린이안전벨트,190,1270,1460,높음,0.9,8
가성비모니터,440,1020,1460,중간,0.6,8
아이패드프로12.95세대,270,1190,1460,높음,0.9,10
내가입보험조회,370,1090,1460,높음,0.9,10
신용보증보험,890,570,1460,중간,0.6,7
올스텐밥솥,110,1350,1460,높음,0.9,8
일체형비데,320,1140,1460,높음,0.9,10
세면대샤워기수전,260,1200,1460,중간,0.6,8
지멘스인덕션,260,1200,1460,높음,0.9,8
현관문잠금장치,220,1240,1460,중간,0.6,8
벨크로방충망,400,1060,1460,높음,0.9,9
얼굴인식도어락,280,1180,1460,중간,0.6,8
트레블카드,350,1100,1450,높음,0.9,7
대부업체대출,220,1230,1450,높음,0.9,10
전체틀니가격,190,1260,1450,높음,0.9,10
세무사자격증,430,1020,1450,높음,0.9,10
국비지원신청,360,1090,1450,높음,0.9,10
자동차종합검사소,290,1160,1450,높음,0.9,10
알뜰폰인터넷결합,380,1070,1450,높음,0.9,10
급성부비동염,220,1230,1450,높음,0.9,3
라섹라식차이,200,1250,1450,높음,0.9,10
마라톤화,290,1160,1450,높음,0.9,10
터널텐트,250,1200,1450,중간,0.6,8
미즈노골프화,250,1200,1450,높음,0.9,10
매일유업분유,180,1270,1450,높음,0.9,7
정수기현금지원,290,1160,1450,높음,0.9,10
강화도어힌지,540,910,1450,높음,0.9,8
신용정보조회사이트,530,910,1440,높음,0.9,10
재개발이주비,250,1190,1440,높음,0.9,10
가사도우미일당,90,1350,1440,높음,0.9,10
청년취업,510,930,1440,높음,0.9,10
소상공인대리대출,370,1070,1440,중간,0.6,6
뮤추얼펀드,290,1150,1440,높음,0.9,3
드레스룸제습기,370,1070,1440,중간,0.6,8
출산축하선물,330,1110,1440,높음,0.9,10
매쉬의자,580,860,1440,중간,0.6,8
위임장서식,1060,380,1440,높음,0.9,10
장판가격,270,1170,1440,높음,0.9,8
캠핑써큘레이터,190,1250,1440,중간,0.6,8
30인치선풍기,550,890,1440,높음,0.9,8
창문형에어컨중고,410,1030,1440,높음,0.9,10
CR-0675FW,230,1210,1440,높음,0.9,9
벽걸이에어컨15평,260,1180,1440,높음,0.9,8
유리문,430,1010,1440,높음,0.9,10
LED안방등,260,1180,1440,중간,0.6,8
현금증여세계산기,360,1070,1430,낮음,0.3,0
집에서돈벌기,230,1200,1430,높음,0.9,10
부동산가계약금,200,1230,1430,높음,0.9,10
임차권등기명령신청방법,650,780,1430,높음,0.9,3
1톤전기트럭,180,1250,1430,높음,0.9,10
MSTY주가,80,1350,1430,중간,0.6,1
절세,440,990,1430,낮음,0.3,0
바퀴벌레방역,250,1180,1430,높음,0.9,10
자동차검사비,200,1230,1430,높음,0.9,3
쏘렌토차박,290,1140,1430,높음,0.9,10
호텔매트리스,850,580,1430,중간,0.6,8
도주치상,360,1070,1430,높음,0.9,10
양방향척추내시경,250,1180,1430,높음,0.9,10
교통사고도수치료,270,1160,1430,높음,0.9,10
독감예방접종,250,1180,1430,높음,0.9,10
신경주사,160,1270,1430,높음,0.9,10
무선충전선풍기,180,1250,1430,높음,0.9,8
음쓰냉장고,190,1240,1430,높음,0.9,8
벽걸이에어콘,280,1150,1430,중간,0.6,8
SHS-P710,240,1190,1430,중간,0.6,8
목문도어락,390,1040,1430,높음,0.9,8
대부업체대출조회,230,1190,1420,높음,0.9,10
경매대출,440,980,1420,높음,0.9,10
분양권양도세,330,1090,1420,높음,0.9,3
연금저축IRP,500,920,1420,높음,0.9,10
나라배움카드,520,900,1420,높음,0.9,10
내일배움카드발급,580,840,1420,중간,0.6,8
전세계약주의사항,230,1190,1420,높음,0.9,7
퇴직연금IRP계좌개설,450,970,1420,높음,0.9,7
산업용전기요금,480,940,1420,높음,0.9,10
KT가족결합,390,1030,1420,높음,0.9,9
인터넷현금지원,370,1050,1420,높음,0.9,10
SKT결합할인,320,1100,1420,높음,0.9,10
알뜰폰비교사이트,560,860,1420,높음,0.9,10
미니스타일러,280,1140,1420,중간,0.6,8
킹매트리스,240,1180,1420,중간,0.6,8
CDR,650,770,1420,높음,0.9,10
라식수술후관리,170,1250,1420,높음,0.9,10
강남입주청소,290,1130,1420,높음,0.9,10
캠핑서큘레이터,270,1150,1420,높음,0.9,9
콜롬비아등산화,220,1200,1420,중간,0.6,7
스포츠시계,250,1170,1420,높음,0.9,10
갈축키보드,610,810,1420,중간,0.6,8
음식물처리기필터,310,1110,1420,높음,0.9,8
개인회생수임료,330,1080,1410,높음,0.9,10
가족법인,710,700,1410,높음,0.9,7
실업자국비지원,340,1070,1410,높음,0.9,10
KDT,790,620,1410,높음,0.9,10
TIGER미국나스닥100커버드콜(합성),410,1000,1410,중간,0.6,1
여름아이템,360,1050,1410,높음,0.9,7
낙엽송풍기,300,1110,1410,중간,0.6,8
용종보험,210,1200,1410,높음,0.9,10
교통사고사망,260,1150,1410,높음,0.9,10
객담,270,1140,1410,높음,0.9,10
익산한의원,430,980,1410,높음,0.9,10
아산입주청소,650,760,1410,높음,0.9,10
전기차충전케이블,310,1100,1410,중간,0.6,8
호카카하2,250,1160,1410,높음,0.9,7
분유종류,180,1230,1410,중간,0.6,7
와이파이6,260,1150,1410,높음,0.9,7
아트란,180,1230,1410,높음,0.9,7
중고태블릿,390,1020,1410,높음,0.9,10
신도림테크노마트핸드폰,250,1160,1410,높음,0.9,10
연말정산경정청구,690,720,1410,중간,0.6,3
위니아스탠드에어컨,200,1210,1410,높음,0.9,8
도어락보강판,310,1100,1410,높음,0.9,8
번호자물쇠,530,880,1410,높음,0.9,10
경미한교통사고합의금,180,1220,1400,높음,0.9,10
개인사업자부가세신고,430,970,1400,높음,0.9,10
아파트양도소득세,310,1090,1400,높음,0.9,3
시간외수당,570,830,1400,높음,0.9,10
실업급여내일배움카드,300,1100,1400,높음,0.9,3
바닥매트시공,210,1190,1400,높음,0.9,10
집정리업체,300,1100,1400,높음,0.9,10
세탁기건조기렌탈,260,1140,1400,중간,0.6,8
쿨링물티슈,370,1030,1400,높음,0.9,7
정관장홍삼진고데일리스틱,160,1240,1400,중간,0.6,8
회계프로그램,900,500,1400,높음,0.9,10
요양병원간병비,260,1140,1400,높음,0.9,10
부비동염약,260,1140,1400,높음,0.9,3
BAREFOOT,260,1140,1400,높음,0.9,10
미니텐트,160,1240,1400,중간,0.6,8
차단기교체,180,1220,1400,높음,0.9,10
얼음정수기렌탈가격비교,400,1000,1400,높음,0.9,10
삼성디지털도어락,250,1150,1400,중간,0.6,8
울산전기차보조금,360,1040,1400,높음,0.9,3
빌라담보대출,400,990,1390,높음,0.9,10
교통사고입원합의금,110,1280,1390,높음,0.9,3
감정평가법인,650,740,1390,높음,0.9,10
토지공시지가,1060,330,1390,높음,0.9,9
자영업자폐업,240,1150,1390,높음,0.9,10
전세계약서,660,730,1390,높음,0.9,10
채권수익률,310,1080,1390,높음,0.9,10
알뜰폰추천,510,880,1390,높음,0.9,10
라섹후기,220,1170,1390,높음,0.9,10
CHAEVI,470,920,1390,높음,0.9,3
전기요,360,1030,1390,중간,0.6,8
살찌는분유,80,1310,1390,높음,0.9,10
가수분해사료,230,1160,1390,중간,0.6,8
광주자동차검사소,240,1150,1390,높음,0.9,10
이유식밥솥,80,1310,1390,높음,0.9,8
LG에어컨벽걸이,180,1210,1390,높음,0.9,9
LED안정기교체,230,1160,1390,높음,0.9,10
현관방범방충망,270,1120,1390,높음,0.9,8
모닝타이어,260,1130,1390,높음,0.9,8
개인회생인가결정,260,1120,1380,높음,0.9,10
한화실손보험,330,1050,1380,높음,0.9,10
상해후유장해,330,1050,1380,높음,0.9,10
치과치료실비,130,1250,1380,높음,0.9,10
합병,440,940,1380,높음,0.9,10
재개발입주권,240,1140,1380,높음,0.9,10
ETF세금,450,930,1380,높음,0.9,7
부동산거래,810,570,1380,높음,0.9,10
연금저축ETF추천,360,1020,1380,중간,0.6,6
자동차원부조회,740,640,1380,높음,0.9,3
집게벌레퇴치,110,1270,1380,높음,0.9,10
SKT유심,360,1020,1380,높음,0.9,3
휴대폰개통조회,210,1170,1380,높음,0.9,10
수건건조기,190,1190,1380,높음,0.9,10
가정용식기세척기,210,1170,1380,높음,0.9,10
딱딱한매트리스,210,1170,1380,높음,0.9,10
협착증치료,100,1280,1380,높음,0.9,10
기침가래약,160,1220,1380,높음,0.9,10
라섹회복기간,240,1140,1380,높음,0.9,10
현장용선풍기,250,1130,1380,높음,0.9,8
개모차추천,150,1230,1380,중간,0.6,8
하프백,310,1070,1380,중간,0.6,8
팬티기저귀,210,1170,1380,높음,0.9,9
스마트시계,250,1130,1380,높음,0.9,9
모니터구매,950,430,1380,높음,0.9,8
결혼자금,300,1080,1380,높음,0.9,10
상가임대차계약서,920,460,1380,높음,0.9,3
2인용밥솥,180,1200,1380,높음,0.9,10
모기망,230,1150,1380,높음,0.9,8
개인회생인가결정기간,160,1210,1370,높음,0.9,10
사금융,390,980,1370,높음,0.9,10
창업자금대출,360,1010,1370,높음,0.9,10
1가구2주택양도세,300,1070,1370,높음,0.9,7
국비지원교육종류,300,1070,1370,높음,0.9,10
아트디렉터,300,1070,1370,높음,0.9,10
예비창업자대출,370,1000,1370,높음,0.9,10
비상주오피스,780,590,1370,높음,0.9,7
계전기,550,820,1370,높음,0.9,10
가구버리기,210,1160,1370,높음,0.9,10
알뜰폰가입,430,940,1370,높음,0.9,10
차박타프,280,1090,1370,중간,0.6,8
공적조서,710,660,1370,높음,0.9,10
외국환거래법,1020,350,1370,높음,0.9,10
스트라우만임플란트,340,1030,1370,높음,0.9,10
척추교정,170,1200,1370,높음,0.9,7
상조결합상품,160,1210,1370,높음,0.9,10
도배견적,310,1060,1370,높음,0.9,10
냉동기,510,860,1370,높음,0.9,10
남성등산화,340,1030,1370,중간,0.6,8
어린이카시트,180,1190,1370,중간,0.6,8
로지텍MX,640,730,1370,중간,0.6,8
통신사이동지원금,250,1120,1370,높음,0.9,7
UDEA모니터,510,860,1370,중간,0.6,7
사회보험료,420,950,1370,높음,0.9,3
환풍기교체,200,1170,1370,높음,0.9,8
전세자금대출이자,430,930,1360,높음,0.9,7
단기대출,270,1090,1360,높음,0.9,10
마이너스통장조건,200,1160,1360,중간,0.6,6
등록금,430,930,1360,중간,0.6,2
실비보험순위,250,1110,1360,높음,0.9,10
소유권이전등기비용,380,980,1360,높음,0.9,10
중학생알바,180,1180,1360,높음,0.9,3
월세보증금돌려받기,230,1130,1360,높음,0.9,10
목돈굴리기,360,1000,1360,높음,0.9,10
전자상거래사업자등록,690,670,1360,높음,0.9,10
급등주,360,1000,1360,높음,0.9,10
BF,680,680,1360,높음,0.9,10
어린이매트,240,1120,1360,중간,0.6,8
오산자동차검사소,210,1150,1360,중간,0.6,7
세탁기건조기겸용,180,1180,1360,높음,0.9,10
노트북저렴,210,1150,1360,높음,0.9,8
캠핑칼,220,1140,1360,중간,0.6,8
미니안마의자,190,1170,1360,중간,0.6,8
싱글매트리스사이즈,220,1140,1360,중간,0.6,8
사이버폭력,480,880,1360,높음,0.9,10
KB간병인보험,190,1170,1360,높음,0.9,10
임플란트틀니,310,1050,1360,높음,0.9,10
얇은이불,200,1160,1360,중간,0.6,8
솔러스에어선풍기,180,1180,1360,높음,0.9,10
런닝용품,340,1020,1360,중간,0.6,8
유모차가격,130,1230,1360,높음,0.9,10
시트커버,360,1000,1360,중간,0.6,8
신축아파트잔금대출,260,1100,1360,높음,0.9,7
집담보대출한도,200,1160,1360,높음,0.9,10
전세퇴거대출,320,1040,1360,높음,0.9,10
커피기계,220,1140,1360,높음,0.9,10
생선에어프라이어,70,1290,1360,높음,0.9,10
차선이탈경고장치,270,1090,1360,중간,0.6,7
실손의료보험,350,1000,1350,높음,0.9,10
암진단비,290,1060,1350,높음,0.9,10
주식증여,320,1030,1350,높음,0.9,7
내일배움카드실업급여,310,1040,1350,높음,0.9,7
신규상장,470,880,1350,높음,0.9,10
AIETF,480,870,1350,높음,0.9,7
2차전지주식,270,1080,1350,높음,0.9,9
해충기피제,350,1000,1350,높음,0.9,8
노래기퇴치,260,1090,1350,높음,0.9,10
펠티어제습기,360,990,1350,높음,0.9,8
대용량제습제,310,1040,1350,중간,0.6,8
소파덮개,160,1190,1350,높음,0.9,8
노란우산공제소득공제,430,920,1350,높음,0.9,10
면허취소벌금,120,1230,1350,높음,0.9,10
IBS임플란트,450,900,1350,높음,0.9,10
덴티움임플란트,230,1120,1350,높음,0.9,10
보일러온도조절기,230,1120,1350,중간,0.6,8
전기차충전기설치비용,340,1010,1350,높음,0.9,10
테이블선풍기,360,990,1350,높음,0.9,8
무선AP,830,520,1350,중간,0.6,8
순성빌리프로,140,1210,1350,높음,0.9,3
도어락수리,140,1210,1350,높음,0.9,10
2채널블랙박스,380,970,1350,중간,0.6,8
중고제습기,360,980,1340,높음,0.9,10
명의신탁,570,770,1340,높음,0.9,10
연금저축한도,380,960,1340,높음,0.9,10
집와이파이설치,170,1170,1340,높음,0.9,10
부산과일바구니,210,1130,1340,높음,0.9,10
캠핑롤테이블,260,1080,1340,중간,0.6,8
캠핑등,200,1140,1340,중간,0.6,8
DB손해보험간병인보험,330,1010,1340,높음,0.9,10
허리디스크주사치료,150,1190,1340,높음,0.9,10
척추골절,230,1110,1340,높음,0.9,10
교통사고정형외과,130,1210,1340,높음,0.9,10
파세코써큘레이터,290,1050,1340,중간,0.6,8
서큐레이터,340,1000,1340,높음,0.9,8
가민베뉴3,230,1110,1340,높음,0.9,8
키보드마우스,770,570,1340,중간,0.6,8
신용대출DSR계산기,330,1010,1340,낮음,0.3,0
갈갈이,230,1110,1340,높음,0.9,10
오넬리,200,1140,1340,높음,0.9,3
양변기설치,200,1140,1340,높음,0.9,10
거실등교체,190,1150,1340,높음,0.9,10
김포타이어,460,880,1340,높음,0.9,10
차량용블랙박스추천,320,1020,1340,높음,0.9,10
대출한도조회,280,1050,1330,높음,0.9,10
자녀증여세면제한도,290,1040,1330,높음,0.9,7
회계학과,200,1130,1330,높음,0.9,10
상속인,470,860,1330,높음,0.9,10
주식양도,210,1120,1330,높음,0.9,10
해고통지서,700,630,1330,높음,0.9,10
최저급여,720,610,1330,높음,0.9,3
KMOVE,410,920,1330,높음,0.9,9
경매물건조회,610,720,1330,높음,0.9,10
주식AI,750,580,1330,높음,0.9,10
미국국채ETF,410,920,1330,높음,0.9,7
사업자등록번호,940,390,1330,중간,0.6,1
환테크,410,920,1330,높음,0.9,3
날파리없애는법,160,1170,1330,높음,0.9,10
어린이집선생님선물,140,1190,1330,높음,0.9,3
사포닌효능,160,1170,1330,높음,0.9,10
일용직신고,770,560,1330,높음,0.9,3
운전면허벌점,180,1150,1330,높음,0.9,10
임시틀니,240,1090,1330,중간,0.6,8
장례식장비용,180,1150,1330,높음,0.9,10
공단검진,480,850,1330,높음,0.9,10
장례식비용,240,1090,1330,높음,0.9,10
이사준비,490,840,1330,높음,0.9,10
경차중고,190,1140,1330,높음,0.9,10
공장선풍기,440,890,1330,높음,0.9,7
공유기설치,160,1170,1330,높음,0.9,10
카시트부스터,200,1130,1330,높음,0.9,7
유심라우터,410,920,1330,중간,0.6,8
ADSL,370,960,1330,높음,0.9,9
TV모니터,480,850,1330,중간,0.6,8
농업인안전보험,350,980,1330,높음,0.9,3
메리츠보험청구,330,1000,1330,높음,0.9,7
원홀세면대수전,400,930,1330,높음,0.9,8
미세촘촘방충망,150,1180,1330,높음,0.9,8
방충망틈새막이,200,1130,1330,중간,0.6,8
개인파산신청방법,270,1050,1320,높음,0.9,10
달러투자,390,930,1320,높음,0.9,10
동거주택상속공제,340,980,1320,높음,0.9,10
노무사비용,250,1070,1320,높음,0.9,10
3D피규어,220,1100,1320,높음,0.9,10
관절인형,230,1090,1320,중간,0.6,8
직장인국비지원교육,510,810,1320,높음,0.9,10
창업지원,630,690,1320,높음,0.9,10
오피스텔단기임대,270,1050,1320,높음,0.9,10
연금저축계좌추천,310,1010,1320,높음,0.9,7
6월공모주일정,220,1100,1320,높음,0.9,7
주식포트폴리오,350,970,1320,높음,0.9,10
주식계좌개설이벤트,200,1120,1320,높음,0.9,9
대신증권이벤트,180,1140,1320,중간,0.6,1
캠핑모기향,230,1090,1320,높음,0.9,8
거미약,250,1070,1320,중간,0.6,8
게이밍무선이어폰,640,680,1320,중간,0.6,8
위닉스제습기10리터,200,1120,1320,높음,0.9,8
제로웨이스트샵,320,1000,1320,높음,0.9,10
파세코난로,290,1030,1320,중간,0.6,8
아빠선물,210,1110,1320,높음,0.9,10
일반상해보험,150,1170,1320,높음,0.9,10
자동차상해,470,850,1320,높음,0.9,10
강남임플란트,500,820,1320,높음,0.9,10
하남입주청소,220,1100,1320,높음,0.9,10
중고차직거래,350,970,1320,높음,0.9,10
안산중고차,210,1110,1320,높음,0.9,10
선풍기써큘레이터,150,1170,1320,높음,0.9,8
14인치선풍기,320,1000,1320,높음,0.9,8
이동식선풍기,300,1020,1320,높음,0.9,8
중고창문형에어컨,350,970,1320,높음,0.9,7
도이터푸트라26,280,1040,1320,중간,0.6,8
무선기계식키보드,630,690,1320,높음,0.9,9
아이워치,200,1120,1320,높음,0.9,10
로지텍무선키보드마우스세트,720,600,1320,중간,0.6,8
삼성24인치모니터,670,650,1320,높음,0.9,8
무선모니터,330,990,1320,중간,0.6,8
주방수도꼭지,120,1200,1320,중간,0.6,8
LED전등교체비용,200,1120,1320,높음,0.9,10
도어락카드키,210,1110,1320,중간,0.6,8
직장인신용대출한도,380,930,1310,높음,0.9,10
개인회생신청방법,370,940,1310,높음,0.9,10
주담대중도상환수수료,330,980,1310,높음,0.9,3
운전자보험자부상,220,1090,1310,높음,0.9,10
불법파견,330,980,1310,높음,0.9,7
밀랍인형,180,1130,1310,높음,0.9,3
전기차렌트카,230,1080,1310,높음,0.9,10
SUV중고차,190,1120,1310,높음,0.9,10
파생상품,450,860,1310,높음,0.9,10
화장실초파리,130,1180,1310,높음,0.9,10
여행자보험핸드폰파손,250,1060,1310,높음,0.9,9
자전거음주운전,190,1120,1310,높음,0.9,7
더신사법무법인,320,990,1310,중간,0.6,1
공단건강검진,380,930,1310,높음,0.9,10
린나이가스온수기,220,1090,1310,중간,0.6,8
스위치허브,710,600,1310,높음,0.9,8
무선인터넷,370,940,1310,높음,0.9,10
무선와이파이,320,990,1310,중간,0.6,8
개사료20KG,160,1150,1310,중간,0.6,8
강아지홈캠,220,1090,1310,높음,0.9,8
인강용태블릿,320,990,1310,중간,0.6,8
압력밥솥추천,200,1110,1310,높음,0.9,8
아이나비블랙박스추천,380,930,1310,높음,0.9,9
국가직무능력표준,740,560,1300,높음,0.9,10
만화가,240,1060,1300,높음,0.9,10
병역특례,540,760,1300,높음,0.9,10
빗물누수,430,870,1300,높음,0.9,10
연금저축계좌세액공제,350,950,1300,중간,0.6,3
전력량계,580,720,1300,중간,0.6,8
모기잡는기계,220,1080,1300,중간,0.6,8
가정용벌레퇴치기,150,1150,1300,높음,0.9,8
캠핑매트리스,240,1060,1300,중간,0.6,8
유아책상의자,150,1150,1300,중간,0.6,8
퇴직서,390,910,1300,높음,0.9,7
임대사업자부가세신고,480,820,1300,높음,0.9,7
보험손해사정사,190,1110,1300,높음,0.9,10
IPL효과,110,1190,1300,높음,0.9,10
전기온수기30리터,280,1020,1300,높음,0.9,8
냉감차렵이불,130,1170,1300,높음,0.9,8
대형써큘레이터,360,940,1300,높음,0.9,8
삼성날개없는선풍기,120,1180,1300,중간,0.6,6
엑타코선풍기,200,1100,1300,높음,0.9,8
기내용유모차,190,1110,1300,높음,0.9,8
시크유모차,120,1180,1300,높음,0.9,3
자전거중고사이트,280,1020,1300,높음,0.9,10
요즘가족결합,590,710,1300,높음,0.9,7
키보드세트,1150,150,1300,중간,0.6,8
학원배상책임보험,410,890,1300,높음,0.9,10
전기압력밥솥3인용,120,1180,1300,중간,0.6,8
통신연체조회,270,1020,1290,높음,0.9,10
운전자보험다이렉트,440,850,1290,높음,0.9,10
사망보험,470,820,1290,높음,0.9,10
코딩자격증,350,940,1290,높음,0.9,10
개인사업자,480,810,1290,중간,0.6,3
근저당권말소,370,920,1290,높음,0.9,10
주식시간외거래,350,940,1290,높음,0.9,9
항생,620,670,1290,중간,0.6,4
노후자금,270,1020,1290,높음,0.9,10
CONY주가,90,1200,1290,중간,0.6,2
명절선물세트,580,710,1290,높음,0.9,10
안마의자중고,170,1120,1290,높음,0.9,10
게임의자,290,1000,1290,높음,0.9,10
자산운용,880,410,1290,높음,0.9,10
복부MRI,190,1100,1290,높음,0.9,10
이사손없는날,230,1060,1290,높음,0.9,10
폐렴예방접종가격,110,1180,1290,높음,0.9,3
아치신발,160,1130,1290,중간,0.6,8
미즈노드라이버,270,1020,1290,중간,0.6,8
와이파이라우터,320,970,1290,높음,0.9,8
삼성게이밍모니터,410,880,1290,높음,0.9,10
중고에어콘,260,1030,1290,높음,0.9,10
가정용음식물쓰레기통,290,1000,1290,중간,0.6,8
음식물처리기냄새,190,1100,1290,중간,0.6,6
냉정수기,180,1110,1290,높음,0.9,7
에어플라이,210,1080,1290,높음,0.9,8
안면인식도어락,310,980,1290,높음,0.9,10
타이어전문점,120,1170,1290,높음,0.9,10
농지양도소득세,280,1000,1280,높음,0.9,7
보험설계,370,910,1280,높음,0.9,10
고령자계속고용장려금,1020,260,1280,중간,0.6,6
친환경살충제,240,1040,1280,중간,0.6,8
초파리제거,280,1000,1280,중간,0.6,8
노트북순위,90,1190,1280,높음,0.9,9
학생용노트북,810,470,1280,높음,0.9,8
쏘렌토차박매트,210,1070,1280,높음,0.9,8
전신마사지기,190,1090,1280,높음,0.9,8
럼멜매트리스,190,1090,1280,중간,0.6,5
팔걸이의자,280,1000,1280,높음,0.9,8
연장수당계산기,480,800,1280,낮음,0.3,0
노란우산공제회,740,540,1280,중간,0.6,4
중대시민재해,670,610,1280,높음,0.9,9
스트라우만,610,670,1280,높음,0.9,10
중고커피머신,270,1010,1280,높음,0.9,10
수도필터,310,970,1280,중간,0.6,8
현관문도어체크,240,1040,1280,높음,0.9,8
암보험다이렉트,300,970,1270,높음,0.9,10
직업교육,630,640,1270,높음,0.9,10
전기자동차보조금,430,840,1270,높음,0.9,10
부자되는법,370,900,1270,높음,0.9,10
그리마퇴치,150,1120,1270,높음,0.9,8
로봇청소기비교,330,940,1270,높음,0.9,8
트윈워시,270,1000,1270,높음,0.9,10
정관장선물세트,280,990,1270,높음,0.9,10
사무의자,590,680,1270,중간,0.6,8
축농증두통,260,1010,1270,높음,0.9,10
NAVIGATION,360,910,1270,높음,0.9,1
시력교정술,260,1010,1270,높음,0.9,10
배관누수,230,1040,1270,높음,0.9,10
여성트레킹화,220,1050,1270,높음,0.9,10
디스커버리전기자전거,140,1130,1270,높음,0.9,8
벵에돔빵가루,200,1070,1270,중간,0.6,6
무선라우터,420,850,1270,높음,0.9,10
업무용모니터,950,320,1270,높음,0.9,8
아이패드셀룰러,240,1030,1270,높음,0.9,8
홈쇼핑무선청소기,180,1090,1270,높음,0.9,10
캡슐커피머신추천,310,960,1270,높음,0.9,10
가정용커피머신기,200,1070,1270,중간,0.6,8
스테나에어프라이어,310,960,1270,중간,0.6,5
도어락비밀번호분실,80,1190,1270,높음,0.9,10
하이패스단말기설치,220,1050,1270,중간,0.6,7
단독주택담보대출,290,970,1260,높음,0.9,10
전세금대출,300,960,1260,높음,0.9,10
보험사주택담보대출,370,890,1260,높음,0.9,10
도수치료실비청구,290,970,1260,높음,0.9,3
렌트카보험,220,1040,1260,높음,0.9,10
연말정산간소화,660,600,1260,중간,0.6,8
고용증대세액공제,770,490,1260,중간,0.6,3
ETF투자,360,900,1260,높음,0.9,10
KTESIM,300,960,1260,높음,0.9,10
니모매트,270,990,1260,중간,0.6,7
어린이책상의자,170,1090,1260,중간,0.6,8
뺑소니합의금,150,1110,1260,높음,0.9,10
네오임플란트,350,910,1260,높음,0.9,10
기침감기,160,1100,1260,높음,0.9,10
셀프입주청소,250,1010,1260,높음,0.9,10
지열,280,980,1260,높음,0.9,9
내차조회,240,1020,1260,높음,0.9,10
이비랑,220,1040,1260,높음,0.9,3
써큐레이터,270,990,1260,높음,0.9,8
춘식이선풍기,180,1080,1260,높음,0.9,8
평발운동화,160,1100,1260,높음,0.9,10
할머니신발,130,1130,1260,높음,0.9,10
전기이륜차,490,770,1260,높음,0.9,10
고양이유모차,130,1130,1260,높음,0.9,8
밤기저귀추천,40,1220,1260,중간,0.6,8
포그내슬링,50,1210,1260,중간,0.6,2
MXMECHANICAL,600,660,1260,중간,0.6,8
손해보험설계사시험,270,990,1260,높음,0.9,7
3인용밥솥,260,1000,1260,중간,0.6,8
2IN1,300,960,1260,중간,0.6,8
초소형에어컨,250,1010,1260,높음,0.9,7
비데설치방법,140,1120,1260,높음,0.9,10
락프로,420,840,1260,높음,0.9,10
후방카메라모니터,210,1050,1260,높음,0.9,8
목포손세차,70,1190,1260,중간,0.6,5
청년생활비대출,180,1070,1250,높음,0.9,10
치과실비,180,1070,1250,높음,0.9,10
자녀증여세세율,220,1030,1250,높음,0.9,7
부동산증여계약서,660,590,1250,높음,0.9,10
소상공인희망리턴패키지,580,670,1250,높음,0.9,10
주택임대차계약서,850,400,1250,높음,0.9,10
BYD트럭,180,1070,1250,중간,0.6,6
헬스케어ETF,260,990,1250,높음,0.9,10
자동차민간검사소,200,1050,1250,높음,0.9,7
사무실청소기,650,600,1250,중간,0.6,8
SS매트리스,220,1030,1250,중간,0.6,8
킹침대사이즈,180,1070,1250,높음,0.9,8
컴퓨터책상의자,410,840,1250,높음,0.9,9
홍삼스틱100포,1150,100,1250,중간,0.6,8
교통사고과실비율,390,860,1250,높음,0.9,10
라이스정,490,760,1250,중간,0.6,2
라식라섹비용,270,980,1250,높음,0.9,10
7월달손없는날,30,1220,1250,높음,0.9,7
입주청소후기,290,960,1250,높음,0.9,10
광진구입주청소,200,1050,1250,높음,0.9,10
강동구입주청소,190,1060,1250,높음,0.9,10
지열보일러,220,1030,1250,높음,0.9,10
냉감이불추천,270,980,1250,높음,0.9,8
한일아기바람선풍기,120,1130,1250,중간,0.6,8
CHILLER,650,600,1250,높음,0.9,10
텐트가격,20,1230,1250,높음,0.9,8
기내반입유모차,160,1090,1250,중간,0.6,8
여자골프백,200,1050,1250,높음,0.9,8
티피링크홈캠,280,970,1250,높음,0.9,7
SK기기변경,330,920,1250,높음,0.9,10
ANDROID,290,960,1250,높음,0.9,10
LED교체,160,1090,1250,중간,0.6,8
개인파산이란,170,1070,1240,높음,0.9,10
신용회복위원회개인회생,250,990,1240,높음,0.9,10
신용불량자회복,140,1100,1240,높음,0.9,10
당일운전자보험,70,1170,1240,높음,0.9,10
IRP계좌추천,400,840,1240,높음,0.9,7
다주택자양도세,280,960,1240,높음,0.9,3
1가구1주택양도세,230,1010,1240,높음,0.9,3
근로장려금신청조회,190,1050,1240,중간,0.6,2
대전근로복지공단,240,1000,1240,중간,0.6,1
부당해고합의금,210,1030,1240,높음,0.9,7
ECOUNT,890,350,1240,높음,0.9,1
성동자동차검사소,310,930,1240,중간,0.6,6
파리퇴치기,230,1010,1240,높음,0.9,8
남양주자동차검사소,270,970,1240,중간,0.6,6
이직선물,290,950,1240,높음,0.9,10
캠핑고래용인,120,1120,1240,중간,0.6,1
월급일할계산,540,700,1240,높음,0.9,1
자동차사고,180,1060,1240,높음,0.9,10
난폭운전처벌,130,1110,1240,높음,0.9,7
코막힐때,120,1120,1240,높음,0.9,10
천식완치,140,1100,1240,높음,0.9,10
골밀도,260,980,1240,높음,0.9,10
부산건강검진,360,880,1240,높음,0.9,10
안양입주청소,410,830,1240,높음,0.9,10
송파입주청소,170,1070,1240,높음,0.9,10
듀라론패드,190,1050,1240,높음,0.9,8
리모콘선풍기,190,1050,1240,중간,0.6,7
트레일화,280,960,1240,높음,0.9,8
유모차디럭스,210,1030,1240,높음,0.9,9
기저귀추천,160,1080,1240,중간,0.6,8
용인베이비하우스,120,1120,1240,중간,0.6,3
3인용압력밥솥,150,1090,1240,중간,0.6,8
쿠쿠2인용밥솥,120,1120,1240,높음,0.9,10
군고구마에어프라이어,70,1170,1240,높음,0.9,10
출입문방충망,250,990,1240,중간,0.6,8
게이트맨ASSAABLOY,120,1120,1240,높음,0.9,10
타이어가격비교표,250,990,1240,높음,0.9,10
타이어코드절상,200,1040,1240,높음,0.9,3
개인회생기간,210,1020,1230,높음,0.9,10
통상임금계산,920,310,1230,높음,0.9,1
관광농원,300,930,1230,높음,0.9,10
전기승합차,310,920,1230,높음,0.9,10
테마주,340,890,1230,높음,0.9,10
퇴직연금DC,590,640,1230,높음,0.9,3
수건세탁,150,1080,1230,높음,0.9,10
건조기10KG,210,1020,1230,중간,0.6,8
20만원대선물,310,920,1230,높음,0.9,10
사무실쇼파,450,780,1230,중간,0.6,8
치매간병보험,330,900,1230,높음,0.9,10
도배장판비용,260,970,1230,높음,0.9,10
린나이온수기,260,970,1230,높음,0.9,10
초미풍선풍기,180,1050,1230,높음,0.9,8
수조냉각기,310,920,1230,높음,0.9,8
아치형깔창,210,1020,1230,높음,0.9,8
MTB전기자전거,220,1010,1230,중간,0.6,8
팬티형기저귀,130,1100,1230,높음,0.9,8
국민연금추가납부,330,900,1230,높음,0.9,3
금융종합소득세,280,950,1230,높음,0.9,3
보험증권발급,360,870,1230,높음,0.9,7
음식물건조분쇄기,230,1000,1230,높음,0.9,8
어머님생신선물,150,1080,1230,높음,0.9,10
코스텔충전기,210,1020,1230,중간,0.6,5
천만원대출,190,1030,1220,높음,0.9,10
파산면책,320,900,1220,높음,0.9,10
의료실비보험청구서류,70,1150,1220,높음,0.9,10
틀니비용,130,1090,1220,높음,0.9,10
실업급여상담,310,910,1220,높음,0.9,3
일러스트그림,200,1020,1220,높음,0.9,8
주식초보,240,980,1220,높음,0.9,10
층간소음방지매트,330,890,1220,높음,0.9,8
가성비로봇청소기,320,900,1220,중간,0.6,8
재사용제습제,200,1020,1220,높음,0.9,8
간이샤워기,270,950,1220,높음,0.9,7
싱글침대매트리스,190,1030,1220,높음,0.9,9
게임용의자추천,850,370,1220,높음,0.9,8
면허취소,180,1040,1220,높음,0.9,10
휴면보험금찾기,270,950,1220,높음,0.9,10
앞니라미네이트가격,150,1070,1220,높음,0.9,10
루메나가습기,260,960,1220,높음,0.9,8
캠프라인블랙스톰,210,1010,1220,중간,0.6,8
코오롱스포츠등산화,180,1040,1220,높음,0.9,10
시마노스티레,230,990,1220,높음,0.9,10
소화잘되는분유,140,1080,1220,높음,0.9,10
여름기저귀추천,90,1130,1220,높음,0.9,8
로지텍MXKEYSMINI,470,750,1220,중간,0.6,8
레노버패드,410,810,1220,중간,0.6,8
신용점수올리는법,260,960,1220,높음,0.9,7
음식물처리기비교,370,850,1220,높음,0.9,10
방충망설치,200,1020,1220,높음,0.9,8
흰지,410,810,1220,높음,0.9,8
SHP-DP940,260,960,1220,높음,0.9,7
현관도어락추천,200,1020,1220,높음,0.9,10
신차패키지,450,770,1220,높음,0.9,10
내비게이션추천,130,1090,1220,중간,0.6,8
위탁자,610,600,1210,높음,0.9,3
긴급복지지원,550,660,1210,높음,0.9,3
미국ETF투자방법,240,970,1210,높음,0.9,7
주식종목,260,950,1210,높음,0.9,10
노트북컴퓨터,790,420,1210,높음,0.9,8
곰팡이페인트,210,1000,1210,중간,0.6,8
하드매트리스,210,1000,1210,높음,0.9,9
식기세척기14인용,300,910,1210,중간,0.6,8
휴대용배터리,280,930,1210,높음,0.9,8
홍삼액,340,870,1210,중간,0.6,8
학원의자,330,880,1210,높음,0.9,10
사무용의자브랜드,490,720,1210,높음,0.9,8
접촉사고합의금,140,1070,1210,높음,0.9,7
연세위드이비인후과,220,990,1210,낮음,0.3,2
허리디스크수술비용,210,1000,1210,높음,0.9,10
기관지염치료,130,1080,1210,높음,0.9,10
이사업체순위,330,880,1210,높음,0.9,10
이물,260,950,1210,높음,0.9,10
양변기교체,260,950,1210,높음,0.9,10
안산입주청소,380,830,1210,높음,0.9,10
린넨이불,170,1040,1210,중간,0.6,8
중소기업청년대출,490,720,1210,중간,0.6,3
음식물처리기휴렉,160,1050,1210,높음,0.9,10
개업선물추천,190,1020,1210,높음,0.9,10
에어콘렌탈,90,1120,1210,높음,0.9,10
부산타이어,320,890,1210,높음,0.9,10
아이나비블랙박스메모리카드,240,970,1210,중간,0.6,5
개인회생변제금조회,270,930,1200,높음,0.9,10
아파트담보대출금리비교,470,730,1200,높음,0.9,10
증여취득세율,390,810,1200,중간,0.6,6
부부간증여,310,890,1200,높음,0.9,10
원천세신고방법,750,450,1200,높음,0.9,3
보험상담,320,880,1200,높음,0.9,10
저축은행특판,240,960,1200,중간,0.6,4
청소차,400,800,1200,높음,0.9,7
옌센침대,140,1060,1200,낮음,0.3,0
침대가격,150,1050,1200,높음,0.9,10
목디스크에좋은운동,190,1010,1200,높음,0.9,10
건강검진종류,310,890,1200,높음,0.9,10
수면위내시경,170,1030,1200,높음,0.9,10
시원한이불,150,1050,1200,높음,0.9,8
판형열교환기,710,490,1200,높음,0.9,10
전기자전거키트,240,960,1200,중간,0.6,8
코오롱트레킹화,180,1020,1200,높음,0.9,10
타보플렉스탭3,80,1120,1200,높음,0.9,3
건강보험상한제,220,980,1200,높음,0.9,3
커피머신가격,30,1170,1200,높음,0.9,8
주방벽수전,230,970,1200,높음,0.9,8
오피스텔매매대출,320,870,1190,높음,0.9,10
자동차부상치료비,210,980,1190,높음,0.9,10
해고수당,370,820,1190,높음,0.9,3
중고전기차보조금,190,1000,1190,높음,0.9,10
아파트누수책임,220,970,1190,높음,0.9,10
연금저축펀드ETF,260,930,1190,높음,0.9,7
토스전세대출,380,810,1190,높음,0.9,3
USIM,280,910,1190,높음,0.9,8
LG헬로비전인터넷,210,980,1190,높음,0.9,10
캠핑난로,330,860,1190,중간,0.6,8
고등학생의자,160,1030,1190,높음,0.9,10
AIG보험,330,860,1190,높음,0.9,7
국내단체여행자보험,700,490,1190,높음,0.9,10
반포장이사비용,210,980,1190,높음,0.9,10
노르딕슬립냉감패드,120,1070,1190,높음,0.9,7
에어리스노우,110,1080,1190,중간,0.6,6
경량등산화,290,900,1190,중간,0.6,8
와이파이공유기추천,270,920,1190,높음,0.9,8
신생아카시트추천,220,970,1190,높음,0.9,8
종합소득세구간,510,680,1190,높음,0.9,7
금감원보험,360,830,1190,높음,0.9,3
가성비무선청소기,310,880,1190,중간,0.6,8
아이나비고객센터,270,920,1190,높음,0.9,7
아이나비QXD5000,260,930,1190,중간,0.6,6
전세자금반환대출,390,790,1180,높음,0.9,10
단독주택대출,290,890,1180,높음,0.9,10
신용점수확인,400,780,1180,높음,0.9,10
삼성화재다이렉트운전자보험,550,630,1180,낮음,0.3,2
레진가격,180,1000,1180,높음,0.9,10
연말정산계산기,650,530,1180,중간,0.6,5
보험회사순위,190,990,1180,높음,0.9,10
3D프린터자격증,340,840,1180,높음,0.9,10
서울집값전망,200,980,1180,높음,0.9,3
공유오피스사업자등록,420,760,1180,높음,0.9,10
패스트세븐,240,940,1180,중간,0.6,5
조용한제습기,200,980,1180,높음,0.9,8
DQ203PECA,210,970,1180,높음,0.9,8
게이밍체어,510,670,1180,중간,0.6,8
보험다나와,590,590,1180,높음,0.9,10
자전거사고,330,850,1180,높음,0.9,10
교통사고사실확인서,380,800,1180,높음,0.9,3
비중격코수술,190,990,1180,높음,0.9,10
척추관협착증운동,170,1010,1180,높음,0.9,10
임플란트주위염,280,900,1180,높음,0.9,10
보일러배관누수,130,1050,1180,높음,0.9,10
MIZUNO,200,980,1180,높음,0.9,10
CELLO,200,980,1180,높음,0.9,8
WIFI공유기,330,850,1180,중간,0.6,8
출산준비,340,840,1180,높음,0.9,9
종합소득세경정청구,500,680,1180,높음,0.9,10
일상배상책임보험누수,250,930,1180,높음,0.9,10
파인뷰LX5000,260,920,1180,높음,0.9,10
개인회생최저생계비,360,810,1170,높음,0.9,3
도산전문변호사,160,1010,1170,높음,0.9,10
채무탕감,290,880,1170,높음,0.9,10
유병자암보험,300,870,1170,높음,0.9,10
상속세신고방법,290,880,1170,높음,0.9,10
중장년일자리,410,760,1170,높음,0.9,10
청년성장프로젝트,450,720,1170,중간,0.6,2
사업자대출한도,250,920,1170,높음,0.9,10
정부지원서민대출,180,990,1170,중간,0.6,4
확정기여형,550,620,1170,중간,0.6,1
휴대폰판매,170,1000,1170,높음,0.9,10
가정용숯불화로,210,960,1170,중간,0.6,8
등안마기,210,960,1170,높음,0.9,8
침대슈퍼싱글,180,990,1170,중간,0.6,8
부가세기한후신고,450,720,1170,높음,0.9,3
가족간병,320,850,1170,높음,0.9,10
디스크수술,210,960,1170,높음,0.9,10
편도결석이비인후과,140,1030,1170,높음,0.9,10
교통사고MRI,120,1050,1170,높음,0.9,10
얼음매트,110,1060,1170,높음,0.9,7
선풍기비교,30,1140,1170,높음,0.9,3
스마트선풍기,130,1040,1170,높음,0.9,8
브릿지스톤골프,410,760,1170,높음,0.9,3
백패킹장비,300,870,1170,높음,0.9,8
아기카시트추천,140,1030,1170,높음,0.9,8
타보웨건,100,1070,1170,높음,0.9,3
핸드폰키보드,210,960,1170,중간,0.6,8
계산서발행,730,440,1170,높음,0.9,10
가정용원두커피머신,250,920,1170,중간,0.6,8
냉동피자에어프라이어,130,1040,1170,중간,0.6,2
잠긴문여는법,70,1100,1170,높음,0.9,10
아이나비업데이트,670,500,1170,높음,0.9,10
블랙박스교체,250,920,1170,높음,0.9,10
공무원신용대출,340,820,1160,높음,0.9,10
무료신용조회,280,880,1160,중간,0.6,8
실비신청,180,980,1160,높음,0.9,10
노무사무료상담,280,880,1160,높음,0.9,10
전세금돌려받기,270,890,1160,높음,0.9,10
명도소송비용,360,800,1160,높음,0.9,10
벤츠EQE350,110,1050,1160,높음,0.9,3
ISAETF,320,840,1160,높음,0.9,7
사업자등록신청,640,520,1160,높음,0.9,10
지분투자,560,600,1160,높음,0.9,9
패스모바일신분증,140,1020,1160,중간,0.6,2
한국유심,230,930,1160,높음,0.9,8
방수이어폰,210,950,1160,높음,0.9,9
일용직4대보험계산기,530,630,1160,낮음,0.3,0
교통사고분쟁,210,950,1160,높음,0.9,10
천식검사,170,990,1160,높음,0.9,10
공무원채용검진,480,680,1160,높음,0.9,7
이사업체추천,400,760,1160,높음,0.9,10
9월이사손없는날,140,1020,1160,높음,0.9,3
의정부이사,440,720,1160,높음,0.9,10
마곡내과,230,930,1160,높음,0.9,7
보일러수리,110,1050,1160,높음,0.9,10
원룸입주청소,240,920,1160,높음,0.9,10
여름침구,270,890,1160,높음,0.9,8
에어워셔,250,910,1160,중간,0.6,8
유틸리티추천,210,950,1160,높음,0.9,9
차량용와이파이,180,980,1160,높음,0.9,10
마라톤시계,240,920,1160,높음,0.9,10
센서등교체,150,1010,1160,높음,0.9,10
타이어교환,200,960,1160,높음,0.9,10
자동차후방카메라,240,920,1160,중간,0.6,8
다주택자양도세중과유예,340,810,1150,높음,0.9,3
재무상담,440,710,1150,높음,0.9,10
대상포진보험,130,1020,1150,높음,0.9,10
전월세보증금담보대출,230,920,1150,높음,0.9,10
전세금보증보험,250,900,1150,높음,0.9,10
월세보증금반환,150,1000,1150,높음,0.9,10
임대차계약,430,720,1150,높음,0.9,10
저축성보험,330,820,1150,높음,0.9,10
통장개설,310,840,1150,높음,0.9,7
KT알뜰폰개통,280,870,1150,높음,0.9,10
가야제습기,650,500,1150,높음,0.9,8
옷걸이제습제,190,960,1150,높음,0.9,9
친구선물,160,990,1150,높음,0.9,10
바른자세의자,330,820,1150,높음,0.9,8
고용보험상실코드,790,360,1150,높음,0.9,3
간병보험료,110,1040,1150,높음,0.9,10
무면허음주운전,830,320,1150,높음,0.9,10
IMPLANT,300,850,1150,높음,0.9,10
짐보관서비스,210,940,1150,높음,0.9,10
에어컨매립배관누수,140,1010,1150,높음,0.9,10
쿨이불,170,980,1150,높음,0.9,8
면이불,170,980,1150,높음,0.9,8
당근중고차거래,220,930,1150,높음,0.9,7
운동화순위,30,1120,1150,높음,0.9,8
자이크자전거,180,970,1150,중간,0.6,4
전기자전거스로틀,210,940,1150,높음,0.9,8
라우터공유기,230,920,1150,높음,0.9,8
무선키보드추천,430,720,1150,중간,0.6,8
내생에첫주택대출,330,820,1150,높음,0.9,10
신일음식물처리기,160,990,1150,높음,0.9,8
창틀형에어컨,210,940,1150,높음,0.9,8
데드볼트,460,690,1150,중간,0.6,8
열쇠수리,90,1060,1150,높음,0.9,10
앞유리썬팅가격,140,1010,1150,높음,0.9,10
주택담보대출비교,480,660,1140,높음,0.9,10
개인회생보정권고,220,920,1140,높음,0.9,10
상속세계산,360,780,1140,높음,0.9,10
재무컨설팅,540,600,1140,높음,0.9,9
부동산증여세계산기,330,810,1140,높음,0.9,1
K디지털트레이닝,470,670,1140,높음,0.9,10
은행대출한도,300,840,1140,높음,0.9,10
NVDL주가,110,1030,1140,중간,0.6,1
인도ETF,460,680,1140,중간,0.6,5
음식쓰레기처리기,160,980,1140,중간,0.6,8
어둠,190,950,1140,낮음,0.3,0
탠트,90,1050,1140,높음,0.9,8
신탁법,920,220,1140,높음,0.9,7
교통사고통원치료합의금,150,990,1140,높음,0.9,3
귀뚜라미보일러가격,170,970,1140,높음,0.9,10
무소음탁상용선풍기,310,830,1140,높음,0.9,8
가습기가격,10,1130,1140,높음,0.9,8
예쁜키보드,340,800,1140,중간,0.6,8
32인치QHD모니터,450,690,1140,중간,0.6,8
MXMASTER,630,510,1140,높음,0.9,8
1인압력밥솥,160,980,1140,중간,0.6,8
원홀수전,450,690,1140,중간,0.6,8
회생절차,450,680,1130,높음,0.9,10
개인회생법원,430,700,1130,높음,0.9,10
신용보증,670,460,1130,높음,0.9,10
도수치료병원,100,1030,1130,높음,0.9,10
한문철운전자보험,240,890,1130,중간,0.6,5
어린이치과보험,120,1010,1130,높음,0.9,10
아파트양도세,260,870,1130,높음,0.9,3
자녀증여,320,810,1130,높음,0.9,10
당뇨보험,170,960,1130,높음,0.9,10
육아도우미,220,910,1130,높음,0.9,10
부정수급,310,820,1130,높음,0.9,10
도로점용료,670,460,1130,높음,0.9,7
쥐벼룩,150,980,1130,높음,0.9,9
위법,290,840,1130,낮음,0.3,0
법정대리인동의서,330,800,1130,높음,0.9,10
전체임플란트비용,80,1050,1130,높음,0.9,10
축농증약,190,940,1130,높음,0.9,10
굽은등,200,930,1130,중간,0.6,8
목디스크주사,200,930,1130,높음,0.9,10
허리디스크파열,120,1010,1130,높음,0.9,10
대구동산내과,70,1060,1130,낮음,0.3,1
친환경보일러지원금,200,930,1130,높음,0.9,10
침대쿨링패드,140,990,1130,높음,0.9,8
여름쿨매트,230,900,1130,높음,0.9,8
순면이불,190,940,1130,높음,0.9,8
여성러닝화추천,200,930,1130,높음,0.9,10
출산용품,290,840,1130,높음,0.9,8
유아용카시트,180,950,1130,높음,0.9,10
초등학생카시트,120,1010,1130,높음,0.9,8
카시트브랜드,200,930,1130,높음,0.9,10
오르빗유모차,100,1030,1130,중간,0.6,6
운전면허시험비용,140,990,1130,높음,0.9,10
20평에어컨,160,970,1130,높음,0.9,10
씽크수전,290,840,1130,중간,0.6,8
아이나비Z9000,270,860,1130,높음,0.9,8
개인회생신청비용,250,870,1120,높음,0.9,10
저금리대출,250,870,1120,높음,0.9,10
현물출자,610,510,1120,높음,0.9,10
명의이전,350,770,1120,높음,0.9,10
급여대장,790,330,1120,높음,0.9,10
직장인내일배움카드,430,690,1120,높음,0.9,3
철거비용,290,830,1120,높음,0.9,10
스마트폰부업,190,930,1120,높음,0.9,10
ETF비교,620,500,1120,높음,0.9,7
가치주,200,920,1120,높음,0.9,3
IRP퇴직연금계좌,280,840,1120,중간,0.6,6
영농조합법인,310,810,1120,높음,0.9,10
벌래퇴치기,150,970,1120,높음,0.9,7
SKT유심구매,230,890,1120,높음,0.9,3
국산로봇청소기,190,930,1120,높음,0.9,10
디월트작업등,250,870,1120,중간,0.6,8
태블릿요금제,340,780,1120,높음,0.9,10
휴대폰요금제,260,860,1120,높음,0.9,10
제습기비교,320,800,1120,높음,0.9,8
블랑켓,180,940,1120,높음,0.9,8
세계여행신문,880,240,1120,중간,0.6,1
비송사건,600,520,1120,높음,0.9,3
여행자보험휴대폰파손,220,900,1120,높음,0.9,9
알레르기비염약,240,880,1120,높음,0.9,10
창틀누수,290,830,1120,높음,0.9,10
바닥재종류,230,890,1120,높음,0.9,10
34평입주청소비용,200,920,1120,높음,0.9,10
김해입주청소,390,730,1120,높음,0.9,10
냉감홑이불,150,970,1120,높음,0.9,7
하이리무진,270,850,1120,높음,0.9,10
다이치이지캐리2,70,1050,1120,중간,0.6,3
아이패드미니5,290,830,1120,높음,0.9,10
전기압력밥솥10인용,160,960,1120,높음,0.9,10
일리캡슐머신,210,910,1120,중간,0.6,8
LED등기구,440,680,1120,높음,0.9,8
개인회생금지명령,300,810,1110,높음,0.9,10
개인회생변호사비용,260,850,1110,높음,0.9,10
충치레진비용,100,1010,1110,높음,0.9,10
상속등기,430,680,1110,높음,0.9,10
부가가치세계산,830,280,1110,높음,0.9,7
토지양도세율,230,880,1110,높음,0.9,3
해외직구관세,290,820,1110,높음,0.9,10
직장인국비지원,430,680,1110,높음,0.9,10
신입채용,370,740,1110,높음,0.9,10
응암동아파트,100,1010,1110,높음,0.9,10
진드기기피제,300,810,1110,중간,0.6,8
교통사고손해사정사,300,810,1110,높음,0.9,10
보일러추천,200,910,1110,높음,0.9,8
중고차매입,370,740,1110,높음,0.9,10
여자러닝화,140,970,1110,높음,0.9,10
자전거로라,230,880,1110,높음,0.9,9
골프아이언,260,850,1110,높음,0.9,9
차량커버,220,890,1110,중간,0.6,8
앱솔루트분유,170,940,1110,높음,0.9,7
수원베이비하우스,130,980,1110,중간,0.6,3
아기천기저귀,90,1020,1110,중간,0.6,8
담보대출금리,380,730,1110,높음,0.9,10
세무법인순위,370,740,1110,높음,0.9,7
보험계리사연봉,130,980,1110,높음,0.9,7
신혼집선물,250,860,1110,높음,0.9,10
에어프라이어받침대,150,960,1110,중간,0.6,8
스위치교체,140,970,1110,높음,0.9,8
보증금담보대출,270,830,1100,높음,0.9,10
주말대출,100,1000,1100,높음,0.9,10
50대암보험,460,640,1100,높음,0.9,10
자동차보험운전자보험차이,320,780,1100,높음,0.9,10
운전자보험일상배상책임,210,890,1100,높음,0.9,10
건설안전산업기사필기,460,640,1100,높음,0.9,10
국가정책자금,330,770,1100,높음,0.9,10
전세금반환소송,560,540,1100,높음,0.9,10
소형SUV추천,280,820,1100,높음,0.9,10
노후연금,290,810,1100,높음,0.9,10
석유관련주,240,860,1100,중간,0.6,5
ETF수수료,300,800,1100,높음,0.9,10
EPS블럭,720,380,1100,높음,0.9,10
자동차종합검사예약,420,680,1100,높음,0.9,3
E-SIM,440,660,1100,높음,0.9,8
건조기세탁기,200,900,1100,높음,0.9,8
미니건조기5KG,200,900,1100,중간,0.6,8
의자목받침,480,620,1100,높음,0.9,9
가죽의자,300,800,1100,높음,0.9,8
연금통합포털,550,550,1100,높음,0.9,3
공유사무실,340,760,1100,높음,0.9,10
간병비지원,180,920,1100,높음,0.9,10
음주운전기소유예,150,950,1100,높음,0.9,10
음주운전뺑소니,710,390,1100,높음,0.9,10
임플란트뼈이식비용,130,970,1100,높음,0.9,10
치과의원,130,970,1100,높음,0.9,10
이사짐보관,260,840,1100,높음,0.9,10
아파트입주청소비용,230,870,1100,높음,0.9,10
도배가격,170,930,1100,높음,0.9,10
시어서커홑이불,150,950,1100,높음,0.9,8
환경부전기차충전소,280,820,1100,중간,0.6,1
캠프라인릿지화,190,910,1100,높음,0.9,9
LG듀얼업모니터,390,710,1100,중간,0.6,5
키보드자판기,180,920,1100,중간,0.6,8
커피머신비교,20,1080,1100,높음,0.9,7
부천블랙박스,550,550,1100,높음,0.9,10
자동차충전기,210,890,1100,중간,0.6,8
개인회생조건,260,830,1090,높음,0.9,10
카드론대환대출,160,930,1090,높음,0.9,10
실비보험추천,260,830,1090,높음,0.9,10
실손보험청구방법,200,890,1090,높음,0.9,7
상속세공제,290,800,1090,높음,0.9,10
개인사업자법인전환,460,630,1090,높음,0.9,10
퇴직연금계좌,370,720,1090,높음,0.9,10
조세범처벌법,530,560,1090,높음,0.9,10
근로장려금계산기,220,870,1090,낮음,0.3,1
운송,360,730,1090,높음,0.9,10
성희롱예방교육,800,290,1090,높음,0.9,10
안전기사,470,620,1090,높음,0.9,10
퍼블리셔,440,650,1090,높음,0.9,1
대구정책자금,100,990,1090,높음,0.9,10
외제차SUV,170,920,1090,높음,0.9,10
천연모기퇴치제,160,930,1090,높음,0.9,8
야외포충기,280,810,1090,높음,0.9,8
자동청소기,130,960,1090,중간,0.6,8
알뜰폰요금제변경,290,800,1090,높음,0.9,10
가스건조기,190,900,1090,높음,0.9,10
압출기,280,810,1090,중간,0.6,8
명절선물,480,610,1090,높음,0.9,10
무쇠솥뚜껑,120,970,1090,중간,0.6,8
일본여행보험,230,860,1090,높음,0.9,10
임플란트2차수술,160,930,1090,높음,0.9,7
원룸청소업체비용,140,950,1090,높음,0.9,10
신일저소음선풍기,130,960,1090,높음,0.9,8
솔러스에어,250,840,1090,높음,0.9,8
아기분유추천,150,940,1090,높음,0.9,10
TV셋톱박스,220,870,1090,중간,0.6,8
악스키드,180,910,1090,중간,0.6,4
초등학생시계,150,940,1090,높음,0.9,10
가민베뉴,230,860,1090,중간,0.6,8
휴대용,150,940,1090,높음,0.9,10
현대해상실비,270,820,1090,높음,0.9,10
벽걸이에어컨추천,210,880,1090,높음,0.9,9
커피머신순위,20,1070,1090,높음,0.9,3
방문잠금장치,150,940,1090,높음,0.9,8
대출종류,350,730,1080,높음,0.9,10
일용직대출,80,1000,1080,높음,0.9,10
경락잔금대출한도,350,730,1080,높음,0.9,10
삼성화재다이렉트실비,490,590,1080,중간,0.6,4
부동산증여세,220,860,1080,높음,0.9,10
이익잉여금,550,530,1080,높음,0.9,10
조세전문변호사,170,910,1080,낮음,0.3,0
양도세세율,340,740,1080,높음,0.9,3
파트타임,270,810,1080,높음,0.9,10
연차발생,540,540,1080,높음,0.9,9
정부지원,390,690,1080,높음,0.9,10
가계자금,260,820,1080,높음,0.9,3
경기극저신용대출,180,900,1080,높음,0.9,3
골드선물,90,990,1080,높음,0.9,10
알뜰폰무제한,220,860,1080,높음,0.9,10
LG코드제로R5,130,950,1080,중간,0.6,7
화장실습기,210,870,1080,높음,0.9,8
전신안마기,130,950,1080,높음,0.9,8
사무실의자추천,610,470,1080,높음,0.9,10
간병인보험가격,210,870,1080,높음,0.9,10
종수술비,270,810,1080,높음,0.9,10
위험운전치상,120,960,1080,높음,0.9,10
부분틀니가격,80,1000,1080,높음,0.9,10
풀아치임플란트,310,770,1080,높음,0.9,10
잇몸이식,190,890,1080,높음,0.9,10
20대건강검진,120,960,1080,높음,0.9,10
분당입주청소,190,890,1080,높음,0.9,10
보일러연통,210,870,1080,높음,0.9,10
테슬라충전,220,860,1080,중간,0.6,8
분유통,120,960,1080,중간,0.6,8
신생아천기저귀,160,920,1080,중간,0.6,8
CCTV모니터,400,680,1080,중간,0.6,8
삼성모니터24인치,480,600,1080,중간,0.6,8
업무용태블릿추천,800,280,1080,높음,0.9,3
주택보험,300,780,1080,높음,0.9,10
면허시험,210,870,1080,높음,0.9,10
정수기비교,290,790,1080,높음,0.9,10
에어프라이어가성비,760,320,1080,높음,0.9,3
자석모기장,220,860,1080,중간,0.6,8
아이나비Z1000,230,850,1080,중간,0.6,5
한화실비보험,240,830,1070,높음,0.9,10
성실사업자기준,620,450,1070,높음,0.9,3
상속세공제한도,230,840,1070,높음,0.9,7
개인연금저축추천,290,780,1070,높음,0.9,10
자동차정비산업기사필기,250,820,1070,높음,0.9,10
중견기업순위,230,840,1070,높음,0.9,3
임의경매,370,700,1070,높음,0.9,9
부동산전문변호사상담,110,960,1070,높음,0.9,10
개미살충제,220,850,1070,중간,0.6,8
통신사변경혜택,210,860,1070,높음,0.9,10
16인치노트북,370,700,1070,높음,0.9,9
안마의자가격,100,970,1070,높음,0.9,10
카운터탑식기세척기,180,890,1070,높음,0.9,8
독서실의자,250,820,1070,중간,0.6,8
여자친구부모님첫인사선물,220,850,1070,높음,0.9,10
펫보험추천,160,910,1070,높음,0.9,10
어금니임플란트,230,840,1070,높음,0.9,10
치과치아미백가격,80,990,1070,높음,0.9,10
허리디스크시술비용,110,960,1070,높음,0.9,10
부산갑상선병원,250,820,1070,높음,0.9,10
라지킹이불,240,830,1070,높음,0.9,8
믿을만한중고차사이트,360,710,1070,높음,0.9,10
원룸선풍기,140,930,1070,높음,0.9,8
가습기브랜드,30,1040,1070,높음,0.9,10
20인치선풍기,290,780,1070,높음,0.9,7
유모차절충형,230,840,1070,높음,0.9,9
전기자전거중고,260,810,1070,높음,0.9,10
한끼뚝딱사료,80,990,1070,높음,0.9,8
맥시코시바구니카시트,120,950,1070,중간,0.6,5
기저귀크림,100,970,1070,높음,0.9,9
업무용태블릿,700,370,1070,중간,0.6,8
사무용모니터,610,460,1070,중간,0.6,8
우수인증설계사,330,740,1070,높음,0.9,3
미니창문형에어컨,410,660,1070,높음,0.9,8
신혼선물,170,900,1070,높음,0.9,10
방충망파는곳,180,890,1070,높음,0.9,8
현관안전고리,200,870,1070,중간,0.6,8
타이어싼곳,150,920,1070,높음,0.9,10
아이나비QXD7000,240,830,1070,중간,0.6,7
네비게이션장착,120,950,1070,높음,0.9,10
개인회생변호사,410,650,1060,높음,0.9,10
개인회생면책,270,790,1060,높음,0.9,10
실손보험가입,220,840,1060,높음,0.9,10
중입자암치료보험,180,880,1060,높음,0.9,7
주식증여세,180,880,1060,높음,0.9,10
부동산투자,330,730,1060,높음,0.9,10
저렴한전기차,220,840,1060,중간,0.6,8
주택경매,380,680,1060,높음,0.9,10
아파트급매,180,880,1060,높음,0.9,9
방음매트,280,780,1060,높음,0.9,8
양주자동차검사소,140,920,1060,중간,0.6,5
무무키토,110,950,1060,중간,0.6,4
인터넷교체,270,790,1060,높음,0.9,10
천연제습제,160,900,1060,높음,0.9,8
일체형세탁기,250,810,1060,중간,0.6,8
소형안마의자,190,870,1060,중간,0.6,8
매트리스할인,770,290,1060,높음,0.9,10
의자할인,750,310,1060,높음,0.9,7
비과세연금보험,290,770,1060,높음,0.9,9
횡단보도사고,130,930,1060,높음,0.9,10
재가급여보험,300,760,1060,높음,0.9,7
음주운전면허취소벌금,180,880,1060,높음,0.9,10
알레르기성비염,200,860,1060,높음,0.9,10
20대임플란트,150,910,1060,높음,0.9,10
상조가입,260,800,1060,높음,0.9,10
찢어짐,280,780,1060,높음,0.9,3
위장장애,160,900,1060,높음,0.9,10
보일러가격,160,900,1060,높음,0.9,8
침대이불세트,160,900,1060,높음,0.9,8
풍기인견이불세트,90,970,1060,높음,0.9,7
내차중고시세,170,890,1060,높음,0.9,10
사계절이불세트,170,890,1060,높음,0.9,9
중고차매매사이트추천,200,860,1060,높음,0.9,10
경등산화,340,720,1060,높음,0.9,8
남성트레킹화,240,820,1060,중간,0.6,8
강아지습식캔,150,910,1060,높음,0.9,9
싱크365,200,860,1060,중간,0.6,6
싱크대음식물탈수기,160,900,1060,높음,0.9,8
블라인드제작,310,750,1060,높음,0.9,10
LED등교체방법,150,910,1060,높음,0.9,10
만도블랙박스뷰어,840,220,1060,중간,0.6,6
신용회복자대출,130,920,1050,높음,0.9,10
자동차보험비교사이트,600,450,1050,높음,0.9,10
AI투자,280,770,1050,높음,0.9,10
감시단속적근로자,530,520,1050,높음,0.9,3
사업자금대출,270,780,1050,높음,0.9,10
전세보증금반환,260,790,1050,높음,0.9,10
알테오젠주식,30,1020,1050,높음,0.9,3
퇴직연금교육,720,330,1050,높음,0.9,10
투자신탁,360,690,1050,높음,0.9,10
알뜰폰신규개통,240,810,1050,높음,0.9,10
삼성비스포크공기청정기,140,910,1050,높음,0.9,10
텐트종류,160,890,1050,높음,0.9,8
안마의자가성비,130,920,1050,높음,0.9,10
치매보험추천,290,760,1050,높음,0.9,10
기침이안멈춰요,100,950,1050,높음,0.9,10
치과치료,150,900,1050,높음,0.9,10
영통내과,160,890,1050,높음,0.9,10
풍기인견홑이불,90,960,1050,높음,0.9,8
내차팔때,220,830,1050,높음,0.9,10
카페트매트,200,850,1050,높음,0.9,10
트래킹화추천,220,830,1050,중간,0.6,8
부가부디럭스유모차,90,960,1050,높음,0.9,7
어린이골프채,120,930,1050,높음,0.9,8
58도웨지,140,910,1050,중간,0.6,8
등기열람,820,230,1050,높음,0.9,3
작은에어컨,140,910,1050,높음,0.9,8
25평에어컨,130,920,1050,높음,0.9,10
60대남자생일선물,170,880,1050,높음,0.9,10
사무실커피머신,470,580,1050,높음,0.9,10
에어프라이기고구마,40,1010,1050,높음,0.9,10
락앤락에어프라이어,100,950,1050,높음,0.9,8
사무실블라인드,450,600,1050,높음,0.9,8
방화문수리,260,790,1050,높음,0.9,10
김해임플란트가격,5,1040,1045,높음,0.9,7
개인회생면책결정,210,830,1040,높음,0.9,10
전기차신용카드,270,770,1040,높음,0.9,10
아파트증여세,170,870,1040,높음,0.9,10
세무조사대상,230,810,1040,높음,0.9,7
공익법인,720,320,1040,높음,0.9,10
건설일용직퇴직금,270,770,1040,높음,0.9,7
삼성코덱스ETF,70,970,1040,낮음,0.3,1
5G요금제,180,860,1040,높음,0.9,10
소형드럼세탁기,150,890,1040,중간,0.6,8
3KG세탁기,160,880,1040,중간,0.6,8
신혼집들이선물,270,770,1040,높음,0.9,10
간병인보험비교,300,740,1040,높음,0.9,10
기능코성형,520,520,1040,높음,0.9,10
목디스크시술,160,880,1040,높음,0.9,10
임플란트회사,200,840,1040,높음,0.9,10
축농증수술비용,130,910,1040,높음,0.9,10
공공충전인프라멤버십카드,410,630,1040,중간,0.6,1
TP-LINK,620,420,1040,높음,0.9,8
맥키보드,470,570,1040,중간,0.6,8
FHD모니터,380,660,1040,높음,0.9,9
모니터할인,760,280,1040,높음,0.9,10
아이패드프로M1,130,910,1040,높음,0.9,10
전세대출DSR,300,740,1040,높음,0.9,3
머리카락청소기,170,870,1040,중간,0.6,8
50대여자생일선물,190,850,1040,높음,0.9,10
카페커피머신,190,850,1040,높음,0.9,10
방문모기장,180,860,1040,높음,0.9,8
손잡이도어락,170,870,1040,중간,0.6,8
구미블랙박스,60,980,1040,높음,0.9,9
캐스퍼꾸미기,190,850,1040,중간,0.6,8
채권추심시간,100,930,1030,높음,0.9,10
부산개인파산,120,910,1030,높음,0.9,10
아파트분양대출,190,840,1030,높음,0.9,10
암치료비,300,730,1030,높음,0.9,10
국세청세무조사,330,700,1030,높음,0.9,10
상속등기서류,290,740,1030,높음,0.9,10
대학생알바,200,830,1030,높음,0.9,10
과정평가형,440,590,1030,높음,0.9,10
취준생,280,750,1030,높음,0.9,10
인체드로잉,160,870,1030,높음,0.9,10
경매입찰보증금,270,760,1030,중간,0.6,6
점유이전금지가처분,380,650,1030,높음,0.9,10
부동산공부,390,640,1030,높음,0.9,10
구리ETF,310,720,1030,높음,0.9,7
ETF수익률,260,770,1030,높음,0.9,10
제주자동차검사소,190,840,1030,높음,0.9,3
화장실벌레퇴치,120,910,1030,높음,0.9,7
알뜰폰ESIM,240,790,1030,높음,0.9,10
KT선불인터넷,330,700,1030,중간,0.6,8
공기청정기제습기,250,780,1030,높음,0.9,8
갤럭시북3프로,330,700,1030,높음,0.9,10
가평오토캠핑장,170,860,1030,높음,0.9,10
부산캠핑,130,900,1030,높음,0.9,10
고려홍삼정,120,910,1030,중간,0.6,8
월세보증금,190,840,1030,높음,0.9,10
대부업법,710,320,1030,높음,0.9,7
비염수술비용,120,910,1030,높음,0.9,10
허리통증원인,200,830,1030,높음,0.9,10
이사준비리스트,230,800,1030,높음,0.9,7
가성비런닝화,270,760,1030,높음,0.9,10
슈퍼플렉스,160,870,1030,중간,0.6,2
육아템,270,760,1030,높음,0.9,10
미마자리디럭스,60,970,1030,중간,0.6,2
전자기타,190,840,1030,높음,0.9,8
전대차동의서,650,380,1030,높음,0.9,7
급배수시설누출손해,290,740,1030,높음,0.9,10
생신선물,180,850,1030,높음,0.9,10
30만원대선물,240,790,1030,높음,0.9,10
캡슐커피보관함,170,860,1030,중간,0.6,8
현관문모기장,200,830,1030,높음,0.9,8
아이나비블랙박스AS,210,820,1030,높음,0.9,10
1000만원대출,200,820,1020,높음,0.9,10
모바일대출,110,910,1020,높음,0.9,10
운전자보험변호사선임비용,300,720,1020,높음,0.9,10
하루운전자보험,80,940,1020,높음,0.9,10
가업승계,530,490,1020,높음,0.9,10
사업가,270,750,1020,높음,0.9,1
중소기업진흥원,640,380,1020,높음,0.9,1
무료노무사,180,840,1020,높음,0.9,10
웹툰만화,40,980,1020,높음,0.9,10
산기협,840,180,1020,중간,0.6,1
제2금융권은행,150,870,1020,높음,0.9,9
개인사업자담보대출,350,670,1020,높음,0.9,10
상도두산위브트레지움,170,850,1020,중간,0.6,5
연금계좌개설,190,830,1020,높음,0.9,7
가치투자,300,720,1020,높음,0.9,10
온라인쇼핑몰창업,260,760,1020,높음,0.9,10
로봇청소기순위,240,780,1020,높음,0.9,10
인터넷요금제,290,730,1020,높음,0.9,10
중고게이밍노트북,310,710,1020,높음,0.9,10
소금답례품,210,810,1020,높음,0.9,8
교통사고로펌,20,1000,1020,높음,0.9,10
비보호좌회전사고,110,910,1020,높음,0.9,3
대전정형외과추천,230,790,1020,높음,0.9,10
알레르기면역치료,180,840,1020,높음,0.9,10
기침에좋은약,190,830,1020,높음,0.9,10
디오나비,580,440,1020,높음,0.9,7
하안동내과,180,840,1020,중간,0.6,7
라식나이,100,920,1020,중간,0.6,8
광주보일러,180,840,1020,높음,0.9,10
믿을수있는중고자동차,330,690,1020,높음,0.9,10
10자장롱,140,880,1020,높음,0.9,10
쿠션화,190,830,1020,높음,0.9,8
MTV자전거,70,950,1020,중간,0.6,6
리무진시트,180,840,1020,높음,0.9,10
18평에어컨,150,870,1020,높음,0.9,8
SBI저축은행대출,160,850,1010,중간,0.6,3
빌라주택담보대출,240,770,1010,높음,0.9,10
실손보험추천,230,780,1010,높음,0.9,10
영업용운전자보험,240,770,1010,높음,0.9,10
사업소득지급명세서,670,340,1010,중간,0.6,3
부동산매매사업자,340,670,1010,높음,0.9,7
웹툰학과,390,620,1010,높음,0.9,10
KOSME,500,510,1010,중간,0.6,5
원유ETF,270,740,1010,높음,0.9,7
일산자동차검사소,130,880,1010,높음,0.9,9
전기벌레퇴치기,160,850,1010,높음,0.9,8
충전식전기모기채,160,850,1010,높음,0.9,8
인터넷티비결합,230,780,1010,높음,0.9,10
휴대폰구매,300,710,1010,높음,0.9,10
휴대용노트북,90,920,1010,높음,0.9,8
홍삼선물세트,250,760,1010,높음,0.9,10
페이존,910,100,1010,낮음,0.3,1
무면허운전벌금,90,920,1010,높음,0.9,10
12대중과실합의금,140,870,1010,높음,0.9,3
음주면허취소기간,90,920,1010,높음,0.9,10
비염한의원,270,740,1010,높음,0.9,10
거북목증후군,280,730,1010,높음,0.9,10
허리MRI,160,850,1010,높음,0.9,10
척추측만증수술,120,890,1010,높음,0.9,10
누수전문업체,160,850,1010,높음,0.9,10
와플이불,110,900,1010,높음,0.9,8
전기차집밥설치,180,830,1010,중간,0.6,7
중고차팔때,180,830,1010,높음,0.9,10
중형선풍기,200,810,1010,높음,0.9,8
한일선풍기날개,170,840,1010,높음,0.9,8
공장용선풍기,320,690,1010,중간,0.6,8
파크골프채중고,130,880,1010,높음,0.9,7
KT와이파이공유기,200,810,1010,높음,0.9,9
최정언산양유,90,920,1010,낮음,0.3,1
에어프라이어세척,100,910,1010,높음,0.9,9
에어프라이기요리,170,840,1010,높음,0.9,10
파인뷰LX3000,260,750,1010,높음,0.9,10
가습기비교,5,1000,1005,높음,0.9,8
주택담보추가대출,340,660,1000,높음,0.9,10
도박빚,120,880,1000,높음,0.9,10
빌라대출,450,550,1000,높음,0.9,10
실손의료비,240,760,1000,높음,0.9,10
사업자,350,650,1000,중간,0.6,4
임금명세서,590,410,1000,높음,0.9,10
3.3%,500,500,1000,중간,0.6,4
만화학원,170,830,1000,높음,0.9,10
인천재개발,490,510,1000,높음,0.9,10
엔젤투자,390,610,1000,높음,0.9,10
ETF종류,330,670,1000,높음,0.9,10
바퀴벌레업체,90,910,1000,높음,0.9,10
연막살충제,240,760,1000,중간,0.6,8
화랑곡나방트랩,230,770,1000,높음,0.9,9
날개미퇴치,80,920,1000,높음,0.9,7
옷장제습기,180,820,1000,높음,0.9,10
제습기12리터,180,820,1000,높음,0.9,8
등산의자,200,800,1000,중간,0.6,8
접이식등받이의자,110,890,1000,높음,0.9,8
임대계약서,520,480,1000,높음,0.9,10
단기국내여행자보험,220,780,1000,높음,0.9,10
자동차사고과실비율,230,770,1000,높음,0.9,10
오스템임플란트종류,170,830,1000,높음,0.9,10
시니어임플란트,130,870,1000,높음,0.9,7
무소음휴대용선풍기,190,810,1000,높음,0.9,8
나이키런닝화추천,200,800,1000,높음,0.9,10
아기가습기,210,790,1000,중간,0.6,8
남성경등산화,180,820,1000,높음,0.9,8
멕시코시,190,810,1000,중간,0.6,7
무약정인터넷,230,770,1000,높음,0.9,10
주니어카시트추천,160,840,1000,중간,0.6,8
유무선키보드,780,220,1000,높음,0.9,8
삼성커브드모니터,340,660,1000,높음,0.9,9
삼성시계,190,810,1000,높음,0.9,9
권리금계약서,360,640,1000,높음,0.9,10
첩약건강보험,240,760,1000,높음,0.9,7
보증보험증권,670,330,1000,중간,0.6,7
욕실등교체,120,880,1000,높음,0.9,8
외부CCTV,210,790,1000,높음,0.9,8
GATEMAN도어락,90,910,1000,높음,0.9,8
전자도어락,300,700,1000,중간,0.6,8
주름방충망,250,750,1000,높음,0.9,8
구미공임나라,180,820,1000,높음,0.9,3
아이나비Z500,190,810,1000,높음,0.9,9
대부중개업체,150,840,990,높음,0.9,10
대환대출조건,140,850,990,높음,0.9,10
비급여실비,140,850,990,높음,0.9,10
양도소득세면제,180,810,990,높음,0.9,7
사업소득세계산기,740,250,990,낮음,0.3,0
자금출처조사,210,780,990,높음,0.9,10
문서작성알바,280,710,990,높음,0.9,10
4대보험가입방법,490,500,990,중간,0.6,8
건강종합보험,220,770,990,높음,0.9,10
정책지원금,310,680,990,높음,0.9,10
정부대환대출,150,840,990,높음,0.9,10
개인연금계좌,280,710,990,높음,0.9,7
계좌개설이벤트,120,870,990,높음,0.9,10
전기포충기,270,720,990,높음,0.9,8
알뜰허브,360,630,990,중간,0.6,8
줄이어폰추천,170,820,990,높음,0.9,7
저렴한노트북,180,810,990,높음,0.9,8
스팸선물세트,320,670,990,높음,0.9,8
추석명절,380,610,990,높음,0.9,7
급여4대보험계산기,330,660,990,낮음,0.3,0
신한여행자보험,240,750,990,낮음,0.3,1
후유장애,350,640,990,높음,0.9,10
허리수술,110,880,990,높음,0.9,10
임플란트치료기간,150,840,990,높음,0.9,10
LG유플러스볼트업,400,590,990,중간,0.6,3
BLDC서큘레이터,370,620,990,높음,0.9,7
대형서큘레이터,330,660,990,높음,0.9,8
LG인터넷TV,220,770,990,높음,0.9,10
유무선공유기,460,530,990,중간,0.6,8
LG라우터,100,890,990,높음,0.9,10
LG스토어,270,720,990,높음,0.9,10
가성비태블릿추천,300,690,990,중간,0.6,8
보험사대출,220,770,990,높음,0.9,10
자동물내림비데,180,810,990,중간,0.6,8
에어프라이어오븐형,170,820,990,높음,0.9,9
베란다방충망,160,830,990,높음,0.9,8
방충망틀,260,730,990,높음,0.9,8
타이어가격비교,390,600,990,높음,0.9,10
1등급밥솥,980,5,985,높음,0.9,7
중도상환수수료면제,250,730,980,높음,0.9,10
4세대실비,260,720,980,높음,0.9,10
자부상,240,740,980,높음,0.9,10
부정교합보험,120,860,980,높음,0.9,10
다모아보험,500,480,980,높음,0.9,10
4대보험신고,750,230,980,중간,0.6,8
기술교육원,450,530,980,높음,0.9,10
소상공인정책자금대리대출,320,660,980,중간,0.6,5
개인사업자마이너스통장,200,780,980,높음,0.9,9
서울미분양아파트,220,760,980,높음,0.9,10
대구사무실임대,410,570,980,높음,0.9,10
IRPISA,340,640,980,높음,0.9,7
사업자정책지원금,520,460,980,높음,0.9,7
데이터유심,220,760,980,높음,0.9,10
SK핸드폰요금제,270,710,980,높음,0.9,10
편의점선불폰,450,530,980,높음,0.9,10
오픈형이어폰추천,350,630,980,높음,0.9,8
홍삼액기스,260,720,980,높음,0.9,8
헛기침,160,820,980,높음,0.9,10
서울건강검진센터,220,760,980,높음,0.9,10
인견홑이불,90,890,980,높음,0.9,8
신생아선풍기,60,920,980,높음,0.9,7
오아가습기,270,710,980,중간,0.6,8
미즈노프로,170,810,980,높음,0.9,8
잉글레시나트윈스케치,100,880,980,중간,0.6,2
자전거유모차,90,890,980,중간,0.6,8
미마자리맥스,80,900,980,중간,0.6,2
컴퓨터모니터32인치,290,690,980,중간,0.6,8
모니터20인치,310,670,980,높음,0.9,8
20인치모니터,450,530,980,높음,0.9,8
씽크대음식물분쇄기,110,870,980,중간,0.6,8
벽걸이에어컨2IN1,170,810,980,중간,0.6,8
정수기구독,280,700,980,높음,0.9,7
화장실공사,220,760,980,높음,0.9,10
IOT도어락,300,680,980,높음,0.9,8
유리문힌지,290,690,980,높음,0.9,8
블라인드가격,150,830,980,높음,0.9,8
이볼루션충전기,170,810,980,중간,0.6,6
토스와이드카드,310,660,970,중간,0.6,1
치과보험비교,190,780,970,높음,0.9,10
치과보험청구,230,740,970,높음,0.9,10
상속취득세율,290,680,970,중간,0.6,6
한국건설기술교육원,680,290,970,높음,0.9,10
신용보증재단대출,300,670,970,중간,0.6,4
지원사업,620,350,970,높음,0.9,10
경기신용보증기금,470,500,970,높음,0.9,10
철거지원금,410,560,970,높음,0.9,10
대전정책자금,50,920,970,높음,0.9,7
부동산계약금반환,290,680,970,높음,0.9,10
오늘상장주식,120,850,970,높음,0.9,10
삼성증권연금저축,240,730,970,낮음,0.3,1
개인연금수령,180,790,970,높음,0.9,10
1급자동차검사소,120,850,970,높음,0.9,7
천연모기퇴치제만들기,160,810,970,높음,0.9,8
야외모기퇴치기,190,780,970,높음,0.9,8
디월트고압세척기,230,740,970,중간,0.6,4
저렴한로봇청소기,160,810,970,높음,0.9,9
캠핑용에어매트,170,800,970,높음,0.9,9
전기난로,280,690,970,중간,0.6,8
의자안마기,130,840,970,높음,0.9,8
LG디오스식기세척기,120,850,970,높음,0.9,9
수퍼싱글매트리스,120,850,970,높음,0.9,9
기업정보,590,380,970,중간,0.6,5
전세집,200,770,970,높음,0.9,10
일시납연금보험,230,740,970,높음,0.9,9
혈관운동성비염,220,750,970,높음,0.9,10
수면마취치과,120,850,970,높음,0.9,10
손없는날달력,230,740,970,높음,0.9,10
다해주는이사,260,710,970,중간,0.6,6
손있는날,180,790,970,높음,0.9,9
거실바닥재,130,840,970,높음,0.9,10
보일러종류,160,810,970,높음,0.9,10
보일러분배기교체,140,830,970,높음,0.9,7
전기자동차충전기,230,740,970,높음,0.9,8
전기차급속충전기,180,790,970,높음,0.9,10
듀라론원단,140,830,970,높음,0.9,8
선풍기종류,110,860,970,높음,0.9,7
남자러닝화,200,770,970,높음,0.9,10
3륜전기자전거,200,770,970,높음,0.9,8
자전거파워미터,230,740,970,중간,0.6,8
방수트레킹화,170,800,970,중간,0.6,8
차량용시트커버,160,810,970,높음,0.9,8
POE인젝터,570,400,970,중간,0.6,8
학자금대출받는법,120,850,970,높음,0.9,10
부동산취등록세,310,660,970,높음,0.9,3
토스보험,240,730,970,높음,0.9,7
청소기필터,160,810,970,중간,0.6,8
쾌존음식물처리기,180,790,970,높음,0.9,3
소형에어프라이어,190,780,970,중간,0.6,8
도어락잠겼을때,40,930,970,높음,0.9,10
자동차타이어교체,130,840,970,높음,0.9,10
타이어추천,210,760,970,높음,0.9,10
가습기순위,5,960,965,높음,0.9,10
아파트담보대출조건,170,790,960,높음,0.9,10
실비보험면책기간,130,830,960,높음,0.9,10
레진치료비용,120,840,960,높음,0.9,10
공무원수당규정,710,250,960,높음,0.9,3
KDT교육,340,620,960,높음,0.9,7
인간공학,300,660,960,높음,0.9,9
소상공인창업지원금,240,720,960,높음,0.9,10
임차권등기명령신청,540,420,960,높음,0.9,10
CLS300D,210,750,960,높음,0.9,9
주식투자하는법,160,800,960,높음,0.9,10
초음파모기퇴치기,190,770,960,높음,0.9,8
알뜰폰통신사추천,330,630,960,높음,0.9,10
교수님선물,240,720,960,높음,0.9,10
곰팡이방지제,220,740,960,높음,0.9,9
컵과일배달,140,820,960,높음,0.9,10
사무용의자추천,570,390,960,높음,0.9,10
인체공학의자,290,670,960,높음,0.9,9
사망보험추천,130,830,960,높음,0.9,10
청소년건강검진,120,840,960,높음,0.9,10
영등포입주청소,200,760,960,높음,0.9,10
자동차시세조회,320,640,960,높음,0.9,10
전기충전기,200,760,960,높음,0.9,9
알레르망여름이불세트,100,860,960,높음,0.9,7
냉감카페트,70,890,960,높음,0.9,8
360도회전선풍기,90,870,960,높음,0.9,8
야외용선풍기,150,810,960,높음,0.9,7
영업용선풍기,90,870,960,높음,0.9,8
SK인터넷TV,320,640,960,높음,0.9,10
신생아기저귀추천,120,840,960,중간,0.6,8
MXMASTER3,620,340,960,높음,0.9,8
저소음적축,460,500,960,중간,0.6,7
손해보험사,290,670,960,높음,0.9,10
미니전기밥솥,130,830,960,중간,0.6,8
2인용압력밥솥,100,860,960,중간,0.6,8
엘지음식물처리기,120,840,960,높음,0.9,10
세면대수전교체비용,130,830,960,높음,0.9,10
현관문힌지,220,740,960,높음,0.9,8
문방충망,180,780,960,높음,0.9,8
열쇠문고리,170,790,960,높음,0.9,9
루버창방충망,160,800,960,높음,0.9,7
증여세개정,300,650,950,높음,0.9,7
기부금소득공제,200,750,950,높음,0.9,10
불문경고,490,460,950,높음,0.9,7
부당노동행위,370,580,950,높음,0.9,10
명도소송절차,260,690,950,높음,0.9,10
경차가격,130,820,950,높음,0.9,10
금펀드,270,680,950,높음,0.9,10
내연금조회,500,450,950,높음,0.9,7
KB퇴직연금,300,650,950,높음,0.9,3
날파리제거,210,740,950,중간,0.6,7
알뜰요금제무제한,220,730,950,높음,0.9,10
로봇청소기가격,100,850,950,높음,0.9,10
로봇창문청소기,150,800,950,중간,0.6,8
영상편집노트북,320,630,950,중간,0.6,8
무타공식기세척기,160,790,950,높음,0.9,8
임플란트구조,210,740,950,높음,0.9,10
중고차구입,290,660,950,높음,0.9,10
7KW완속충전기,220,730,950,높음,0.9,8
여름매트리스패드,140,810,950,높음,0.9,8
큰선풍기,130,820,950,높음,0.9,8
타워선풍기,140,810,950,높음,0.9,7
접이식전동스쿠터,240,710,950,높음,0.9,8
차량시트교체,130,820,950,높음,0.9,8
매도인하자담보책임,340,610,950,높음,0.9,7
2종수동,100,850,950,높음,0.9,9
음식물처리기순위,180,770,950,높음,0.9,8
15평에어컨,160,790,950,중간,0.6,8
대성하이원에어컨,270,680,950,높음,0.9,8
올리브영집들이선물,150,800,950,중간,0.6,5
에어프라이어사용법,70,880,950,높음,0.9,7
부수입,290,650,940,높음,0.9,1
미사용연차수당,400,540,940,높음,0.9,3
웹툰공모전,300,640,940,높음,0.9,10
내일배움카드교육과정,450,490,940,중간,0.6,5
그림잘그리는법,160,780,940,높음,0.9,10
자금조달계획서양식,730,210,940,높음,0.9,9
투자유치방법,470,470,940,높음,0.9,7
전세계약,220,720,940,높음,0.9,10
부동산가압류,340,600,940,높음,0.9,10
연금저축ETF,260,680,940,높음,0.9,10
자산관리,360,580,940,높음,0.9,10
모기전기채,150,790,940,높음,0.9,8
인강용노트북,290,650,940,높음,0.9,10
집곰팡이냄새,70,870,940,높음,0.9,9
대전과일바구니,150,790,940,높음,0.9,10
노란공제,550,390,940,중간,0.6,7
여행자보험캐리어파손,110,830,940,높음,0.9,3
병원간병인비용,80,860,940,높음,0.9,10
교통사고한방병원입원,200,740,940,높음,0.9,10
짐보관소,80,860,940,높음,0.9,10
시원한매트,110,830,940,높음,0.9,8
자동차중고매매,150,790,940,높음,0.9,10
선풍기무소음,80,860,940,높음,0.9,7
베이비하우스광주,60,880,940,낮음,0.3,2
로지텍MXMASTER,520,420,940,중간,0.6,8
사무용키보드추천,500,440,940,높음,0.9,10
LG태블릿,240,700,940,높음,0.9,8
부채증명원발급,490,450,940,높음,0.9,10
법인등기부,870,70,940,높음,0.9,7
에어컨단기렌탈,190,750,940,높음,0.9,10
방충망제작,250,690,940,중간,0.6,8
문걸이,210,730,940,높음,0.9,8
방충망롤러,170,770,940,높음,0.9,8
타이어위치교환방법,150,790,940,높음,0.9,3
파인뷰LX2000,250,690,940,높음,0.9,10
본인신용정보조회서,570,360,930,높음,0.9,10
운전자,350,580,930,높음,0.9,10
실업급여지급기간,270,660,930,높음,0.9,3
지자체지원금,170,760,930,중간,0.6,5
전세연장계약서,230,700,930,높음,0.9,10
벤츠전기차가격,140,790,930,높음,0.9,10
주택월세,110,820,930,높음,0.9,10
YINN주가,40,890,930,중간,0.6,2
바이오가스,510,420,930,높음,0.9,10
소규모환경영향평가,670,260,930,중간,0.6,8
의자버리기,220,710,930,높음,0.9,10
BEMS,640,290,930,높음,0.9,10
진드기약,140,790,930,높음,0.9,10
휴대폰통신사변경,150,780,930,높음,0.9,10
열전대,580,350,930,높음,0.9,8
삶는세탁기,160,770,930,높음,0.9,8
빨래건조기추천,90,840,930,높음,0.9,10
싼타페차박,200,730,930,높음,0.9,10
8인용식기세척기,120,810,930,높음,0.9,10
캠핑그늘막,160,770,930,높음,0.9,8
전신마사지기계,80,850,930,높음,0.9,10
매트리스슈퍼싱글,130,800,930,높음,0.9,9
마을세무사,390,540,930,높음,0.9,7
자동차보험가입조회,210,720,930,높음,0.9,10
비염코막힘,150,780,930,높음,0.9,10
잇몸뼈이식,90,840,930,높음,0.9,10
치조골이식,250,680,930,높음,0.9,10
라섹가격,170,760,930,높음,0.9,10
포항의료원장례식장,250,680,930,높음,0.9,10
나비엔보일러,230,700,930,높음,0.9,8
키높이선풍기,170,760,930,중간,0.6,8
자전거악세사리,190,740,930,중간,0.6,8
무선와이파이공유기,130,800,930,높음,0.9,8
차시트교체,50,880,930,높음,0.9,8
기저귀3단계,80,850,930,중간,0.6,8
강아지산양유,130,800,930,중간,0.6,8
강아지소프트사료,200,730,930,높음,0.9,8
집누수보험,130,800,930,높음,0.9,10
안방에어컨,110,820,930,높음,0.9,7
전기압력솥,100,830,930,높음,0.9,10
에코업,210,720,930,중간,0.6,5
CRP-FHTAS0610FW,170,760,930,중간,0.6,3
무인카페창업,370,560,930,높음,0.9,10
휴대용에스프레소머신,200,730,930,높음,0.9,9
현관번호키,180,750,930,높음,0.9,8
화장실등교체,100,830,930,높음,0.9,8
삼성월패드,180,750,930,높음,0.9,10
블랙박스아이나비,230,700,930,중간,0.6,8
개인회생변제금,200,720,920,높음,0.9,10
실비암보험,140,780,920,높음,0.9,10
교통사고합의,200,720,920,높음,0.9,10
새벽알바,180,740,920,높음,0.9,10
프리랜서근로계약서,420,500,920,높음,0.9,10
청약사이트,470,450,920,높음,0.9,3
부동산전세,250,670,920,높음,0.9,10
STARTUP,250,670,920,높음,0.9,10
자동차매매,260,660,920,높음,0.9,10
여름더위,210,710,920,낮음,0.3,0
모기퇴치스프레이,180,740,920,높음,0.9,8
TV인터넷,200,720,920,높음,0.9,10
SKT와이파이,110,810,920,높음,0.9,10
법인폰개통,580,340,920,높음,0.9,10
노트북메모리,350,570,920,높음,0.9,8
애기세탁기,100,820,920,높음,0.9,8
캠핑러그,190,730,920,중간,0.6,8
에어매트추천,180,740,920,중간,0.6,8
LG식기세척기12인용,210,710,920,중간,0.6,8
가성비의자,160,760,920,높음,0.9,9
회계감사,390,530,920,높음,0.9,10
산재전문변호사,380,540,920,높음,0.9,10
소음성난청산재,370,550,920,높음,0.9,10
자기치아살리기,60,860,920,높음,0.9,3
목디스크수술비,90,830,920,높음,0.9,7
위내시경병원,90,830,920,높음,0.9,10
친환경보일러,110,810,920,높음,0.9,8
입주청소방법,130,790,920,높음,0.9,10
런닝화브랜드,190,730,920,높음,0.9,10
남성런닝화추천,210,710,920,높음,0.9,10
살로몬런닝화,170,750,920,높음,0.9,8
삼성무선선풍기,100,820,920,중간,0.6,6
발목등산화,160,760,920,중간,0.6,8
차량시트,170,750,920,중간,0.6,8
유아안전벨트,110,810,920,중간,0.6,8
전주베이비키즈페어,140,780,920,중간,0.6,2
블루투스키보드마우스세트,430,490,920,중간,0.6,8
게이밍태블릿,200,720,920,중간,0.6,8
주담대DSR,280,640,920,높음,0.9,7
무료견적서양식,760,160,920,높음,0.9,10
자동차구조변경,240,680,920,높음,0.9,10
이동식미니에어컨,170,750,920,높음,0.9,8
CRP-OHTR0610FWM,220,700,920,중간,0.6,6
무인커피숍,60,860,920,높음,0.9,10
에어프라이삼겹살,70,850,920,높음,0.9,3
에어프라이어돈까스,110,810,920,높음,0.9,10
엘이디조명,120,800,920,높음,0.9,8
집CCTV,90,830,920,높음,0.9,10
현관방충망설치,110,810,920,높음,0.9,7
아이나비보조배터리,230,690,920,중간,0.6,8
청년보험,290,620,910,높음,0.9,10
회계사무소,250,660,910,높음,0.9,10
미래유망직업,230,680,910,높음,0.9,10
애니메이션학과,290,620,910,높음,0.9,10
국민배움카드,310,600,910,높음,0.9,10
슬러시기계대여,310,600,910,높음,0.9,7
원자재ETF,310,600,910,높음,0.9,10
미국채ETF,340,570,910,높음,0.9,3
엑셀배관,340,570,910,중간,0.6,8
해바캄,380,530,910,중간,0.6,5
차량검사예약,320,590,910,높음,0.9,7
노래기살충제,210,700,910,높음,0.9,8
집파리,150,760,910,높음,0.9,7
제올라이트제습제,120,790,910,중간,0.6,6
빈슨메시프자충매트,180,730,910,중간,0.6,6
프리스탠딩식기세척기,220,690,910,높음,0.9,8
싱크대식기세척기,90,820,910,높음,0.9,7
학생용의자추천,610,300,910,높음,0.9,8
법무사상담비용,130,780,910,높음,0.9,10
후유장애진단서,420,490,910,높음,0.9,10
코비염수술,110,800,910,높음,0.9,10
임플란트후기,110,800,910,높음,0.9,10
포장이사가격,200,710,910,높음,0.9,10
이사사다리차비용,160,750,910,높음,0.9,10
무통라섹,850,60,910,높음,0.9,7
양주입주청소,440,470,910,높음,0.9,10
테슬라월커넥터,270,640,910,중간,0.6,7
구름이불,90,820,910,중간,0.6,8
1인용전기장판,200,710,910,중간,0.6,8
런링화,180,730,910,높음,0.9,8
나이키조깅화,130,780,910,높음,0.9,10
족저근막염운동화추천,140,770,910,높음,0.9,7
트레일런닝화,310,600,910,중간,0.6,8
카시트종류,220,690,910,중간,0.6,6
M2M,290,620,910,높음,0.9,10
건축물대장조회,680,230,910,높음,0.9,3
강화유리문손잡이,300,610,910,높음,0.9,9
1인용전기차,110,800,910,높음,0.9,9
자동차원격시동,140,770,910,높음,0.9,8
상호금융,290,610,900,높음,0.9,9
실비보험비교,290,610,900,높음,0.9,10
한화생명암보험,200,700,900,중간,0.6,3
운전자보험자동차보험차이,240,660,900,높음,0.9,7
개인연금수령액,150,750,900,높음,0.9,10
실업인정,460,440,900,중간,0.6,2
체당금신청,280,620,900,높음,0.9,10
연봉계약서,560,340,900,높음,0.9,10
대학생인턴,300,600,900,높음,0.9,10
내일배움교육,490,410,900,높음,0.9,10
소상공인시장진흥공단대출,300,600,900,높음,0.9,10
변류기,360,540,900,높음,0.9,10
전기온수보일러,200,700,900,높음,0.9,10
안개분무기,150,750,900,높음,0.9,8
더존킬라,250,650,900,중간,0.6,5
싸이퍼킬,280,620,900,중간,0.6,6
휴대폰가격,160,740,900,중간,0.6,8
공기청정기순위,160,740,900,높음,0.9,8
조립식노트북,220,680,900,높음,0.9,10
의자구매,650,250,900,높음,0.9,10
종신보험해지,130,770,900,높음,0.9,10
주차뺑소니,110,790,900,높음,0.9,10
네비게이션임플란트,290,610,900,높음,0.9,10
숙면치과,120,780,900,낮음,0.3,1
사랑니수면마취,110,790,900,높음,0.9,10
한쪽코막힘,130,770,900,높음,0.9,10
대장내시경병원,120,780,900,높음,0.9,10
아이스쿨매트,110,790,900,높음,0.9,8
중고차딜러,180,720,900,높음,0.9,10
캠프라인샌들,140,760,900,높음,0.9,8
기저귀핫딜,40,860,900,높음,0.9,10
와이파이연결,90,810,900,높음,0.9,10
어린이워치,80,820,900,높음,0.9,10
LG전자칠판,450,450,900,높음,0.9,10
신원보증보험가입,450,450,900,중간,0.6,5
보험사종류,130,770,900,높음,0.9,10
달러종신보험,240,660,900,중간,0.6,7
등기부등본조회,540,360,900,높음,0.9,3
소형창문형에어컨,190,710,900,높음,0.9,7
밥솥10인용,150,750,900,중간,0.6,8
수전설비,520,380,900,높음,0.9,10
수동에스프레소머신,190,710,900,중간,0.6,8
미니커피머신,80,820,900,높음,0.9,8
현관도어락교체,90,810,900,높음,0.9,10
상가대출한도,210,680,890,높음,0.9,10
표적항암치료보험,200,690,890,높음,0.9,10
내운전자보험조회,200,690,890,높음,0.9,7
종소세구간,260,630,890,높음,0.9,3
미처분이익잉여금,530,360,890,높음,0.9,10
재무제표확인원,800,90,890,중간,0.6,6
클라우드펀딩,420,470,890,높음,0.9,10
경기도소상공인대출,220,670,890,높음,0.9,10
전세보증금반환보증보험,300,590,890,높음,0.9,10
공유물분할소송,340,550,890,높음,0.9,10
비상장주식거래,290,600,890,높음,0.9,10
퇴직연금계산,400,490,890,낮음,0.3,0
ETF계좌,190,700,890,높음,0.9,7
층간매트,100,790,890,높음,0.9,9
화분버리기,170,720,890,높음,0.9,10
KT선불유심,420,470,890,높음,0.9,10
가정용청소기,220,670,890,높음,0.9,10
폰성지,180,710,890,높음,0.9,7
알뜰폰5G요금제,150,740,890,높음,0.9,10
차량공기청정기,120,770,890,중간,0.6,8
건조겸용세탁기,130,760,890,중간,0.6,8
캐디용품,140,750,890,높음,0.9,10
세라젬안마의자렌탈,120,770,890,높음,0.9,8
책상의자세트,200,690,890,중간,0.6,8
SIDIZ의자,220,670,890,높음,0.9,10
커피선물세트,220,670,890,높음,0.9,10
미성년자여행자보험,130,760,890,높음,0.9,10
검진센터,260,630,890,높음,0.9,10
가족장례식,170,720,890,높음,0.9,10
포장이사추천,250,640,890,높음,0.9,10
신축입주청소,200,690,890,높음,0.9,10
구미이사청소,40,850,890,높음,0.9,10
여름쿨이불,60,830,890,높음,0.9,8
탁상용무소음선풍기,250,640,890,높음,0.9,7
중등산화,250,640,890,중간,0.6,8
미즈노MX1,170,720,890,중간,0.6,6
자동차킥매트,110,780,890,중간,0.6,8
강아지밥,90,800,890,높음,0.9,8
와이파이무선공유기,250,640,890,중간,0.6,8
가정용홈캠,210,680,890,높음,0.9,9
신용대출DSR,270,620,890,높음,0.9,7
계약해지,360,530,890,높음,0.9,10
화재보험누수,230,660,890,높음,0.9,10
스팀오븐,170,720,890,높음,0.9,9
LED모듈교체,170,720,890,높음,0.9,9
아파트방문교체,140,750,890,높음,0.9,7
현관문도어락고장,40,850,890,높음,0.9,10
지에스차지비,580,310,890,중간,0.6,1
제3금융권,150,730,880,높음,0.9,10
주택담보대출중도상환수수료,290,590,880,높음,0.9,10
자동차보험운전자보험,200,680,880,높음,0.9,10
운전자보험변천사,490,390,880,높음,0.9,7
가업상속공제,440,440,880,높음,0.9,10
현금증여,170,710,880,높음,0.9,7
상속주택양도세,220,660,880,중간,0.6,7
비상장주식양도소득세,350,530,880,높음,0.9,10
고용노동부퇴직금신고,190,690,880,중간,0.6,1
인사위원회,350,530,880,중간,0.6,2
애니학원,190,690,880,높음,0.9,10
사업자마이너스통장,160,720,880,높음,0.9,9
고용장려금,460,420,880,높음,0.9,3
개인사업자보증서대출,150,730,880,중간,0.6,6
명도소송이란,220,660,880,높음,0.9,10
생태자연도,800,80,880,중간,0.6,5
화장실나방파리,90,790,880,높음,0.9,10
유심칩구매,130,750,880,높음,0.9,10
KT알뜰폰인터넷결합,260,620,880,높음,0.9,10
유플러스홈페이지,240,640,880,높음,0.9,10
알뜰폰데이터쉐어링,180,700,880,높음,0.9,10
곰팡이방지페인트,180,700,880,중간,0.6,8
식기세척기8인용,180,700,880,높음,0.9,8
팔걸이없는의자,260,620,880,높음,0.9,9
유아테이블,120,760,880,높음,0.9,9
홈택스부가세신고,600,280,880,높음,0.9,7
원용,410,470,880,높음,0.9,10
백내장수술비,140,740,880,높음,0.9,10
음주뺑소니처벌,230,650,880,높음,0.9,10
알레르기비염증상,250,630,880,높음,0.9,10
척추측만,160,720,880,높음,0.9,10
허리디스크통증,160,720,880,높음,0.9,10
기침병원,90,790,880,높음,0.9,10
보일러누수,110,770,880,높음,0.9,10
성남입주청소,200,680,880,높음,0.9,10
중고차판매방법,190,690,880,높음,0.9,10
내차팔기어플,130,750,880,높음,0.9,10
EVC1,220,660,880,중간,0.6,5
BLDC무선선풍기,190,690,880,중간,0.6,7
아치서포트,140,740,880,중간,0.6,8
여성런닝화추천,160,720,880,높음,0.9,10
티피텐트,210,670,880,중간,0.6,8
일본자전거,110,770,880,중간,0.6,7
아이언종류,160,720,880,높음,0.9,3
저소음무선키보드,450,430,880,중간,0.6,8
무소음무선키보드,450,430,880,중간,0.6,8
비데쾌변기능,40,840,880,중간,0.6,8
방충문,230,650,880,중간,0.6,8
현관문고리,140,740,880,높음,0.9,8
타이어구매,280,600,880,높음,0.9,10
마이너스대출,210,660,870,높음,0.9,10
30만원대출,90,780,870,높음,0.9,10
암생활비보험,300,570,870,높음,0.9,10
상속취득세,300,570,870,높음,0.9,10
미국주식양도세,200,670,870,높음,0.9,3
음식배달,180,690,870,높음,0.9,10
대구소년원,220,650,870,낮음,0.3,0
소상공인정책자금신청,180,690,870,높음,0.9,7
모의투자,340,530,870,높음,0.9,10
소음매트,200,670,870,높음,0.9,8
모기퇴치기계,180,690,870,높음,0.9,7
충전톱,210,660,870,중간,0.6,8
세탁기15KG,180,690,870,중간,0.6,8
걸이형제습제,130,740,870,높음,0.9,8
커플선물,130,740,870,높음,0.9,10
중학생의자,120,750,870,중간,0.6,8
가족간병인보험,110,760,870,높음,0.9,7
유병자실손보험,230,640,870,높음,0.9,10
무면허운전,240,630,870,높음,0.9,10
단체보험,430,440,870,높음,0.9,10
비대칭,180,690,870,높음,0.9,10
만성기침,170,700,870,높음,0.9,10
라섹라식,150,720,870,높음,0.9,10
특수건강검진병원,340,530,870,높음,0.9,7
가스탐지기,210,660,870,높음,0.9,10
전기차충전앱,160,710,870,높음,0.9,10
중고파크골프채,140,730,870,높음,0.9,10
개유모차,90,780,870,중간,0.6,8
절충형유모차추천,150,720,870,중간,0.6,8
킥매트,210,660,870,높음,0.9,9
국산기저귀,50,820,870,높음,0.9,10
와이업지니에스,80,790,870,높음,0.9,3
중증장애인생산품,760,110,870,높음,0.9,10
UHD모니터,290,580,870,높음,0.9,9
종소세기한후신고,210,660,870,높음,0.9,7
현대해상실손보험,250,620,870,높음,0.9,10
배민시간제보험,90,780,870,중간,0.6,3
운전면허플러스,440,430,870,중간,0.6,1
아파트음식물처리기,130,740,870,높음,0.9,10
음식물통,200,670,870,중간,0.6,8
LG실외기,150,720,870,높음,0.9,7
리모컨비데,170,700,870,높음,0.9,9
아파트도어락,140,730,870,높음,0.9,8
전자키,290,580,870,높음,0.9,8
QXD7000,260,610,870,중간,0.6,6
유드라이브,200,670,870,낮음,0.3,2
비갱신형암보험,260,600,860,높음,0.9,10
실비가입,130,730,860,높음,0.9,10
정형외과도수치료,150,710,860,높음,0.9,10
보수총액신고,650,210,860,높음,0.9,3
상속재산조회,420,440,860,높음,0.9,10
평택세무사,350,510,860,높음,0.9,10
자동차명의변경서류,240,620,860,높음,0.9,7
블로그로돈벌기,260,600,860,높음,0.9,10
벤츠E클래스풀체인지,120,740,860,높음,0.9,10
장승배기역아파트,90,770,860,높음,0.9,7
공모주청약일정,380,480,860,높음,0.9,10
개인연금보험,310,550,860,높음,0.9,10
음식물처리,170,690,860,중간,0.6,8
아파트층간소음,120,740,860,높음,0.9,9
모기포집기,200,660,860,높음,0.9,8
집먼지진드기퇴치제,140,720,860,높음,0.9,9
알뜰폰셀프개통,240,620,860,높음,0.9,10
정량펌프,480,380,860,높음,0.9,10
할아버지선물,150,710,860,높음,0.9,10
백패킹의자,160,700,860,높음,0.9,9
퇴직금명세서,300,560,860,높음,0.9,10
기장료,280,580,860,높음,0.9,10
창업중소기업세액감면,490,370,860,높음,0.9,3
물상보증인,370,490,860,높음,0.9,3
가전제품수리,100,760,860,높음,0.9,10
주차된차뺑소니,70,790,860,높음,0.9,10
과실비율,240,620,860,높음,0.9,7
음주운전방조죄,130,730,860,높음,0.9,10
형사공탁,350,510,860,높음,0.9,10
폐기종치료,60,800,860,높음,0.9,10
코로나후유증,120,740,860,높음,0.9,10
부평입주청소,180,680,860,높음,0.9,10
무음선풍기,110,750,860,높음,0.9,7
거실용선풍기,80,780,860,높음,0.9,8
신일선풍기추천,170,690,860,높음,0.9,7
러닝화브랜드,190,670,860,높음,0.9,7
운동화신상,100,760,860,중간,0.6,8
말티즈사료,110,750,860,높음,0.9,8
저소음스위치,400,460,860,높음,0.9,3
갤럭시탭8인치,190,670,860,중간,0.6,7
개인회생조건부인가,160,700,860,높음,0.9,3
팩토링,440,420,860,높음,0.9,1
일상생활배상책임누수,180,680,860,높음,0.9,7
일본국제운전면허증,260,600,860,중간,0.6,2
디스포저,160,700,860,높음,0.9,10
6평형에어컨,230,630,860,높음,0.9,8
캠핑밥솥,110,750,860,중간,0.6,8
자판기사업,180,680,860,높음,0.9,10
에어프라이어유리,170,690,860,높음,0.9,8
강화유리문,270,590,860,높음,0.9,10
물구멍방충망,160,700,860,중간,0.6,8
도어락셀프,70,790,860,높음,0.9,8
개인신용정보서,420,430,850,높음,0.9,3
암진단비1억,150,700,850,높음,0.9,10
부모님간병인보험,250,600,850,높음,0.9,10
개인사업자4대보험,230,620,850,중간,0.6,8
노무사상담비용,190,660,850,높음,0.9,10
해외인턴,330,520,850,높음,0.9,10
장애인대출,160,690,850,높음,0.9,10
재창업지원금,190,660,850,높음,0.9,7
지네살충제,70,780,850,중간,0.6,7
이어폰파는곳,60,790,850,높음,0.9,10
진공물걸레청소기,180,670,850,높음,0.9,8
INTERNET,190,660,850,높음,0.9,7
알뜰요금제비교사이트,300,550,850,높음,0.9,10
물소제습기,300,550,850,높음,0.9,10
드럼세탁기건조기,120,730,850,높음,0.9,9
소형빨래건조기,100,750,850,높음,0.9,8
DQ202PBBC,140,710,850,높음,0.9,8
퇴직연금DCDB,390,460,850,높음,0.9,3
애견보험,50,800,850,높음,0.9,10
단기해외여행보험,190,660,850,높음,0.9,10
해외여행자보험가격비교,260,590,850,높음,0.9,10
종신보험연금전환,190,660,850,높음,0.9,10
대전허리병원,220,630,850,높음,0.9,10
치아뼈이식,100,750,850,높음,0.9,10
임플란트수술과정,140,710,850,높음,0.9,10
종합검진센터,160,690,850,높음,0.9,10
예방접종가격비교,200,650,850,높음,0.9,3
서울입주청소,250,600,850,높음,0.9,10
셀프입주청소준비물,180,670,850,높음,0.9,7
전기차충전기설치보조금,260,590,850,높음,0.9,7
저소음서큘레이터,160,690,850,중간,0.6,7
기화식가습기,270,580,850,중간,0.6,8
여자런닝화,160,690,850,높음,0.9,10
나이키런닝,140,710,850,높음,0.9,10
나이키메쉬운동화,90,760,850,높음,0.9,9
차량용텐트,140,710,850,높음,0.9,10
휴대용와이파이공유기,120,730,850,높음,0.9,10
오븐베이크사료,120,730,850,중간,0.6,8
안심팬티,100,750,850,중간,0.6,8
포그내맥스올인원,40,810,850,중간,0.6,2
키즈시계,60,790,850,높음,0.9,8
삼성전자모니터,450,400,850,높음,0.9,10
경락자금대출,250,600,850,높음,0.9,10
아파트계약금,120,730,850,높음,0.9,3
보험점검,320,530,850,높음,0.9,10
실외기없는에어컨추천,130,720,850,높음,0.9,7
전기보온밥솥,100,750,850,높음,0.9,8
주방씽크대교체,90,760,850,높음,0.9,10
에어후라이어,120,730,850,높음,0.9,8
LED등교체비용,110,740,850,높음,0.9,10
스마트키가격,60,790,850,높음,0.9,8
차키복사비용,90,760,850,높음,0.9,7
접이식방충망,170,680,850,높음,0.9,8
알루미늄방충망,220,630,850,높음,0.9,8
방수도어락,180,670,850,중간,0.6,8
전기차휴대용충전기,200,650,850,높음,0.9,9
자동차네비게이션,130,720,850,중간,0.6,8
QXD5000,270,580,850,중간,0.6,7
개인회생재신청,350,490,840,높음,0.9,10
개인채무조회,240,600,840,높음,0.9,10
퇴직연금대출,210,630,840,높음,0.9,10
아파트지분대출,320,520,840,높음,0.9,10
메리츠화재치아보험,290,550,840,높음,0.9,10
차량일일보험,80,760,840,높음,0.9,10
상속절차,210,630,840,높음,0.9,10
산재보험료,490,350,840,높음,0.9,7
청년취업지원,300,540,840,높음,0.9,3
클튜,310,530,840,중간,0.6,8
내일배움카드자격증,190,650,840,높음,0.9,10
신재생에너지발전설비기능사,370,470,840,높음,0.9,9
예술인대출,260,580,840,높음,0.9,10
SOFRETF,220,620,840,중간,0.6,1
저평가우량주,180,660,840,중간,0.6,8
차량관리,140,700,840,높음,0.9,9
수지자동차검사소,160,680,840,높음,0.9,10
핸드폰이어폰,110,730,840,높음,0.9,8
업소용로봇청소기,190,650,840,높음,0.9,10
SK브로드밴드요금제,140,700,840,높음,0.9,10
캠핑준비물리스트,210,630,840,높음,0.9,9
경리업무,320,520,840,높음,0.9,10
세무대리인,350,490,840,높음,0.9,10
일반교통방해죄,170,670,840,높음,0.9,10
발산역한의원,500,340,840,높음,0.9,10
수면임플란트,240,600,840,높음,0.9,10
척추측만증보조기,100,740,840,높음,0.9,10
만성기관지염,170,670,840,높음,0.9,10
기침형천식,130,710,840,높음,0.9,3
이사청소업체,160,680,840,높음,0.9,10
준중형차,150,690,840,높음,0.9,10
자동텐트,160,680,840,중간,0.6,8
자전거도난방지,140,700,840,중간,0.6,8
텐트타프,150,690,840,높음,0.9,8
네트워크스위치,430,410,840,높음,0.9,10
랜허브,400,440,840,중간,0.6,8
아이패드무선키보드,110,730,840,중간,0.6,8
계약금반환,140,700,840,높음,0.9,10
에코씽,150,690,840,낮음,0.3,1
정수기지원금,160,680,840,높음,0.9,10
세탁기수도꼭지교체,100,740,840,높음,0.9,8
커텐블라인드,120,720,840,높음,0.9,10
룸미러형블랙박스,220,620,840,높음,0.9,8
전세금담보대출,160,670,830,높음,0.9,10
회생변호사,10,820,830,높음,0.9,10
월세담보대출,140,690,830,높음,0.9,10
법률사무소로움,220,610,830,낮음,0.3,1
대출중개업체,120,710,830,높음,0.9,10
퇴직연금가입,350,480,830,높음,0.9,10
한국간호과학회,450,380,830,중간,0.6,2
종합소득세신고서,550,280,830,높음,0.9,3
표준계약서,620,210,830,높음,0.9,3
내일배움카드훈련,370,460,830,중간,0.6,6
명도확인서,360,470,830,높음,0.9,7
부동산계약파기,100,730,830,높음,0.9,10
변액연금,240,590,830,높음,0.9,10
퇴직연금종류,310,520,830,높음,0.9,7
어린이집매트,140,690,830,중간,0.6,8
매트리스버리기,120,710,830,높음,0.9,10
액체모기향,150,680,830,높음,0.9,8
임산부모기기피제,110,720,830,높음,0.9,8
쌀벌레퇴치,80,750,830,높음,0.9,10
집개미퇴치,90,740,830,높음,0.9,10
유심가격,170,660,830,높음,0.9,10
삼성블루스카이공기청정기,100,730,830,중간,0.6,8
오아제습기,150,680,830,높음,0.9,3
세탁기12KG,170,660,830,중간,0.6,8
공기청정기냄새제거,100,730,830,높음,0.9,8
거실형텐트,170,660,830,중간,0.6,8
무선에어건추천,140,690,830,중간,0.6,7
허리교정의자,220,610,830,높음,0.9,8
삼성생명여행자보험,240,590,830,낮음,0.3,2
금융전문변호사,80,750,830,높음,0.9,10
삼성화재홀인원보험,160,670,830,낮음,0.3,2
허리디스크도수치료,180,650,830,높음,0.9,3
건강검진가격,120,710,830,높음,0.9,10
화장실누수비용,70,760,830,높음,0.9,7
가스보일러추천,180,650,830,높음,0.9,8
중고차견적,240,590,830,높음,0.9,10
자동차판매,180,650,830,높음,0.9,10
12인치선풍기,170,660,830,중간,0.6,7
날없는선풍기,150,680,830,높음,0.9,8
DC선풍기,180,650,830,높음,0.9,8
초음파가습기,260,570,830,중간,0.6,8
프로스펙스러닝화,270,560,830,높음,0.9,9
인기운동화,40,790,830,높음,0.9,8
남성등산화추천,190,640,830,중간,0.6,8
자전거중고,250,580,830,중간,0.6,8
명품유모차,130,700,830,높음,0.9,8
골프채가격,90,740,830,높음,0.9,8
POLED,100,730,830,높음,0.9,3
강아지캔,120,710,830,높음,0.9,9
리얼포스R3,350,480,830,중간,0.6,6
인버터창문형에어컨,160,670,830,높음,0.9,8
밥솥내솥,100,730,830,높음,0.9,10
방화문설치,220,610,830,높음,0.9,10
혜강시큐리티,160,670,830,높음,0.9,10
파산면책자대출,120,700,820,높음,0.9,10
다이렉트실손보험,170,650,820,높음,0.9,10
종소세신고,310,510,820,높음,0.9,10
증여세절세,70,750,820,높음,0.9,10
원가회계,390,430,820,높음,0.9,9
취업지원,370,450,820,높음,0.9,10
국민내일배움카드학원,280,540,820,높음,0.9,10
내일배움카드수강신청,330,490,820,높음,0.9,3
청년창업센터,340,480,820,높음,0.9,10
코워킹스페이스,290,530,820,높음,0.9,10
경진대회,280,540,820,높음,0.9,10
기획부동산,200,620,820,높음,0.9,10
투자유치,540,280,820,높음,0.9,10
개인IRP계좌,210,610,820,높음,0.9,3
침대버리기,140,680,820,높음,0.9,10
진드기살충제,120,700,820,중간,0.6,8
포집기,300,520,820,중간,0.6,8
업소용모기퇴치기,490,330,820,중간,0.6,8
무제한요금제,120,700,820,높음,0.9,10
아이폰무선이어폰,130,690,820,높음,0.9,8
이중연소화로대,170,650,820,중간,0.6,8
방수타프,150,670,820,중간,0.6,8
일용직소득세,570,250,820,높음,0.9,10
법인사업자,340,480,820,높음,0.9,10
부동산셀프등기,310,510,820,높음,0.9,10
노란우산희망장려금,200,620,820,높음,0.9,3
면허정지교육,130,690,820,높음,0.9,3
서울오치과,60,760,820,중간,0.6,5
11월손없는날,230,590,820,높음,0.9,10
IGG검사,200,620,820,높음,0.9,9
고양입주청소,200,620,820,높음,0.9,10
침대쿨패드,90,730,820,높음,0.9,8
여름시어서커이불,80,740,820,높음,0.9,8
베딩,170,650,820,중간,0.6,8
무선스탠드선풍기,230,590,820,높음,0.9,8
캠핑용냉풍기,160,660,820,높음,0.9,7
천연가습기,230,590,820,중간,0.6,8
낚시선풍기,110,710,820,높음,0.9,7
러닝준비물,160,660,820,높음,0.9,7
러닝화사이즈,120,700,820,높음,0.9,3
러그매트,150,670,820,높음,0.9,8
가성비운동화,90,730,820,높음,0.9,8
남자트레킹화,220,600,820,높음,0.9,10
경량유모차,100,720,820,중간,0.6,8
코오롱신발,120,700,820,높음,0.9,8
아기유모차추천,110,710,820,높음,0.9,8
50도웨지,120,700,820,높음,0.9,8
소물낚시대,150,670,820,중간,0.6,6
러닝스마트워치,190,630,820,높음,0.9,8
런닝워치,130,690,820,높음,0.9,8
5K모니터,330,490,820,높음,0.9,9
4대보험가입기준,520,300,820,높음,0.9,3
소형압력밥솥,90,730,820,높음,0.9,8
4IN1에어컨,180,640,820,높음,0.9,10
방충망틀제작,180,640,820,높음,0.9,10
강화도어도어락,240,580,820,중간,0.6,8
삼성지문인식도어락,130,690,820,중간,0.6,8
3채널블랙박스,190,630,820,높음,0.9,8
방일수,70,740,810,높음,0.9,10
여성대출,130,680,810,높음,0.9,10
교통사고형사합의금,120,690,810,높음,0.9,10
탁상감정,450,360,810,높음,0.9,10
상속공제,220,590,810,높음,0.9,10
퇴직연금가입방법,290,520,810,높음,0.9,10
노무법인순위,280,530,810,중간,0.6,8
청년내일배움카드,280,530,810,높음,0.9,3
캐릭터드로잉,20,790,810,높음,0.9,10
철거비용지원,140,670,810,높음,0.9,7
국민안심대출,290,520,810,중간,0.6,6
전세보험,210,600,810,높음,0.9,10
부동산법,210,600,810,높음,0.9,10
SUV차량,240,570,810,높음,0.9,10
적립식펀드,200,610,810,높음,0.9,10
자동물걸레청소기,100,710,810,중간,0.6,8
15인치노트북,280,530,810,중간,0.6,8
드럼세탁기12KG,110,700,810,높음,0.9,8
반스샌들,60,750,810,중간,0.6,7
토르박스53,120,690,810,중간,0.6,6
식기세척기프리스탠딩,150,660,810,높음,0.9,8
편한사무실의자,370,440,810,중간,0.6,8
의자자세교정,290,520,810,높음,0.9,9
급여대장양식,620,190,810,높음,0.9,10
미국여행자보험,250,560,810,높음,0.9,10
과실상계,230,580,810,높음,0.9,10
숨은보험금,300,510,810,높음,0.9,10
척추전방위증,120,690,810,높음,0.9,10
치과수면마취,100,710,810,높음,0.9,10
축농증기침,140,670,810,높음,0.9,3
소형창고임대,200,610,810,높음,0.9,10
은평구입주청소,520,290,810,높음,0.9,10
전기온수기200L,210,600,810,중간,0.6,8
보국서큘레이터,140,670,810,중간,0.6,8
유선공유기,400,410,810,중간,0.6,8
번호이동지원금,120,690,810,높음,0.9,10
갤럭시탭S6라이트,210,600,810,높음,0.9,10
어린이용스마트워치,530,280,810,중간,0.6,7
갤럭시탭액티브3,220,590,810,중간,0.6,8
빛탕감,190,620,810,높음,0.9,10
전세자금대출종류,310,500,810,높음,0.9,10
소상공인풍수해보험,280,530,810,중간,0.6,4
바이크보험,140,670,810,높음,0.9,10
서울보증보험증권,710,100,810,중간,0.6,5
방화문도어클로저,330,480,810,중간,0.6,8
후순위대출,210,590,800,높음,0.9,10
개인회생법무사,200,600,800,높음,0.9,10
후순위아파트담보대출,460,340,800,높음,0.9,10
부과세신고,330,470,800,높음,0.9,3
부산노무사,310,490,800,높음,0.9,10
알바어플,130,670,800,높음,0.9,10
정리해고,280,520,800,높음,0.9,7
실업급여동영상교육,220,580,800,높음,0.9,3
실업급여수급자격,240,560,800,높음,0.9,3
정보공개서열람,580,220,800,높음,0.9,7
자동차정비기사필기,180,620,800,중간,0.6,8
소상공인증명서,580,220,800,높음,0.9,3
소상공인마당,450,350,800,중간,0.6,2
투자자,210,590,800,높음,0.9,10
금천구세무사,220,580,800,높음,0.9,10
개인사업자법인사업자차이,410,390,800,높음,0.9,10
해외ETF,200,600,800,높음,0.9,10
그라스크로스,560,240,800,높음,0.9,10
KT인터넷베이직,360,440,800,높음,0.9,10
운동용이어폰,230,570,800,중간,0.6,8
오픈형블루투스이어폰,260,540,800,중간,0.6,8
의자팔걸이,410,390,800,중간,0.6,8
법무사사무,60,740,800,높음,0.9,10
펫보험가격,80,720,800,높음,0.9,10
종신보험만기,140,660,800,높음,0.9,10
보복운전벌금,110,690,800,높음,0.9,10
상악동거상술비용,120,680,800,높음,0.9,10
허리측만증,80,720,800,높음,0.9,10
요추압박골절,230,570,800,높음,0.9,10
이사짐보관업체,160,640,800,높음,0.9,10
도배장판견적,130,670,800,높음,0.9,10
장판종류,200,600,800,높음,0.9,10
자동차중고사이트,170,630,800,높음,0.9,10
메타스피드,180,620,800,중간,0.6,8
아식스메타스피드엣지,140,660,800,중간,0.6,7
미즈노웨지,170,630,800,중간,0.6,8
자전거저지,180,620,800,높음,0.9,9
아식스트레킹화,130,670,800,높음,0.9,10
여성경량골프백,70,730,800,중간,0.6,8
주택구입자금대출한도,240,560,800,높음,0.9,3
63년생국민연금수령나이,100,700,800,중간,0.6,2
4대보험이란,150,650,800,높음,0.9,7
인싱크레이터,140,660,800,중간,0.6,5
밥솥6인용,130,670,800,높음,0.9,8
창문형냉난방기,210,590,800,높음,0.9,10
5평에어컨,130,670,800,높음,0.9,8
홈카페꾸미기,130,670,800,높음,0.9,8
업소용전자동커피머신,110,690,800,중간,0.6,8
LED매입등,220,580,800,중간,0.6,8
타이어할인,150,650,800,높음,0.9,10
블랙박스후방카메라,160,640,800,중간,0.6,8
블랙박스설치방법,120,680,800,높음,0.9,8
무직자대부대출,80,710,790,높음,0.9,10
교통사고처리지원금,220,570,790,높음,0.9,10
60대실비보험,220,570,790,높음,0.9,10
종합소득세신고대상,220,570,790,높음,0.9,10
운전병보험할인,90,700,790,높음,0.9,10
DB참좋은운전자보험,140,650,790,높음,0.9,10
종합소득세조회,380,410,790,높음,0.9,10
증여세신고서류,270,520,790,높음,0.9,3
연말정산기간,240,550,790,중간,0.6,7
형제증여세,120,670,790,높음,0.9,7
퇴직금미지급,230,560,790,높음,0.9,10
뿌리기업,630,160,790,높음,0.9,10
전세금반환보증보험,270,520,790,높음,0.9,10
초고층,260,530,790,중간,0.6,1
금현물계좌,180,610,790,높음,0.9,3
무선모기퇴치기,130,660,790,높음,0.9,8
미사센텀비즈,230,560,790,중간,0.6,5
TV인터넷가입,150,640,790,높음,0.9,10
에어팟각인,160,630,790,높음,0.9,9
바닥청소기계,200,590,790,높음,0.9,10
공장제습기,340,450,790,중간,0.6,8
베란다제습기,140,650,790,높음,0.9,3
노트북삼성,120,670,790,중간,0.6,8
추석선물세트추천,300,490,790,높음,0.9,7
쇼파블랭킷,110,680,790,중간,0.6,8
초경량캠핑의자,130,660,790,중간,0.6,8
문구도매쇼핑몰,200,590,790,높음,0.9,10
티제이노래방,50,740,790,높음,0.9,3
병원간병인,90,700,790,높음,0.9,10
보험고지의무,170,620,790,높음,0.9,10
음주면허취소벌금,60,730,790,높음,0.9,10
무면허음주운전처벌,350,440,790,높음,0.9,10
허리한의원,100,690,790,높음,0.9,10
비염에좋은영양제,130,660,790,높음,0.9,10
혈관성비염,130,660,790,높음,0.9,10
이비인후과명의,80,710,790,높음,0.9,10
치과무통마취,110,680,790,높음,0.9,10
라식회복기간,140,650,790,높음,0.9,10
기면증치료,110,680,790,높음,0.9,10
구리입주청소,450,340,790,높음,0.9,10
경동보일러AS,70,720,790,높음,0.9,7
BLDC선풍기추천,220,570,790,높음,0.9,8
한일전기선풍기,140,650,790,중간,0.6,8
대전자전거,120,670,790,중간,0.6,8
셋톱박스거치대,180,610,790,높음,0.9,8
키보드루프,370,420,790,중간,0.6,8
게이밍모니터32인치,230,560,790,높음,0.9,9
SMP610,90,700,790,높음,0.9,3
대학생지원금,170,620,790,높음,0.9,3
개인사업자종합소득세율,290,500,790,높음,0.9,3
운전면허기능,120,670,790,높음,0.9,10
아파트청소,130,660,790,높음,0.9,10
음식물처리기분쇄형,180,610,790,높음,0.9,7
창문형,160,630,790,높음,0.9,3
음식물냉동고,100,690,790,높음,0.9,8
통삼겹에어프라이어,110,680,790,높음,0.9,3
창문롤방충망,170,620,790,높음,0.9,8
엠피온블랙박스,230,560,790,중간,0.6,7
네비게이션거치대,220,570,790,높음,0.9,8
신용점수등급,160,620,780,높음,0.9,10
치아보험가입조건,120,660,780,높음,0.9,10
치과보험적용,80,700,780,높음,0.9,10
현대해상단기운전자보험,90,690,780,높음,0.9,7
의결권,240,540,780,높음,0.9,1
세무사비용,180,600,780,높음,0.9,10
웹툰작가연봉,110,670,780,높음,0.9,9
청주애견미용학원,150,630,780,중간,0.6,5
사업자신용대출,270,510,780,높음,0.9,10
카이저제빙기청소,120,660,780,중간,0.6,6
가전제품무상수거,250,530,780,높음,0.9,10
임대차3법,300,480,780,높음,0.9,10
미니벤,130,650,780,높음,0.9,7
대구비상주사무실,290,490,780,높음,0.9,10
정기적금계산기,180,600,780,낮음,0.3,0
골전도블루투스이어폰,250,530,780,중간,0.6,8
인터넷현금,170,610,780,높음,0.9,10
블루투스송신기,180,600,780,중간,0.6,8
대학생노트북,250,530,780,중간,0.6,8
공기청정기효과,160,620,780,높음,0.9,10
신발제습제,130,650,780,높음,0.9,8
청주과일바구니,100,680,780,높음,0.9,10
캡슐커피추천,160,620,780,높음,0.9,8
차량도킹텐트,150,630,780,중간,0.6,8
사업소득세율,430,350,780,높음,0.9,3
퇴직급여충당금,530,250,780,중간,0.6,1
한화간병보험,200,580,780,높음,0.9,7
방문판매법,460,320,780,높음,0.9,7
비염치료기,160,620,780,중간,0.6,8
부모님건강검진,170,610,780,높음,0.9,10
스타코프충전기,160,620,780,중간,0.6,2
솜이불,120,660,780,중간,0.6,8
중고선풍기,140,640,780,높음,0.9,10
접이식유모차,120,660,780,높음,0.9,8
아기트라이크,60,720,780,높음,0.9,7
하프골프백,110,670,780,높음,0.9,8
전기자전거바구니,120,660,780,중간,0.6,7
일자형기저귀,70,710,780,높음,0.9,8
천귀저기,60,720,780,중간,0.6,8
34인치게이밍모니터,20,760,780,높음,0.9,8
듀얼모니터추천,340,440,780,중간,0.6,8
안드로이드모니터,220,560,780,높음,0.9,8
10인치태블릿,220,560,780,높음,0.9,9
주택구입대출,230,550,780,높음,0.9,10
국민연금확인,240,540,780,높음,0.9,3
기능시험,120,660,780,높음,0.9,10
창호형에어컨,200,580,780,높음,0.9,8
CR-0375FW,160,620,780,높음,0.9,10
실외기없는벽걸이에어컨,130,650,780,높음,0.9,7
음식건조기,140,640,780,중간,0.6,8
1인용에어컨,110,670,780,높음,0.9,7
욕실샤워수전교체,110,670,780,높음,0.9,8
도어락번호키,40,740,780,높음,0.9,8
LOCPRO,160,620,780,높음,0.9,10
아이트로닉스블랙박스,320,460,780,중간,0.6,7
개인회생후기,140,630,770,높음,0.9,10
주담대대환대출,250,520,770,높음,0.9,7
한화생명실비청구,190,580,770,중간,0.6,3
편평사마귀실비,140,630,770,높음,0.9,10
주택양도세,240,530,770,높음,0.9,3
증여세연부연납,260,510,770,중간,0.6,7
고용보험실업급여신청,150,620,770,중간,0.6,2
근로자지위확인소송,180,590,770,높음,0.9,3
탄력적근로시간제,440,330,770,높음,0.9,3
디지털드로잉학원,140,630,770,높음,0.9,10
애니메이션학원,110,660,770,높음,0.9,10
건설기계정비산업기사,220,550,770,높음,0.9,10
무자본창업,200,570,770,높음,0.9,10
잔고증명,70,700,770,높음,0.9,10
은평구재개발,190,580,770,높음,0.9,10
BITO주가,50,720,770,중간,0.6,2
확정급여형퇴직연금,370,400,770,높음,0.9,3
모기약추천,120,650,770,높음,0.9,8
아파트전세보증보험,190,580,770,중간,0.6,6
방바닥청소,50,720,770,높음,0.9,10
귀안아픈이어폰,210,560,770,중간,0.6,8
고사양노트북,290,480,770,높음,0.9,9
자취방제습기,170,600,770,높음,0.9,8
노트북리퍼샵,170,600,770,높음,0.9,7
에어건노즐,240,530,770,높음,0.9,9
연장근무수당계산,340,430,770,높음,0.9,1
노란우산공제가입,280,490,770,중간,0.6,7
뺑소니벌금,90,680,770,높음,0.9,10
특가법운전자폭행,110,660,770,높음,0.9,10
덴티스임플란트,190,580,770,높음,0.9,10
포장이사업체순위,200,570,770,높음,0.9,10
가족장비용,130,640,770,높음,0.9,10
리크스탑,170,600,770,높음,0.9,3
귀뚜라미기름보일러,100,670,770,높음,0.9,10
쿨링토퍼,110,660,770,높음,0.9,8
중고차유튜버,290,480,770,중간,0.6,6
시그넷이브이,90,680,770,중간,0.6,2
채비충전기,300,470,770,중간,0.6,4
타워팬선풍기,80,690,770,높음,0.9,3
인터넷재약정,220,550,770,높음,0.9,10
휴대용라우터,200,570,770,중간,0.6,8
게임용태블릿,160,610,770,높음,0.9,8
SM-P580,220,550,770,중간,0.6,8
종합소득세기한후신고가산세,660,110,770,중간,0.6,3
건물화재보험,310,460,770,높음,0.9,10
청소기헤드,170,600,770,높음,0.9,8
스마트카라400PRO,170,600,770,높음,0.9,10
무타공에어컨,110,660,770,높음,0.9,3
화장실수리,170,600,770,높음,0.9,10
스텐에어프라이어,150,620,770,높음,0.9,9
도어락지문인식,110,660,770,중간,0.6,8
휴대용전기차충전기,180,590,770,높음,0.9,9
아이나비QXD3000,190,580,770,높음,0.9,9
EVINFRA,410,360,770,중간,0.6,2
개인회생단점,180,580,760,높음,0.9,10
교통사고12대중과실,180,580,760,높음,0.9,10
당일지급알바,160,600,760,높음,0.9,10
퇴사후실업급여,100,660,760,높음,0.9,3
천안애견미용,90,670,760,높음,0.9,9
AI개발자,210,550,760,높음,0.9,10
소상공인정책자금대환대출,210,550,760,중간,0.6,6
부동산상담,200,560,760,높음,0.9,10
봉고LPG,120,640,760,높음,0.9,7
서울비상주사무실,210,550,760,높음,0.9,10
자동차검사대행비용,110,650,760,높음,0.9,10
인터넷TV결합,230,530,760,높음,0.9,10
물걸레청소기로봇,60,700,760,중간,0.6,8
알뜰폰기기변경,150,610,760,높음,0.9,10
의자형안마기,160,600,760,중간,0.6,8
퀸침대매트리스,100,660,760,중간,0.6,8
교통사고합의기간,70,690,760,높음,0.9,7
대전교통사고병원,300,460,760,중간,0.6,8
이사날짜,100,660,760,높음,0.9,10
라식실비,180,580,760,높음,0.9,3
이삿짐센터비용,140,620,760,높음,0.9,10
보일러고장,50,710,760,높음,0.9,10
누빔이불,100,660,760,중간,0.6,8
스텐팟,250,510,760,중간,0.6,4
자전거복장,140,620,760,높음,0.9,10
연년생유모차,50,710,760,높음,0.9,8
SKTV인터넷,110,650,760,높음,0.9,10
멀티페어링키보드,320,440,760,높음,0.9,8
단순경비율,380,380,760,높음,0.9,7
중고스탠드에어컨,170,590,760,높음,0.9,7
실외기중고,150,610,760,높음,0.9,10
센스있는선물,150,610,760,높음,0.9,10
창문형에어컨1등급,120,640,760,높음,0.9,8
보온밥솥,140,620,760,높음,0.9,8
실외기일체형에어컨,120,640,760,높음,0.9,7
벽걸이에어컨설치비,150,610,760,높음,0.9,10
초미세방충망,160,600,760,높음,0.9,8
현관문도어락교체,80,680,760,높음,0.9,10
미세방충망셀프,130,630,760,중간,0.6,8
열쇠공,70,690,760,높음,0.9,10
블랙박스파인뷰,210,550,760,높음,0.9,8
대출서류,210,540,750,높음,0.9,10
부동산세무상담,180,570,750,높음,0.9,10
형제간증여세,110,640,750,높음,0.9,7
현금증여신고,180,570,750,중간,0.6,6
세무사사무소,220,530,750,높음,0.9,10
국민연금계산법,280,470,750,중간,0.6,2
근로자의날수당,200,550,750,높음,0.9,3
미래직업,220,530,750,높음,0.9,10
백엔드개발자,210,540,750,높음,0.9,10
청년사업지원,220,530,750,높음,0.9,7
소공인특화자금,340,410,750,높음,0.9,3
국제표준ISO,270,480,750,높음,0.9,10
고용안정지원금,200,550,750,높음,0.9,3
사업자담보대출,300,450,750,높음,0.9,10
부동산명의신탁,240,510,750,높음,0.9,10
미국주식ETF,150,600,750,높음,0.9,10
모기방역,170,580,750,높음,0.9,8
층간소음측정기,140,610,750,높음,0.9,8
친환경인증,510,240,750,높음,0.9,10
벌레포집기,180,570,750,중간,0.6,8
부동산컨설팅,240,510,750,높음,0.9,10
로봇청소기물걸레,120,630,750,높음,0.9,9
디월트전지가위,120,630,750,중간,0.6,5
환기청정기,270,480,750,높음,0.9,10
암후드,440,310,750,높음,0.9,10
사무용노트북추천,340,410,750,중간,0.6,8
더블침대매트리스,90,660,750,높음,0.9,9
공부방책상,110,640,750,높음,0.9,8
라인클레이,120,630,750,중간,0.6,7
부가세신고일,180,570,750,높음,0.9,7
약국임대,220,530,750,높음,0.9,10
간호간병통합서비스비용,150,600,750,높음,0.9,7
라이나간병보험,90,660,750,높음,0.9,7
KB손해보험운전자보험,310,440,750,높음,0.9,10
종신보험비교,150,600,750,높음,0.9,10
교통전문변호사,50,700,750,높음,0.9,10
비염코수술,160,590,750,높음,0.9,10
가양역한의원,340,410,750,높음,0.9,10
인천논현정형외과,110,640,750,중간,0.6,6
수액주사,90,660,750,높음,0.9,10
냉이불,90,660,750,높음,0.9,7
간절기이불,130,620,750,높음,0.9,8
침구쇼핑몰,150,600,750,높음,0.9,10
신일14인치선풍기,130,620,750,높음,0.9,8
주방전자저울,380,370,750,중간,0.6,8
초보러닝화,160,590,750,높음,0.9,7
저렴한운동화,40,710,750,높음,0.9,8
미즈노프로245,150,600,750,높음,0.9,8
트랙MTB,80,670,750,높음,0.9,3
고어텍스방수운동화,110,640,750,중간,0.6,6
고정아이피,190,560,750,높음,0.9,10
VIGI,370,380,750,중간,0.6,5
초등학생워치,100,650,750,높음,0.9,7
32인치게이밍모니터,270,480,750,중간,0.6,8
32인치커브드모니터,340,410,750,높음,0.9,8
아파트등기법무사비용,200,550,750,높음,0.9,3
경정청구기간,310,440,750,높음,0.9,7
보험해지환급금조회,170,580,750,높음,0.9,7
진공청소기추천,170,580,750,중간,0.6,8
이파람수냉식에어컨,170,580,750,중간,0.6,7
가정용천장형에어컨,100,650,750,높음,0.9,10
욕조수전교체,100,650,750,중간,0.6,8
살균비데,390,360,750,높음,0.9,9
스타벅스커피머신,100,650,750,중간,0.6,8
엘이디등,120,630,750,높음,0.9,8
아틀란네비업데이트,330,420,750,높음,0.9,7
전기차충전할인,150,600,750,높음,0.9,10
개인파산면책기간,80,660,740,높음,0.9,10
대출이율,220,520,740,높음,0.9,7
코인채굴,160,580,740,높음,0.9,10
치아보험비교사이트,270,470,740,높음,0.9,10
노인틀니가격,60,680,740,높음,0.9,10
사랑니보험,80,660,740,높음,0.9,10
조세포탈,290,450,740,높음,0.9,10
부동산증여세율,150,590,740,높음,0.9,10
연말정산환급금,240,500,740,중간,0.6,8
아파트상속세,130,610,740,높음,0.9,10
토지양도소득세계산기,280,460,740,높음,0.9,1
퇴직연금세액공제,220,520,740,높음,0.9,3
알바앱,110,630,740,높음,0.9,10
반려견미용,50,690,740,높음,0.9,9
텔레마케터,210,530,740,높음,0.9,10
기업대출,320,420,740,높음,0.9,10
청년소상공인대출,180,560,740,높음,0.9,7
지머니,610,130,740,중간,0.6,6
상도역헤리언트42,180,560,740,중간,0.6,5
경매대리입찰,230,510,740,높음,0.9,9
전기차렌탈,130,610,740,중간,0.6,8
SUV차,120,620,740,높음,0.9,10
연금펀드,200,540,740,높음,0.9,10
ETF배당,220,520,740,높음,0.9,7
ETF종목,170,570,740,높음,0.9,10
소셜벤처,500,240,740,중간,0.6,6
소음측정,140,600,740,높음,0.9,10
유심개통,160,580,740,높음,0.9,10
헬로비전인터넷,180,560,740,높음,0.9,10
알뜰폰번호변경,140,600,740,높음,0.9,10
천안과일바구니,120,620,740,높음,0.9,10
밍크담요,90,650,740,높음,0.9,8
캠핑용품풀세트,130,610,740,중간,0.6,8
코베아가스버너,90,650,740,높음,0.9,8
5만원대선물,250,490,740,높음,0.9,10
소형송풍기,220,520,740,높음,0.9,8
법무사상담,130,610,740,높음,0.9,10
반려동물보험,90,650,740,높음,0.9,10
음주뺑소니,460,280,740,높음,0.9,10
연세하이브치과,80,660,740,중간,0.6,3
짐보관비용,130,610,740,높음,0.9,10
저소음써큘레이터,130,610,740,높음,0.9,8
탁상용써큘레이터,140,600,740,중간,0.6,7
저렴한선풍기,50,690,740,높음,0.9,7
디지털체중계,160,580,740,중간,0.6,8
천장팬,110,630,740,높음,0.9,10
무선가습기,100,640,740,중간,0.6,8
방수등산화,130,610,740,중간,0.6,8
강아지웨건,110,630,740,높음,0.9,8
트랙로드자전거,80,660,740,높음,0.9,7
여성골프캐디백,100,640,740,중간,0.6,8
여성골프채추천,130,610,740,높음,0.9,7
무선인터넷공유기,140,600,740,중간,0.6,8
로지텍키보드마우스,460,280,740,중간,0.6,8
LG4K모니터,340,400,740,중간,0.6,8
SM-T500,220,520,740,높음,0.9,8
프리랜서종합소득세,140,600,740,높음,0.9,10
알바세금신고,50,690,740,높음,0.9,3
내보험진단,170,570,740,높음,0.9,10
싱크대탈수기,150,590,740,높음,0.9,9
엘지창호형에어컨,110,630,740,높음,0.9,7
캐리어벽걸이,100,640,740,높음,0.9,9
정수기렌탈추천,230,510,740,높음,0.9,10
기펠에어프라이어,60,680,740,중간,0.6,6
현관잠금장치,100,640,740,중간,0.6,8
화물차블랙박스,150,590,740,중간,0.6,8
아이나비AS센터,120,620,740,높음,0.9,10
폰터스블랙박스,220,520,740,높음,0.9,8
현대모비스블랙박스,170,570,740,중간,0.6,7
로보어드바이저,320,410,730,높음,0.9,10
종합소득세신고방법,280,450,730,높음,0.9,10
교통사고합의서양식,280,450,730,높음,0.9,10
연말정산모의계산,570,160,730,높음,0.9,3
중처법,440,290,730,높음,0.9,7
안전보건관리체계구축컨설팅,650,80,730,높음,0.9,7
국비지원자격증,200,530,730,높음,0.9,10
기술배우기,140,590,730,높음,0.9,10
캐릭터디자인,250,480,730,높음,0.9,10
술집창업,220,510,730,높음,0.9,10
부산소상공인대출,170,560,730,높음,0.9,10
전기차BYD,120,610,730,높음,0.9,3
택배차,120,610,730,높음,0.9,10
광명시아파트매매,80,650,730,높음,0.9,7
세무사무소,240,490,730,높음,0.9,10
음식쓰레기통,100,630,730,높음,0.9,8
유아모기기피제,120,610,730,높음,0.9,8
파리잡는기계,120,610,730,높음,0.9,8
초음파해충퇴치기,110,620,730,중간,0.6,8
워치요금제,210,520,730,높음,0.9,10
18인치노트북,230,500,730,중간,0.6,8
휘산기,110,620,730,중간,0.6,6
9KG드럼세탁기,160,570,730,중간,0.6,8
쏘렌토차량용품,160,570,730,높음,0.9,10
MATTRESS,190,540,730,높음,0.9,8
서재의자,210,520,730,높음,0.9,8
급여일할계산,620,110,730,높음,0.9,1
부가세수정신고가산세,630,100,730,높음,0.9,7
교통사고휴업손해,80,650,730,높음,0.9,10
척추협착증명의,120,610,730,높음,0.9,10
경추디스크,160,570,730,높음,0.9,10
심전도검사병원,70,660,730,높음,0.9,7
이사어플,150,580,730,높음,0.9,10
인천건강검진,270,460,730,높음,0.9,10
이사짐보관가격,130,600,730,높음,0.9,10
원주이사,130,600,730,높음,0.9,10
경동나비엔보일러가격,80,650,730,중간,0.6,8
여름이블,140,590,730,높음,0.9,8
냉감쿨이불,50,680,730,높음,0.9,7
던롭골프공,100,630,730,높음,0.9,8
풀샥자전거,110,620,730,중간,0.6,7
티비셋톱박스,80,650,730,높음,0.9,8
다이치원픽스360시즌2,110,620,730,중간,0.6,2
싸이벡스멜리오카본,80,650,730,높음,0.9,3
웨어러블디바이스,100,630,730,높음,0.9,8
복사지,310,420,730,높음,0.9,9
HP모니터,350,380,730,높음,0.9,10
화이트모니터,280,450,730,높음,0.9,9
대출DSR,230,500,730,높음,0.9,7
브릿지대출,260,470,730,높음,0.9,10
압력밥솥10인용,110,620,730,중간,0.6,8
1인용전기밥솥,130,600,730,중간,0.6,8
퍼스트에어컨,170,560,730,중간,0.6,2
비데설치비용,90,640,730,높음,0.9,10
에어프라이어바스켓,110,620,730,높음,0.9,9
조명설치,170,560,730,높음,0.9,10
아파트현관문CCTV,140,590,730,높음,0.9,8
의정부도어락,50,680,730,높음,0.9,10
아파트현관문도어락,110,620,730,높음,0.9,8
에버온충전기,180,550,730,중간,0.6,2
분양아파트잔금대출,170,550,720,높음,0.9,10
주유할인체크카드,130,590,720,높음,0.9,10
개인사업자종합소득세,220,500,720,높음,0.9,10
상해사망,200,520,720,높음,0.9,10
부동산증여,340,380,720,높음,0.9,10
산재보험료계산,460,260,720,높음,0.9,7
취업지원센터,270,450,720,높음,0.9,10
직업상담,170,550,720,높음,0.9,10
T4K,250,470,720,높음,0.9,7
메타트레이더,380,340,720,중간,0.6,4
주식강의,240,480,720,높음,0.9,10
NPL채권,210,510,720,높음,0.9,10
연금보험종류,100,620,720,높음,0.9,10
돈벌기,140,580,720,높음,0.9,10
대용량음식물처리기,160,560,720,중간,0.6,8
마이크이어폰,230,490,720,높음,0.9,9
알뜰폰데이터충전,50,670,720,중간,0.6,8
바닥청소기,230,490,720,높음,0.9,10
저가노트북,240,480,720,중간,0.6,8
옷방제습기,120,600,720,중간,0.6,8
국산매트리스,40,680,720,높음,0.9,10
도서관의자,150,570,720,중간,0.6,8
여행자보험싼곳,170,550,720,높음,0.9,10
단기납종신보험,220,500,720,높음,0.9,7
대상포진진단비,110,610,720,높음,0.9,10
합의금,140,580,720,높음,0.9,10
보험적금,90,630,720,높음,0.9,10
국민건강검진병원,110,610,720,높음,0.9,7
1일장,140,580,720,높음,0.9,1
도배업체,150,570,720,높음,0.9,10
과금형콘센트,230,490,720,중간,0.6,6
중고차개인거래,180,540,720,높음,0.9,10
스마트워치전화,60,660,720,높음,0.9,8
키보드윤활,260,460,720,중간,0.6,7
텝,120,600,720,중간,0.6,4
분양권대출,160,560,720,높음,0.9,10
전세보증금반환확약서,290,430,720,중간,0.6,6
이륜차운전자보험,190,530,720,높음,0.9,10
무선청소기비교,170,550,720,중간,0.6,8
탱크도어락,110,610,720,높음,0.9,10
현관방충망가격,50,670,720,높음,0.9,7
강화유리도어락,190,530,720,중간,0.6,8
동탄도어락,100,620,720,높음,0.9,10
QM6타이어,170,550,720,높음,0.9,10
아파트론,190,520,710,높음,0.9,10
사회초년생대출,140,570,710,높음,0.9,10
직업훈련생계비대출,160,550,710,높음,0.9,10
저금리대환대출,120,590,710,높음,0.9,10
다이렉트실비보험,170,540,710,높음,0.9,10
다이렉트암보험비교,200,510,710,높음,0.9,10
교통사고합의금계산,170,540,710,높음,0.9,10
KB다이렉트운전자보험,300,410,710,높음,0.9,3
상속세배우자공제,140,570,710,높음,0.9,10
재산상속비율,100,610,710,높음,0.9,10
개인사업자등록,260,450,710,높음,0.9,10
그림그리기앱,230,480,710,높음,0.9,7
유망자격증,270,440,710,높음,0.9,10
개인사업자대출조건,150,560,710,높음,0.9,10
소상공인정책,340,370,710,높음,0.9,3
운전자금,410,300,710,높음,0.9,10
소상공인정책지원금,210,500,710,높음,0.9,7
청년채용지원금,370,340,710,높음,0.9,7
전세권설정해지,180,530,710,높음,0.9,10
BYDT4K,170,540,710,높음,0.9,7
연금적금,140,570,710,높음,0.9,10
퇴직금수령IRP,190,520,710,높음,0.9,3
초경량노트북,230,480,710,높음,0.9,9
곰팡이방지코팅제,120,590,710,중간,0.6,8
DQ132PWXC,150,560,710,높음,0.9,7
삼성노트북9,190,520,710,높음,0.9,8
무설치식기세척기,140,570,710,높음,0.9,8
유아책상의자세트,40,670,710,높음,0.9,8
금융투자소득세,260,450,710,높음,0.9,3
반려견보험,70,640,710,높음,0.9,10
DB손해보험펫보험,210,500,710,중간,0.6,3
사망정기보험,130,580,710,높음,0.9,10
전동킥보드음주운전,110,600,710,높음,0.9,10
리젠씰,320,390,710,중간,0.6,4
광주보일러교체,100,610,710,중간,0.6,8
듀라론이불,130,580,710,높음,0.9,8
팬없는선풍기,130,580,710,높음,0.9,8
전기냉풍기,60,650,710,높음,0.9,7
어르신신발,100,610,710,높음,0.9,8
트랙킹화,130,580,710,중간,0.6,8
호카아나카파2,90,620,710,높음,0.9,7
초경량텐트,140,570,710,높음,0.9,8
랜,110,600,710,높음,0.9,8
네띠기저귀,30,680,710,중간,0.6,6
천기저귀속싸개,40,670,710,중간,0.6,6
주택담보대출DSR,230,480,710,높음,0.9,10
적격대출,200,510,710,높음,0.9,10
종소세계산기,180,530,710,낮음,0.3,0
보증보험료계산,280,430,710,높음,0.9,3
음쓰냉동고,80,630,710,높음,0.9,8
수전교체비용,90,620,710,높음,0.9,10
전자동커피머신추천,180,530,710,높음,0.9,8
홈베이킹오븐추천,100,610,710,중간,0.6,8
광주도어락,80,630,710,높음,0.9,10
김포방충망교체,10,700,710,높음,0.9,7
모노필라멘트방충망,100,610,710,중간,0.6,8
자동도어락,70,640,710,중간,0.6,8
블랙박스출장설치,160,550,710,중간,0.6,8
GPASS,270,440,710,중간,0.6,5
개인회생탕감률,220,480,700,높음,0.9,7
프리워크아웃조건,80,620,700,높음,0.9,7
개인사업자카드,160,540,700,중간,0.6,6
기업은행사업자대출,150,550,700,낮음,0.3,1
다이렉트운전자보험비교,250,450,700,높음,0.9,10
자동차보험운전자추가,130,570,700,높음,0.9,10
증여세공제,210,490,700,중간,0.6,3
공인세무사,120,580,700,높음,0.9,10
증여취득세,270,430,700,높음,0.9,10
소득금액,300,400,700,높음,0.9,3
근로시간,290,410,700,높음,0.9,10
후지육절기,180,520,700,높음,0.9,10
슬러쉬기계대여,120,580,700,높음,0.9,7
사업계획서예시,410,290,700,높음,0.9,10
삼성증권IRP,290,410,700,중간,0.6,1
무기명채권,120,580,700,높음,0.9,10
거실매트시공,100,600,700,높음,0.9,10
바르는모기기피제,100,600,700,높음,0.9,8
차량정기점검,240,460,700,높음,0.9,7
노트북이어폰,220,480,700,중간,0.6,8
로보락다이애드프로,60,640,700,중간,0.6,4
알뜰폰사업자순위,350,350,700,높음,0.9,7
공기청정기청소,100,600,700,높음,0.9,10
노트북17인치,220,480,700,중간,0.6,8
국산캠핑카가격,80,620,700,높음,0.9,10
차박캠핑,140,560,700,높음,0.9,10
행어,170,530,700,높음,0.9,8
파미고,140,560,700,높음,0.9,3
가성비매트리스추천,130,570,700,높음,0.9,9
눕는의자,150,550,700,중간,0.6,8
키즈홍삼,110,590,700,중간,0.6,8
택스넷,620,80,700,낮음,0.3,0
한화생명간병인보험,160,540,700,낮음,0.3,2
하루보험,60,640,700,높음,0.9,10
종신연금보험,130,570,700,높음,0.9,10
중대재해법,320,380,700,높음,0.9,10
임플란트틀니비용,100,600,700,높음,0.9,10
축농증에좋은음식,120,580,700,높음,0.9,10
임플란트재수술,210,490,700,높음,0.9,10
디지털치과,90,610,700,높음,0.9,10
산제,140,560,700,높음,0.9,10
5톤이사비용,100,600,700,높음,0.9,10
가정집청소업체,70,630,700,높음,0.9,10
경동나비엔대리점,140,560,700,높음,0.9,10
전기온수기50리터,190,510,700,중간,0.6,8
차량시세조회,200,500,700,높음,0.9,10
전기차충전단가,200,500,700,높음,0.9,3
전기차집밥,160,540,700,중간,0.6,7
가습기공기청정기,70,630,700,높음,0.9,10
호카카하,140,560,700,높음,0.9,8
장박텐트,120,580,700,높음,0.9,9
휠캐디백,130,570,700,중간,0.6,8
기저귀4단계,50,650,700,높음,0.9,3
어린이안전벨트가드,70,630,700,중간,0.6,5
진돗개사료,140,560,700,중간,0.6,8
태블릿PC추천,250,450,700,높음,0.9,9
포디아이,260,440,700,중간,0.6,3
게임모니터,170,530,700,중간,0.6,8
LG와이드모니터,340,360,700,중간,0.6,8
삼성태블릿PC,170,530,700,중간,0.6,8
빌라후순위담보대출,100,600,700,높음,0.9,10
불법하도급,320,380,700,높음,0.9,10
해외운전면허증,180,520,700,높음,0.9,3
정수기렌탈비교,310,390,700,높음,0.9,10
오븐에어프라이어차이,100,600,700,높음,0.9,3
식탁등교체,110,590,700,높음,0.9,8
사업자주택담보대출,190,500,690,높음,0.9,10
운전자보험가격,160,530,690,높음,0.9,10
부부운전자보험,350,340,690,높음,0.9,10
가지급금인정이자,400,290,690,높음,0.9,10
상속세신고서류,180,510,690,높음,0.9,10
토지양도세,200,490,690,높음,0.9,3
재무설계,220,470,690,높음,0.9,10
연금계좌세액공제,190,500,690,중간,0.6,5
연금저축펀드가입,130,560,690,높음,0.9,10
실업급여필요서류,210,480,690,높음,0.9,3
중소기업지원사업,600,90,690,높음,0.9,10
2억대출,180,510,690,높음,0.9,10
부동산월세,240,450,690,높음,0.9,10
시티밴캠핑카,120,570,690,높음,0.9,9
장기투자,230,460,690,높음,0.9,9
선불인터넷,190,500,690,높음,0.9,10
미성년자핸드폰개통,100,590,690,높음,0.9,3
터치노트북,190,500,690,높음,0.9,9
보리굴비선물세트,60,630,690,높음,0.9,10
양산캠핑용품,50,640,690,높음,0.9,10
식기세척기빌트인,160,530,690,중간,0.6,8
시디즈학생의자,100,590,690,높음,0.9,9
부가세법,610,80,690,높음,0.9,7
근무일수계산,480,210,690,낮음,0.3,0
실비1세대,130,560,690,높음,0.9,7
틀리,50,640,690,높음,0.9,10
어금니부분틀니,70,620,690,높음,0.9,3
종합건강검진병원,130,560,690,높음,0.9,10
9월이삿날,40,650,690,높음,0.9,7
마곡입주청소,30,660,690,높음,0.9,10
대형차,110,580,690,높음,0.9,10
유무선선풍기,110,580,690,높음,0.9,8
유틸리티샤프트,140,550,690,중간,0.6,8
전기자전거PAS,150,540,690,중간,0.6,8
자전거복,130,560,690,중간,0.6,8
신생아배앓이분유,30,660,690,높음,0.9,3
통잠기저귀,20,670,690,높음,0.9,10
골든저지1단계,10,680,690,높음,0.9,3
비세이프이지플렉스,180,510,690,중간,0.6,6
일렉기타추천,120,570,690,중간,0.6,8
아파트구매대출,210,480,690,높음,0.9,10
커피자판기렌탈,180,510,690,높음,0.9,10
캡스도어가드,120,570,690,중간,0.6,8
치매도어락,130,560,690,높음,0.9,8
문고리손잡이,110,580,690,높음,0.9,8
아이나비블랙박스수리,130,560,690,높음,0.9,10
전기차충전기종류,190,500,690,높음,0.9,7
원금분할상환,160,520,680,높음,0.9,3
실손보험료,120,560,680,높음,0.9,10
치아보험다이렉트,180,500,680,높음,0.9,10
양도소득세신고서류,230,450,680,높음,0.9,10
부업알바,180,500,680,높음,0.9,10
산업재해신청,320,360,680,높음,0.9,10
노동법률,420,260,680,높음,0.9,10
실업자국비지원교육,170,510,680,높음,0.9,10
경영인정기보험,280,400,680,높음,0.9,10
업소용생맥주기계,110,570,680,높음,0.9,8
권리분석,210,470,680,높음,0.9,9
전기차비교,240,440,680,높음,0.9,10
비상장,240,440,680,높음,0.9,10
집에서,60,620,680,낮음,0.3,0
알뜰폰유심교체,100,580,680,높음,0.9,7
5G알뜰요금제,140,540,680,높음,0.9,10
알뜰폰태블릿요금제,180,500,680,높음,0.9,10
귀에거는이어폰,130,550,680,높음,0.9,8
제습기단기렌탈,150,530,680,높음,0.9,7
가야물소제습기,220,460,680,높음,0.9,8
미니의류관리기,130,550,680,높음,0.9,8
공청기,130,550,680,높음,0.9,10
캠핑쉘터,150,530,680,중간,0.6,8
육포선물세트,200,480,680,높음,0.9,10
하이팩의자,210,470,680,높음,0.9,8
LRP,90,590,680,중간,0.6,3
대위권,270,410,680,중간,0.6,2
일본해외여행자보험,180,500,680,높음,0.9,10
일본여행여행자보험,200,480,680,높음,0.9,10
요양병원간병인,130,550,680,높음,0.9,10
한화간병비보험,150,530,680,중간,0.6,8
교통법규,170,510,680,높음,0.9,7
음주운전면허정지,150,530,680,높음,0.9,10
손해사정사비용,100,580,680,높음,0.9,10
뼈이식,120,560,680,높음,0.9,10
사랑니발치병원,60,620,680,높음,0.9,10
대전동구치과,250,430,680,높음,0.9,10
포장이사방법,80,600,680,높음,0.9,10
구동기,260,420,680,중간,0.6,8
여름요,120,560,680,높음,0.9,8
홑겹이불,100,580,680,높음,0.9,8
중고차조회,200,480,680,높음,0.9,10
캠핑선풍기추천,100,580,680,높음,0.9,8
한일대형선풍기,130,550,680,높음,0.9,3
캠핑전기매트,120,560,680,중간,0.6,8
쿠션좋은슬리퍼,90,590,680,높음,0.9,10
남성러닝화,130,550,680,높음,0.9,10
자전거용품매장,90,590,680,높음,0.9,10
여자골프채추천,100,580,680,높음,0.9,9
나비잠시그니처썸머,20,660,680,높음,0.9,7
김포베이비하우스,70,610,680,중간,0.6,2
시니어사료,100,580,680,중간,0.6,8
스포츠워치,100,580,680,높음,0.9,8
중고테블릿,190,490,680,높음,0.9,10
아이패드프로11인치,180,500,680,높음,0.9,10
전세권설정등기,190,490,680,높음,0.9,10
가정용솥밥,80,600,680,높음,0.9,8
압력밥솥6인용,80,600,680,높음,0.9,8
스텐압력밥솥,80,600,680,중간,0.6,8
업소용커피머신렌탈,110,570,680,높음,0.9,10
WELLS,120,560,680,높음,0.9,10
변기세면대교체,80,600,680,높음,0.9,10
SHP-DP951,190,490,680,높음,0.9,8
방문고리교체,80,600,680,높음,0.9,10
도어핸들,310,370,680,중간,0.6,8
블랙박스수리점,60,620,680,높음,0.9,10
회생전문변호사,50,620,670,높음,0.9,10
개인회생진술서,210,460,670,높음,0.9,10
한화암보험,170,500,670,높음,0.9,10
4세대실손보험보장,110,560,670,높음,0.9,7
암보험가입시,150,520,670,높음,0.9,10
유사암종류,170,500,670,높음,0.9,10
임플란트보험적용,110,560,670,높음,0.9,10
상속전문세무사,180,490,670,높음,0.9,10
자녀증여세신고,400,270,670,높음,0.9,7
실업급여대상,240,430,670,중간,0.6,2
알바추천,120,550,670,높음,0.9,10
노동변호사,60,610,670,높음,0.9,10
해외취업사이트,250,420,670,높음,0.9,10
창업경진대회,290,380,670,높음,0.9,10
시설소유자배상책임,240,430,670,높음,0.9,10
홍보관,150,520,670,높음,0.9,10
인천세무사,260,410,670,높음,0.9,10
뿌리는모기기피제,120,550,670,높음,0.9,7
자동차검사종류,130,540,670,높음,0.9,3
파리나방,100,570,670,높음,0.9,3
알뜰요금,150,520,670,높음,0.9,10
브루투스,80,590,670,중간,0.6,6
프리미엄이어폰,20,650,670,높음,0.9,10
업소용세탁기,190,480,670,높음,0.9,10
AS153HWWC,180,490,670,높음,0.9,7
캠핑용텐트,60,610,670,높음,0.9,8
입사선물,130,540,670,높음,0.9,10
초등의자,60,610,670,중간,0.6,8
단기간병인,50,620,670,높음,0.9,10
해외여행여행자보험,220,450,670,높음,0.9,10
여행자보험가격,200,470,670,높음,0.9,10
유병자실비,220,450,670,높음,0.9,10
전동킥보드사고,150,520,670,높음,0.9,10
음주운전뺑소니변호사,70,600,670,높음,0.9,10
척추관협착증수술,90,580,670,높음,0.9,10
이삿집센터,110,560,670,높음,0.9,7
아파트포장이사비용,100,570,670,높음,0.9,10
대구대장내시경,260,410,670,높음,0.9,10
경동나비엔전기온수기,190,480,670,중간,0.6,8
고속도로미납요금,220,450,670,중간,0.6,1
중고차시세표,140,530,670,높음,0.9,10
자동차시세,250,420,670,높음,0.9,10
기능성운동화,80,590,670,중간,0.6,8
하이브리드자전거추천,180,490,670,중간,0.6,8
대전자전거매장,80,590,670,중간,0.6,7
소프트사료,140,530,670,높음,0.9,10
주택담보대출LTV,250,420,670,높음,0.9,10
전세월세전환율,200,470,670,낮음,0.3,0
고용지원금대상,350,320,670,중간,0.6,6
6인용압력밥솥,100,570,670,중간,0.6,8
실외기없는에어콘,120,550,670,높음,0.9,7
가정용LED조명,150,520,670,높음,0.9,8
강화유리도어,340,330,670,높음,0.9,10
욕실LED등교체,80,590,670,높음,0.9,8
모기장원단,120,550,670,높음,0.9,10
아이나비업그레이드,400,270,670,높음,0.9,9
파인뷰LXQ600,160,510,670,높음,0.9,8
아이나비A500,140,530,670,높음,0.9,8
마이딘블랙박스,180,490,670,높음,0.9,9
아이나비메모리카드,120,550,670,중간,0.6,6
팅크웨어블랙박스,120,550,670,높음,0.9,8
테슬라완속충전기,110,560,670,높음,0.9,7
무실적신용카드,150,510,660,높음,0.9,10
상속세연부연납,200,460,660,높음,0.9,10
증여신고방법,330,330,660,높음,0.9,7
사업소득신고,300,360,660,중간,0.6,7
IRP연금저축,200,460,660,높음,0.9,7
조기재취업수당모의계산,280,380,660,낮음,0.3,0
알바대타,30,630,660,높음,0.9,3
민간건설공사표준도급계약서,610,50,660,중간,0.6,6
울산노무사,220,440,660,높음,0.9,10
마케팅부트캠프,280,380,660,높음,0.9,10
개인사업자환급금,60,600,660,높음,0.9,9
폐업절차,160,500,660,높음,0.9,10
보증금반환소송,220,440,660,높음,0.9,10
상가묵시적갱신,190,470,660,중간,0.6,6
청담동월세,80,580,660,높음,0.9,10
부동산경매공부,200,460,660,높음,0.9,10
국민은행퇴직연금수령방법,140,520,660,중간,0.6,1
장기투자종목,120,540,660,높음,0.9,10
법인사업자등록증,390,270,660,높음,0.9,3
음식물쓰레기수거,110,550,660,높음,0.9,10
에너지절약계획서,570,90,660,높음,0.9,10
방음벽설치,180,480,660,높음,0.9,7
전자모기퇴치기,90,570,660,높음,0.9,7
몸에뿌리는모기약,100,560,660,높음,0.9,7
전격살충기,140,520,660,중간,0.6,8
공기계개통,160,500,660,높음,0.9,10
SK유심,110,550,660,높음,0.9,10
LG일체형세탁건조기,120,540,660,높음,0.9,7
미니세탁건조기,160,500,660,높음,0.9,8
리클라이너안마의자,100,560,660,중간,0.6,8
캠핑전등,130,530,660,높음,0.9,9
무선공기주입기,130,530,660,높음,0.9,8
매트리스더블,100,560,660,높음,0.9,8
높낮이조절의자,150,510,660,높음,0.9,8
피씨방의자,190,470,660,높음,0.9,10
급여명세서양식무료,550,110,660,높음,0.9,7
퇴직소득지급명세서,500,160,660,높음,0.9,3
고양이펫보험,150,510,660,높음,0.9,10
1일보험,90,570,660,높음,0.9,10
금융사기,260,400,660,높음,0.9,10
산재노무사,260,400,660,높음,0.9,10
산재변호사,140,520,660,높음,0.9,10
이사짐센터추천,150,510,660,높음,0.9,10
거주청소비용,80,580,660,높음,0.9,10
시어서커여름이불,100,560,660,높음,0.9,8
여름이불패드세트,110,550,660,높음,0.9,8
무거운이불,80,580,660,중간,0.6,8
무선탁상용선풍기,110,550,660,높음,0.9,8
겨울텐트,30,630,660,중간,0.6,8
감성텐트,60,600,660,높음,0.9,8
등산시계,110,550,660,높음,0.9,8
기계식키보드키캡,320,340,660,중간,0.6,8
모니터사이즈,410,250,660,중간,0.6,8
19인치모니터,390,270,660,높음,0.9,8
프로젝트파이낸싱,330,330,660,높음,0.9,10
주택담보대출생활안정자금,120,540,660,높음,0.9,7
강제집행신청서,560,100,660,높음,0.9,10
전자등기,420,240,660,높음,0.9,10
전세대출보증보험,180,480,660,높음,0.9,3
흡입력좋은청소기,100,560,660,중간,0.6,8
40평형에어컨,230,430,660,높음,0.9,7
생선구이에어프라이어,60,600,660,높음,0.9,9
베누스타커피머신,130,530,660,높음,0.9,9
방충망종류,160,500,660,높음,0.9,10
대문도어락,160,500,660,중간,0.6,8
도어실린더,280,380,660,중간,0.6,8
아파트문교체,80,580,660,높음,0.9,10
출입문도어락,150,510,660,높음,0.9,10
개인파산비용,100,550,650,높음,0.9,10
개인사업자개인회생,230,420,650,높음,0.9,10
대출신청,140,510,650,높음,0.9,10
부동산금리,190,460,650,높음,0.9,3
암보험비갱신형추천,150,500,650,높음,0.9,10
흥국화재암보험,140,510,650,높음,0.9,10
암진단금,110,540,650,높음,0.9,10
DB운전자보험청구,70,580,650,높음,0.9,7
치아충전치료,110,540,650,높음,0.9,10
양도소득세기본세율,200,450,650,높음,0.9,7
법인범용인증서,520,130,650,높음,0.9,10
출자전환,350,300,650,높음,0.9,7
고수익알바,120,530,650,높음,0.9,10
제주택배,130,520,650,중간,0.6,8
취업준비,260,390,650,높음,0.9,10
은행대출상담,170,480,650,높음,0.9,10
청년창업지원센터,240,410,650,높음,0.9,10
국민은행사업자대출,140,510,650,높음,0.9,7
유익비,250,400,650,높음,0.9,1
서울재개발지역,190,460,650,높음,0.9,10
현대건설힐스테이트,240,410,650,중간,0.6,2
펀드수익률,150,500,650,높음,0.9,10
신규상장일정,170,480,650,중간,0.6,6
삼성증권퇴직연금,300,350,650,중간,0.6,1
증권이벤트,110,540,650,높음,0.9,10
중소기업소상공인,120,530,650,높음,0.9,7
모기퇴치법,50,600,650,높음,0.9,10
모기퇴치등,90,560,650,높음,0.9,8
울트라델타,170,480,650,중간,0.6,6
자동차검사수수료,190,460,650,높음,0.9,7
권연벌레퇴치법,70,580,650,높음,0.9,7
태블릿유심,150,500,650,높음,0.9,10
무선청소기가격비교,100,550,650,높음,0.9,10
고성능노트북,250,400,650,높음,0.9,9
습기제거기,110,540,650,중간,0.6,8
드럼세탁기용량,30,620,650,높음,0.9,10
세탁기사이즈,200,450,650,높음,0.9,10
10KG세탁기,160,490,650,높음,0.9,9
유로탑매트리스,120,530,650,중간,0.6,8
스크린타프,110,540,650,중간,0.6,8
HAG,110,540,650,낮음,0.3,0
퇴직연금이란,160,490,650,높음,0.9,3
주근무시간,220,430,650,높음,0.9,3
개준모,260,390,650,중간,0.6,3
전세자금대출금리비교,220,430,650,높음,0.9,10
고양이펫보험비교,170,480,650,높음,0.9,7
삼성화재간병보험,240,410,650,중간,0.6,5
개호비,220,430,650,높음,0.9,10
허리디스크한의원,130,520,650,높음,0.9,10
목가래,90,560,650,높음,0.9,10
신장검사병원,70,580,650,높음,0.9,7
일반이사,130,520,650,높음,0.9,10
라식과라섹차이,100,550,650,높음,0.9,10
아파트누수탐지비용,120,530,650,높음,0.9,10
가스보일러수명,70,580,650,높음,0.9,10
아파트도배,160,490,650,높음,0.9,10
오산입주청소,140,510,650,높음,0.9,10
강릉입주청소,200,450,650,높음,0.9,10
이불추천,150,500,650,중간,0.6,8
중고티비판매,40,610,650,높음,0.9,10
전기산악자전거,120,530,650,중간,0.6,8
베이비하우스광명,50,600,650,중간,0.6,1
백팩킹텐트,130,520,650,높음,0.9,8
도어커버,170,480,650,높음,0.9,9
자동차시트교체비용,110,540,650,높음,0.9,10
국내생산기저귀,30,620,650,높음,0.9,3
인터넷와이파이설치,100,550,650,높음,0.9,10
초등스마트워치,50,600,650,중간,0.6,8
기준경비율,320,330,650,높음,0.9,7
스탠드에어컨중고,130,520,650,높음,0.9,10
어르신선물추천,100,550,650,높음,0.9,7
합격기원선물,100,550,650,높음,0.9,10
CRP-NHTR0610FGW,180,470,650,높음,0.9,9
탑볼수전,280,370,650,중간,0.6,8
에어프라이어대용량,90,560,650,중간,0.6,8
에어프라이어베이킹,120,530,650,높음,0.9,9
커피메이트,100,550,650,중간,0.6,7
방충망수리,80,570,650,높음,0.9,8
모노필라멘트,120,530,650,높음,0.9,10
목문용도어락,190,460,650,높음,0.9,8
타이어비교,210,440,650,높음,0.9,10
네비게이션수리,130,520,650,높음,0.9,10
파산이란,60,580,640,높음,0.9,10
개인회생사건번호,190,450,640,높음,0.9,10
개인회생폐지,170,470,640,높음,0.9,10
전세대출비교,240,400,640,높음,0.9,10
아파트주택담보대출,210,430,640,높음,0.9,10
채무조정신청,90,550,640,높음,0.9,10
백내장실비,100,540,640,높음,0.9,10
자동차보험계산,180,460,640,높음,0.9,10
자동차운전자보험,160,480,640,높음,0.9,10
취득세세율,280,360,640,높음,0.9,3
근로장려금확인,160,480,640,낮음,0.3,2
돈잘버는직업,90,550,640,높음,0.9,10
임산부알바,60,580,640,높음,0.9,10
농협은행퇴직연금,470,170,640,중간,0.6,2
급여내역서,290,350,640,높음,0.9,9
계약직근로계약서,420,220,640,높음,0.9,9
서울청년창업지원금,210,430,640,높음,0.9,3
인테리어철거,210,430,640,높음,0.9,10
소형전기자동차,130,510,640,높음,0.9,10
유예지,30,610,640,낮음,0.3,0
경질우레탄보드,390,250,640,높음,0.9,10
충전식작업등,170,470,640,중간,0.6,8
디월트무선송풍기,100,540,640,높음,0.9,8
유플러스결합할인,120,520,640,높음,0.9,10
삼성물걸레로봇청소기,90,550,640,높음,0.9,7
핸드폰요금,110,530,640,높음,0.9,10
공장용제습기,280,360,640,높음,0.9,7
물기제거,160,480,640,높음,0.9,8
식기세척기설치비용,80,560,640,높음,0.9,10
송풍기추천,120,520,640,높음,0.9,9
편한책상의자,110,530,640,중간,0.6,8
국산의자,70,570,640,높음,0.9,8
임산부여행자보험,160,480,640,높음,0.9,10
교통사고진단서,100,540,640,높음,0.9,10
중앙선침범사고,80,560,640,높음,0.9,10
장해진단서,270,370,640,높음,0.9,7
척추측만증병원,50,590,640,높음,0.9,10
앞니임플란트기간,50,590,640,높음,0.9,7
이사시해야할일,170,470,640,높음,0.9,7
2일장,120,520,640,높음,0.9,10
아파트거주청소,100,540,640,높음,0.9,10
엘지유플러스볼트업,370,270,640,중간,0.6,2
차량판매,170,470,640,높음,0.9,10
국산자동차,230,410,640,높음,0.9,10
2층침대선풍기,120,520,640,높음,0.9,3
발지압슬리퍼,110,530,640,중간,0.6,8
무선소형선풍기,70,570,640,높음,0.9,7
초보런닝화추천,150,490,640,높음,0.9,7
중형견유모차,120,520,640,높음,0.9,9
전기자전거브랜드,180,460,640,높음,0.9,8
등산용샌들,150,490,640,높음,0.9,7
유심공유기,250,390,640,중간,0.6,8
첼로가격,70,570,640,높음,0.9,8
크로스오버24인치,30,610,640,높음,0.9,3
스탠드모니터,250,390,640,높음,0.9,8
삼성컴퓨터모니터,150,490,640,중간,0.6,8
윈도우테블릿,250,390,640,높음,0.9,9
집담보대출서류,50,590,640,높음,0.9,10
세이브더머니,570,70,640,중간,0.6,1
4대보험카드납부,390,250,640,높음,0.9,10
멀티에어컨,220,420,640,중간,0.6,8
창문형에어컨가격,90,550,640,높음,0.9,7
소형밥솥,120,520,640,중간,0.6,8
60대엄마생신선물,140,500,640,높음,0.9,7
사돈선물,60,580,640,높음,0.9,10
직수비데,130,510,640,중간,0.6,8
기계식비데,200,440,640,높음,0.9,8
커피캡슐머신,130,510,640,높음,0.9,9
에어프라이어요리추천,140,500,640,높음,0.9,10
JURA커피머신,130,510,640,높음,0.9,10
NF힌지,310,330,640,높음,0.9,8
샷시문도어락,140,500,640,중간,0.6,8
블랙박스설치업체,90,550,640,높음,0.9,10
측면블랙박스,90,550,640,중간,0.6,8
2금융대출,140,490,630,높음,0.9,10
개인회생상담,190,440,630,높음,0.9,10
대학생소액대출,60,570,630,높음,0.9,10
무직자주택담보대출,170,460,630,높음,0.9,10
실비보험료,110,520,630,높음,0.9,10
치과비용,50,580,630,높음,0.9,10
증여재산공제,260,370,630,중간,0.6,6
상속세일괄공제,170,460,630,중간,0.6,3
5천만원증여세,80,550,630,높음,0.9,3
DC형퇴직연금,360,270,630,높음,0.9,7
실업급여단기알바,100,530,630,높음,0.9,3
취업잘되는자격증,160,470,630,높음,0.9,10
자영업자폐업지원금,140,490,630,높음,0.9,7
전기차중고보조금,110,520,630,높음,0.9,10
주식청약,120,510,630,높음,0.9,7
개인사업자주소변경,280,350,630,높음,0.9,10
연금계산,110,520,630,높음,0.9,10
국채투자,150,480,630,높음,0.9,7
에너지절약,250,380,630,높음,0.9,10
포충망,110,520,630,높음,0.9,8
초음파퇴치기,110,520,630,중간,0.6,8
충전식모기채,110,520,630,중간,0.6,8
청소로봇,220,410,630,높음,0.9,10
통신사이동혜택,100,530,630,높음,0.9,10
넥밴드블루투스이어폰,170,460,630,높음,0.9,8
휴대폰지원금,120,510,630,높음,0.9,10
로보트청소기,60,570,630,높음,0.9,10
알뜰폰이란,90,540,630,높음,0.9,9
산업용진공청소기,230,400,630,높음,0.9,8
환기시스템,220,410,630,높음,0.9,10
공기청정기가격,50,580,630,높음,0.9,10
습도낮추는법,80,550,630,높음,0.9,7
이동식파라솔,180,450,630,높음,0.9,8
침대매트릭스,160,470,630,높음,0.9,7
의자높이조절,160,470,630,높음,0.9,8
일용근로자4대보험,370,260,630,중간,0.6,8
보장성보험,180,450,630,높음,0.9,10
만성비염,190,440,630,높음,0.9,10
산재보험법,500,130,630,높음,0.9,10
소아척추측만증,50,580,630,높음,0.9,10
크림치과,150,480,630,중간,0.6,1
척추측만증교정,100,530,630,높음,0.9,10
건강검진내과,100,530,630,높음,0.9,10
종합건강검진예약,140,490,630,높음,0.9,10
이사집센터,90,540,630,높음,0.9,10
이사비,130,500,630,높음,0.9,10
EV카드,150,480,630,높음,0.9,10
소형써큘레이터,110,520,630,높음,0.9,3
러닝운동화,120,510,630,높음,0.9,8
코오롱스포츠신발,80,550,630,중간,0.6,8
듀라에이스,130,500,630,높음,0.9,3
백패킹텐트추천,170,460,630,중간,0.6,8
오브맘,140,490,630,중간,0.6,3
분유20ML스푼,10,620,630,낮음,0.3,2
유아안전벨트커버,50,580,630,높음,0.9,7
베이비하우스뚝섬,80,550,630,중간,0.6,1
컨버터블카시트,110,520,630,높음,0.9,3
유압모터,220,410,630,높음,0.9,10
초등학생손목시계,100,530,630,중간,0.6,8
삼성모니터M7,140,490,630,높음,0.9,8
모니터크기,320,310,630,높음,0.9,9
21인치모니터,340,290,630,높음,0.9,8
가성비패드,150,480,630,높음,0.9,8
갤럭시뷰,130,500,630,중간,0.6,6
스텐밥솥,80,550,630,높음,0.9,8
정수기렌탈가격,160,470,630,중간,0.6,8
가성비커피머신,30,600,630,높음,0.9,8
에스프레소커피머신,90,540,630,높음,0.9,8
에어프라이어생선,80,550,630,높음,0.9,8
홈씨씨티비,70,560,630,중간,0.6,8
카나로XPLUS,130,500,630,중간,0.6,6
주택담보대출추가대출,150,470,620,높음,0.9,10
상가주택대출,140,480,620,높음,0.9,10
직업군인대출,50,570,620,높음,0.9,10
채무통합대출,110,510,620,높음,0.9,10
아파트전세대출한도,150,470,620,높음,0.9,10
프리랜서신용대출,150,470,620,높음,0.9,10
직장인채무통합,100,520,620,높음,0.9,10
30대암보험,360,260,620,높음,0.9,10
다이렉트치아보험,130,490,620,높음,0.9,10
상속재산분할비율,200,420,620,높음,0.9,10
상속기간,100,520,620,높음,0.9,10
부당해고수당,110,510,620,높음,0.9,10
40대알바,110,510,620,높음,0.9,9
비과세저축,140,480,620,높음,0.9,10
3대질병,120,500,620,높음,0.9,10
취업자격증,190,430,620,높음,0.9,10
K-디지털트레이닝,390,230,620,높음,0.9,10
NAVISWORKS,530,90,620,높음,0.9,7
상가보증금대출,130,490,620,높음,0.9,10
청년정부지원금,160,460,620,높음,0.9,3
소프트아이스크림기계렌탈,100,520,620,높음,0.9,10
로컬크리에이터,290,330,620,높음,0.9,7
공모주상장,180,440,620,높음,0.9,3
대체투자,300,320,620,높음,0.9,3
연금저축보험추천,180,440,620,높음,0.9,10
개인투자자,210,410,620,높음,0.9,10
차량검사비용,80,540,620,높음,0.9,3
현대자동차검사소,50,570,620,중간,0.6,5
자동차검사토요일,100,520,620,높음,0.9,3
구리자동차검사소,110,510,620,중간,0.6,4
바닥방음매트,110,510,620,중간,0.6,8
지네퇴치제,130,490,620,높음,0.9,8
SKB인터넷,170,450,620,높음,0.9,10
SK브로드밴드공유기,160,460,620,높음,0.9,10
요금제비교,180,440,620,높음,0.9,10
혼합기,310,310,620,높음,0.9,10
건조세탁기,80,540,620,중간,0.6,8
LG울트라북,210,410,620,높음,0.9,9
침대대여,80,540,620,높음,0.9,10
캠핑윈드스크린,140,480,620,중간,0.6,8
캠핑모기향거치대,90,530,620,높음,0.9,8
ZESPA,70,550,620,중간,0.6,8
50대선물,120,500,620,높음,0.9,10
삼성간병인보험,210,410,620,중간,0.6,8
손해사정사수수료,100,520,620,높음,0.9,10
비염원인,210,410,620,높음,0.9,10
잔기침약,140,480,620,높음,0.9,10
허리교정,130,490,620,높음,0.9,8
안아픈치과,60,560,620,높음,0.9,10
가스보일러교체비용,80,540,620,높음,0.9,10
여름홑겹이불,60,560,620,높음,0.9,3
접이식써큘레이터,70,550,620,높음,0.9,8
예쁜선풍기,80,540,620,높음,0.9,8
무지외반증신발추천,70,550,620,높음,0.9,10
유모차순위,160,460,620,높음,0.9,10
베이비하우스대전,50,570,620,중간,0.6,1
리퍼TV,150,470,620,높음,0.9,10
WIFI6,200,420,620,높음,0.9,8
FANUC,310,310,620,높음,0.9,10
모터종류,150,470,620,높음,0.9,9
부동산임대계약서,390,230,620,높음,0.9,7
위수탁계약서,310,310,620,높음,0.9,3
현관정,310,310,620,중간,0.6,8
SK홈캠,130,490,620,높음,0.9,9
화장실조명교체,70,550,620,높음,0.9,10
문모기장,120,500,620,중간,0.6,8
현관문도어락추천,120,500,620,중간,0.6,8
현관손잡이,130,490,620,높음,0.9,8
아이나비AS,140,480,620,높음,0.9,10
차량보조배터리,140,480,620,중간,0.6,8
지니맵업데이트,390,230,620,높음,0.9,9
신용대출조회,160,450,610,높음,0.9,10
환급형암보험,160,450,610,높음,0.9,10
소득세신고,260,350,610,높음,0.9,10
운전자보험가입,180,430,610,높음,0.9,10
DB손해보험치아보험,220,390,610,높음,0.9,10
구독서비스,240,370,610,높음,0.9,10
연말정산세액공제,180,430,610,높음,0.9,10
형제간증여,180,430,610,높음,0.9,10
대구상고,80,530,610,낮음,0.3,0
배달업체,100,510,610,높음,0.9,10
청소년돈버는법,40,570,610,중간,0.6,3
내일배움카드온라인강의,250,360,610,높음,0.9,10
상가철거비용,160,450,610,높음,0.9,10
토지시세,350,260,610,높음,0.9,9
투자회사,180,430,610,높음,0.9,10
건물대장,460,150,610,높음,0.9,3
특정금전신탁,270,340,610,높음,0.9,3
층간소음매트추천,140,470,610,중간,0.6,8
가정용해충퇴치기,110,500,610,높음,0.9,9
파주자동차검사대행,590,20,610,중간,0.6,8
유심재발급,110,500,610,높음,0.9,10
KT알뜰인터넷,160,450,610,높음,0.9,10
알뜰폰사이트,220,390,610,높음,0.9,10
알뜰폰데이터구매,50,560,610,높음,0.9,9
흡습제,200,410,610,높음,0.9,8
빨간곰팡이,70,540,610,높음,0.9,3
저소음제습기추천,130,480,610,높음,0.9,8
사무실제습기,360,250,610,높음,0.9,8
프리미엄과일,110,500,610,높음,0.9,8
의자리폼,110,500,610,높음,0.9,10
파티션사무실,230,380,610,중간,0.6,8
연금보험소득공제,100,510,610,높음,0.9,10
남양주세무소,90,520,610,높음,0.9,3
해외여행보험추천,200,410,610,높음,0.9,10
생명보험비교사이트,140,470,610,높음,0.9,10
자살보험금,90,520,610,높음,0.9,10
유병자실손,200,410,610,높음,0.9,10
공문서작성,490,120,610,높음,0.9,3
퇴행성디스크,100,510,610,높음,0.9,10
비중격만곡증수술비용,90,520,610,높음,0.9,10
아산누수탐지,210,400,610,높음,0.9,10
경동기름보일러,80,530,610,높음,0.9,10
미우라보일러,390,220,610,높음,0.9,10
키즈이불,100,510,610,높음,0.9,8
슈퍼싱글이불세트,110,500,610,중간,0.6,8
보네이도써큘레이터,130,480,610,높음,0.9,8
축사용선풍기,110,500,610,높음,0.9,10
수냉식칠러,230,380,610,높음,0.9,10
가정용체중계,90,520,610,높음,0.9,9
중고옷장,90,520,610,높음,0.9,10
모네트라이크,20,590,610,중간,0.6,1
임산부의날,230,380,610,높음,0.9,7
전기자전거충전,120,490,610,높음,0.9,3
도이터푸트라,150,460,610,중간,0.6,7
미즈노MX,120,490,610,높음,0.9,3
아이언헤드,110,500,610,높음,0.9,10
스완두마리5,90,520,610,높음,0.9,3
키보드커스텀,160,450,610,중간,0.6,8
스마트워치사용법,70,540,610,높음,0.9,7
로지텍사무용키보드,280,330,610,높음,0.9,7
42인치모니터,290,320,610,중간,0.6,8
윈도우태블릿PC,250,360,610,중간,0.6,8
30인치모니터,300,310,610,높음,0.9,8
드론보험,340,270,610,높음,0.9,10
크리스마스선물,150,460,610,높음,0.9,10
30평형에어컨,140,470,610,높음,0.9,7
창문방범창,80,530,610,높음,0.9,8
블루앤,120,490,610,중간,0.6,6
방충망문,120,490,610,높음,0.9,8
셀프방충망,110,500,610,중간,0.6,8
삼성푸시풀도어락,100,510,610,높음,0.9,10
아이나비GPS,170,440,610,높음,0.9,3
인천블랙박스,210,400,610,높음,0.9,10
개인회생신청절차,170,430,600,높음,0.9,10
개인회생서류,170,430,600,높음,0.9,10
주담대추가대출,110,490,600,높음,0.9,10
기대출,140,460,600,높음,0.9,10
신용등급무료조회,120,480,600,중간,0.6,6
자동차보험과운전자보험,110,490,600,높음,0.9,10
장애인운전면허,90,510,600,높음,0.9,9
치과레진보험,90,510,600,높음,0.9,10
세무학과,90,510,600,높음,0.9,10
양도세필요경비,190,410,600,높음,0.9,3
종합소득과세표준,260,340,600,높음,0.9,3
대학생알바추천,90,510,600,높음,0.9,7
택배알바,90,510,600,높음,0.9,10
신생아보험,140,460,600,높음,0.9,10
전자근로계약서,230,370,600,높음,0.9,10
중고신입,200,400,600,높음,0.9,3
대기업공채,250,350,600,높음,0.9,7
정책지도사,130,470,600,중간,0.6,4
클린사업장조성지원,450,150,600,높음,0.9,10
한국정책자금지원센터,140,460,600,낮음,0.3,1
벤처투자,300,300,600,높음,0.9,10
경매부동산,180,420,600,높음,0.9,10
8월공모주청약일정,190,410,600,중간,0.6,4
네이버스토어창업,170,430,600,높음,0.9,10
모기기피제만들기,160,440,600,높음,0.9,8
진동측정기,300,300,600,높음,0.9,10
녹색건축물,350,250,600,높음,0.9,9
모기기피,120,480,600,높음,0.9,7
전자파리채,130,470,600,높음,0.9,8
캠핑벌레퇴치기,110,490,600,높음,0.9,8
기가인터넷,230,370,600,높음,0.9,10
게임용이어폰,210,390,600,높음,0.9,10
KT결합,230,370,600,높음,0.9,10
대우통돌이세탁기,60,540,600,중간,0.6,7
파라솔텐트,90,510,600,중간,0.6,8
홍삼농축액,150,450,600,높음,0.9,9
스승의날선물,100,500,600,높음,0.9,10
침대형의자,190,410,600,높음,0.9,9
금전출납부양식,310,290,600,중간,0.6,8
작업지시서양식,420,180,600,중간,0.6,7
무보험사고,50,550,600,높음,0.9,7
척추수술,120,480,600,높음,0.9,10
강서구내과,150,450,600,높음,0.9,10
원주이사업체,100,500,600,높음,0.9,10
제주이사,150,450,600,높음,0.9,10
이삿짐보관창고,130,470,600,높음,0.9,10
경동가스보일러,120,480,600,높음,0.9,8
전기온수기설치방법,60,540,600,높음,0.9,10
기름보일러가격,70,530,600,높음,0.9,10
중고차거래,220,380,600,높음,0.9,10
듀라론냉감매트,70,530,600,높음,0.9,8
시어서커이불세트,130,470,600,높음,0.9,7
접이식서큘레이터,110,490,600,높음,0.9,8
유루리웨지,120,480,600,높음,0.9,10
여행용유모차,80,520,600,높음,0.9,8
콜롬비아신발,80,520,600,높음,0.9,8
U+인터넷,210,390,600,높음,0.9,10
스마트와치,120,480,600,중간,0.6,8
PPT단축키,360,240,600,높음,0.9,3
27MK430H,210,390,600,중간,0.6,7
휴대용모니터거치대,300,300,600,중간,0.6,8
서울개인회생,420,180,600,높음,0.9,10
국민연금일시불수령방법,80,520,600,높음,0.9,3
법인부가세환급,280,320,600,높음,0.9,7
KT단말기보험,130,470,600,높음,0.9,3
음식물처리기가격,70,530,600,높음,0.9,8
17평에어컨,100,500,600,높음,0.9,8
룸에어컨,70,530,600,높음,0.9,7
비데기,90,510,600,높음,0.9,9
유리에어프라이기,80,520,600,높음,0.9,8
커피추출기,130,470,600,높음,0.9,8
방범창설치비용,80,520,600,높음,0.9,10
삼성현관문도어락,50,550,600,높음,0.9,10
삼성지문도어락,70,530,600,높음,0.9,8
춘천방충망,60,540,600,높음,0.9,7
아이나비Z300,140,460,600,중간,0.6,6
자동차카메라,90,510,600,높음,0.9,8
도박빚개인회생,170,420,590,높음,0.9,10
담보대출한도,160,430,590,높음,0.9,10
아파트구입대출,90,500,590,높음,0.9,10
내신용점수,80,510,590,높음,0.9,10
데이터라벨링부업,210,380,590,중간,0.6,6
치아보험가격,110,480,590,높음,0.9,10
운전자보험보상범위,70,520,590,높음,0.9,7
교정보험,80,510,590,높음,0.9,10
양도소득세기준,190,400,590,높음,0.9,7
토지양도소득세,180,410,590,높음,0.9,3
천안세무사,190,400,590,높음,0.9,10
청주세무사,200,390,590,높음,0.9,10
배달플랫폼,180,410,590,높음,0.9,10
대전노무사,200,390,590,높음,0.9,10
설계사,190,400,590,높음,0.9,10
인테리어직업,90,500,590,높음,0.9,9
자격증학원,100,490,590,높음,0.9,10
정책자금컨설팅,280,310,590,높음,0.9,10
햇살론청년대출,100,490,590,중간,0.6,5
선정산,420,170,590,높음,0.9,10
업소용에어컨중고,100,490,590,높음,0.9,10
여행사창업,150,440,590,높음,0.9,10
전기화물차보조금,110,480,590,높음,0.9,10
감정평가서,270,320,590,높음,0.9,9
창원아파트월세,80,510,590,높음,0.9,10
중국ETF추천,160,430,590,높음,0.9,7
전기요금절감,30,560,590,높음,0.9,10
쇼파버리기,90,500,590,높음,0.9,10
현대차수리센터,50,540,590,높음,0.9,3
무선이어폰순위,110,480,590,높음,0.9,10
자외선램프,210,380,590,높음,0.9,10
미니제습기추천,140,450,590,중간,0.6,8
마니또선물,110,480,590,높음,0.9,10
텐트할인매장,110,480,590,높음,0.9,10
텐트그늘막,80,510,590,중간,0.6,8
매트리스SS,90,500,590,높음,0.9,9
통풍의자,220,370,590,중간,0.6,7
시디즈의자추천,190,400,590,중간,0.6,5
학생방인테리어,80,510,590,높음,0.9,10
소득세지방소득세,310,280,590,높음,0.9,3
변호사전화상담,120,470,590,높음,0.9,10
국내여행자보험휴대폰파손,110,480,590,높음,0.9,10
해외여행자보험가격,120,470,590,높음,0.9,10
사망보험가입,50,540,590,높음,0.9,10
목디스크한의원,140,450,590,높음,0.9,10
비염수술후기,120,470,590,높음,0.9,10
소아천식,70,520,590,높음,0.9,10
발산역내과,130,460,590,높음,0.9,3
서초구입주청소,70,520,590,높음,0.9,10
대성셀틱에너시스,150,440,590,높음,0.9,10
아사면이불,70,520,590,중간,0.6,8
슈퍼싱글이불,110,480,590,중간,0.6,8
침대이불,100,490,590,높음,0.9,8
4계절이불,120,470,590,중간,0.6,8
소음없는선풍기,60,530,590,높음,0.9,7
에어선풍기,70,520,590,높음,0.9,3
공냉식칠러,270,320,590,높음,0.9,10
삼륜전동스쿠터,80,510,590,중간,0.6,8
전기자전거판매점,20,570,590,높음,0.9,8
스램,200,390,590,중간,0.6,7
베이비하우스수원,50,540,590,중간,0.6,2
경량스탠드백,120,470,590,높음,0.9,8
명품골프채,90,500,590,높음,0.9,10
차시트,70,520,590,높음,0.9,8
다이치올인원360,50,540,590,중간,0.6,7
운동시계,70,520,590,중간,0.6,8
IPS모니터,230,360,590,높음,0.9,8
11인치태블릿,170,420,590,높음,0.9,9
ALLDOCUBE,180,410,590,중간,0.6,4
레오폴드FC900RBT,250,340,590,중간,0.6,6
임차권설정,240,350,590,높음,0.9,3
24평에어컨,90,500,590,높음,0.9,7
미니정수기렌탈,90,500,590,높음,0.9,10
파드커피머신,100,490,590,높음,0.9,8
비데자가설치,120,470,590,중간,0.6,8
아기방블라인드,70,520,590,높음,0.9,8
보조키,120,470,590,중간,0.6,8
신정동열쇠,320,270,590,높음,0.9,10
UNICOR,130,460,590,높음,0.9,8
QHD블랙박스,180,410,590,중간,0.6,8
아이나비Z5000,140,450,590,높음,0.9,9
ALBATROSS,90,500,590,중간,0.6,5
인기선풍기,5,580,585,높음,0.9,7
무설정하우스론,190,390,580,높음,0.9,10
대출잘나오는곳,60,520,580,높음,0.9,10
학생대출,30,550,580,높음,0.9,10
안심전세대출,170,410,580,높음,0.9,10
보험설계사대출,90,490,580,높음,0.9,10
노후실손보험,140,440,580,높음,0.9,10
운전자상해보험,120,460,580,높음,0.9,10
운전자보험청구,80,500,580,높음,0.9,10
치과일요일,30,550,580,높음,0.9,10
근로소득신고,190,390,580,높음,0.9,3
세종세무사,150,430,580,높음,0.9,10
실업급여연장방법,60,520,580,높음,0.9,3
성장과정,290,290,580,높음,0.9,3
중대재해처벌법교육,450,130,580,높음,0.9,10
임차인보호법,110,470,580,높음,0.9,10
벤츠EQ,80,500,580,높음,0.9,3
코인투자,120,460,580,높음,0.9,10
연금보험추천,220,360,580,높음,0.9,10
7월증권사이벤트,120,460,580,높음,0.9,7
모기유인제,120,460,580,높음,0.9,7
송도자동차검사소,80,500,580,중간,0.6,3
파리유인제,90,490,580,높음,0.9,8
화장실파리,50,530,580,높음,0.9,3
USIM교체,90,490,580,중간,0.6,5
LG물걸레로봇청소기,60,520,580,중간,0.6,8
공기계유심,120,460,580,높음,0.9,10
알뜰폰통신사종류,180,400,580,높음,0.9,10
코인세탁기,90,490,580,높음,0.9,10
세탁기건조기콤보,190,390,580,높음,0.9,8
벽걸이제습기,160,420,580,중간,0.6,8
엘지건조기9KG,80,500,580,높음,0.9,8
에스프레소캡슐,110,470,580,중간,0.6,8
고급의자,170,410,580,높음,0.9,8
이케아게이밍의자,110,470,580,중간,0.6,3
홍삼진액효능,50,530,580,높음,0.9,10
회의실책상,330,250,580,높음,0.9,8
휴일근무수당계산,260,320,580,높음,0.9,3
갑상선암보험,130,450,580,높음,0.9,10
교통사고합의서,230,350,580,높음,0.9,10
고혈압진단비,120,460,580,높음,0.9,10
임플란트가격비교사이트,90,490,580,높음,0.9,10
코비염,90,490,580,높음,0.9,10
독감주사,100,480,580,높음,0.9,10
제주도이사비용,70,510,580,높음,0.9,10
누수소견서,250,330,580,높음,0.9,7
여름순면이불,80,500,580,높음,0.9,8
주택전기차충전기설치,130,450,580,중간,0.6,6
인견매트,90,490,580,높음,0.9,8
모달와플이불,70,510,580,높음,0.9,8
콜밴매매,90,490,580,높음,0.9,10
내중고차팔기,120,460,580,높음,0.9,10
중고차매매계약서,220,360,580,높음,0.9,10
스타일리스서큘레이터,30,550,580,높음,0.9,7
캠핑용써큘레이터,120,460,580,중간,0.6,8
차량용가습기,110,470,580,높음,0.9,8
프로스펙스스피드러쉬,160,420,580,높음,0.9,3
이동형냉풍기,160,420,580,높음,0.9,7
고프코어신발,70,510,580,높음,0.9,3
트렉로드,60,520,580,높음,0.9,3
골프채대여,110,470,580,높음,0.9,10
단조아이언,110,470,580,중간,0.6,8
밴큐모니터,150,430,580,중간,0.6,8
저소음적축키보드,300,280,580,중간,0.6,8
주연컴퓨터,190,390,580,중간,0.6,8
카드매출대출,130,450,580,높음,0.9,10
세금환급일,50,530,580,높음,0.9,3
부가세환급금,160,420,580,높음,0.9,3
종합소득세수정신고,280,300,580,중간,0.6,3
풍수재해보험,110,470,580,높음,0.9,10
내보험보장분석,150,430,580,높음,0.9,10
IH밥솥,350,230,580,높음,0.9,9
3평에어컨,70,510,580,높음,0.9,8
무인카페커피머신,120,460,580,높음,0.9,7
정수기교체,100,480,580,높음,0.9,10
커피머신캡슐,100,480,580,중간,0.6,8
업소용자동커피머신,110,470,580,높음,0.9,10
씽크대수전교체비용,50,530,580,높음,0.9,10
미세방충망시공,80,500,580,높음,0.9,10
철문도어락,140,440,580,높음,0.9,8
평택손세차,60,520,580,높음,0.9,9
블랙박스교체비용,80,500,580,높음,0.9,10
개인워크,120,450,570,높음,0.9,10
운전자보험조회,180,390,570,높음,0.9,10
자동차보험료비교견적,300,270,570,높음,0.9,10
치아보험교정,90,480,570,높음,0.9,10
벤처투자소득공제,210,360,570,높음,0.9,10
감정평가수수료,340,230,570,높음,0.9,10
자기주식취득,210,360,570,높음,0.9,10
등기전문법무사,100,470,570,높음,0.9,10
상속증여,170,400,570,높음,0.9,10
갱신기대권,360,210,570,높음,0.9,3
질병후유장해3%,110,460,570,높음,0.9,10
3D모델링프로그램,280,290,570,높음,0.9,10
인력개발원,290,280,570,낮음,0.3,0
국비학원,160,410,570,높음,0.9,10
전기과,120,450,570,높음,0.9,10
중소기업지원,400,170,570,높음,0.9,10
페업,130,440,570,낮음,0.3,0
신규상장주식,60,510,570,높음,0.9,10
채권형ETF,210,360,570,높음,0.9,7
일터혁신컨설팅,450,120,570,높음,0.9,10
중소기업벤처,430,140,570,높음,0.9,10
중소기업혜택,270,300,570,높음,0.9,3
ESCO,340,230,570,높음,0.9,10
분당자동차검사소,110,460,570,높음,0.9,9
자급제유심,110,460,570,높음,0.9,7
산업용로봇청소기,290,280,570,높음,0.9,10
핸드폰유심교체,100,470,570,높음,0.9,10
영상편집용노트북,170,400,570,높음,0.9,10
옷건조기,90,480,570,높음,0.9,10
습기제거식물,80,490,570,높음,0.9,8
통돌이세탁기12KG,130,440,570,중간,0.6,8
투싼차박,110,460,570,높음,0.9,10
6인용식세기,130,440,570,높음,0.9,8
감스트의자,190,380,570,낮음,0.3,2
진세노사이드함량,90,480,570,높음,0.9,8
세금공제,120,450,570,높음,0.9,10
강아지펫보험,90,480,570,높음,0.9,10
애매한,110,460,570,낮음,0.3,0
정형외과추천,60,510,570,높음,0.9,10
퇴행성목디스크,70,500,570,높음,0.9,10
전주이사,90,480,570,높음,0.9,10
짐맡기는곳,40,530,570,높음,0.9,10
순면여름이불,70,500,570,높음,0.9,8
누비지오냉감이불,50,520,570,높음,0.9,7
풍기인견여름이불,50,520,570,높음,0.9,7
경량운동화,100,470,570,높음,0.9,8
가습기필터,120,450,570,높음,0.9,8
무소음미니선풍기,100,470,570,높음,0.9,8
호카토르,110,460,570,높음,0.9,8
독일분유,80,490,570,중간,0.6,7
뽐뿌인터넷,180,390,570,높음,0.9,10
간이카시트,80,490,570,높음,0.9,3
화웨이스마트워치,120,450,570,중간,0.6,8
27인치게이밍모니터,230,340,570,중간,0.6,8
운동워치,90,480,570,높음,0.9,8
만보기시계,100,470,570,중간,0.6,8
15인치태블릿,140,430,570,중간,0.6,8
에코티,160,410,570,높음,0.9,3
건설전문변호사,110,460,570,높음,0.9,10
국민건강보험피부양자,200,370,570,중간,0.6,4
인덕션돌솥,70,500,570,높음,0.9,9
루펜음식물처리기,120,450,570,중간,0.6,8
32평에어컨,80,490,570,높음,0.9,7
도어클로저교체,80,490,570,높음,0.9,9
홈카페머신,80,490,570,높음,0.9,8
캡슐커피머신사용법,30,540,570,높음,0.9,10
현관카메라,120,450,570,중간,0.6,8
고구려방범방충망,100,470,570,높음,0.9,10
스테인레스방충망,60,510,570,높음,0.9,8
도어락여는법,30,540,570,높음,0.9,7
LOGHOME도어락,90,480,570,높음,0.9,10
도어락비밀번호,60,510,570,높음,0.9,9
파인뷰룸미러블랙박스,150,420,570,높음,0.9,9
차량용네비게이션,110,460,570,높음,0.9,8
후방카메라교체,70,500,570,높음,0.9,10
무서류주부대출,40,520,560,높음,0.9,10
외국계은행,90,470,560,중간,0.6,6
신용대출비교,190,370,560,높음,0.9,10
실비다이렉트,130,430,560,높음,0.9,10
24시대출,40,520,560,높음,0.9,10
부동산전문세무사,160,400,560,높음,0.9,10
등록세,220,340,560,중간,0.6,1
노무상담,220,340,560,높음,0.9,10
인건비신고,130,430,560,중간,0.6,8
심부름대행,50,510,560,높음,0.9,10
중년일자리,150,410,560,높음,0.9,10
직장내괴롭힘판단기준,160,400,560,높음,0.9,7
웹툰작가되는법,130,430,560,높음,0.9,10
자동차정비산업기사실기,170,390,560,높음,0.9,10
직업상담사2급교재,190,370,560,높음,0.9,9
사업자정책자금,180,380,560,높음,0.9,10
청년창업자금,210,350,560,높음,0.9,10
오피스텔대출한도,140,420,560,높음,0.9,10
월세매물,170,390,560,높음,0.9,10
미국주식주간거래,80,480,560,높음,0.9,7
풍력관련주,130,430,560,높음,0.9,9
펀드추천,210,350,560,높음,0.9,10
연금저축펀드IRP,180,380,560,높음,0.9,7
NPL투자,130,430,560,높음,0.9,10
사적연금,160,400,560,높음,0.9,10
가구폐기,120,440,560,높음,0.9,10
스티로폼단열재,160,400,560,중간,0.6,8
벌레살충제,100,460,560,높음,0.9,8
영등포자동차검사소,100,460,560,중간,0.6,7
병점자동차검사소,80,480,560,높음,0.9,9
거실바닥청소,70,490,560,높음,0.9,10
인터넷선설치,90,470,560,높음,0.9,10
타마로봇청소기,70,490,560,중간,0.6,4
스노웨이,180,380,560,높음,0.9,10
제습식물,80,480,560,높음,0.9,3
미니드럼세탁기,80,480,560,중간,0.6,8
삼성갤럭시북4프로,170,390,560,높음,0.9,7
파워뱅크추천,140,420,560,높음,0.9,10
답례품소금,90,470,560,중간,0.6,8
차박자충매트,120,440,560,중간,0.6,8
저렴한매트리스,20,540,560,높음,0.9,8
사업자세금,140,420,560,높음,0.9,9
버팀목전세대출연장,160,400,560,낮음,0.3,0
강아지보험비교,80,480,560,높음,0.9,10
출국후여행자보험,50,510,560,높음,0.9,10
여행자보험지연보상,80,480,560,높음,0.9,7
삼성화재간병비보험,200,360,560,중간,0.6,5
대전무릎병원,200,360,560,높음,0.9,10
파주장례식장,110,450,560,높음,0.9,7
레드이엔지,230,330,560,낮음,0.3,0
중고차거래사이트,80,480,560,높음,0.9,10
차량매매계약서,360,200,560,높음,0.9,10
소형서큘레이터,140,420,560,높음,0.9,7
공장실링팬,250,310,560,높음,0.9,7
가성비가습기,30,530,560,높음,0.9,8
유아트라이크,60,500,560,높음,0.9,7
미즈노프로아이언,100,460,560,높음,0.9,3
분유비교,60,500,560,높음,0.9,8
뷔어웨건,50,510,560,중간,0.6,3
BENQ모니터,180,380,560,중간,0.6,8
고용보험환급,180,380,560,높음,0.9,10
하자보증서,450,110,560,높음,0.9,10
2종보통운전면허,190,370,560,높음,0.9,10
벽걸이에어컨2대,80,480,560,높음,0.9,10
LG스탠드에어컨1등급,80,480,560,중간,0.6,7
카피탈리캡슐,100,460,560,중간,0.6,6
사무실음료,380,180,560,높음,0.9,10
전구교체,80,480,560,높음,0.9,10
화장실전구교체,30,530,560,높음,0.9,10
방충망샷시,100,460,560,높음,0.9,10
현관주름방충망,100,460,560,높음,0.9,8
상가도어락,120,440,560,중간,0.6,8
가성비블랙박스,180,380,560,중간,0.6,8
파인뷰LXQ500,130,430,560,높음,0.9,7
개인회생장기렌트카,440,110,550,높음,0.9,10
개인워크아웃신청,80,470,550,높음,0.9,10
4세대실손,170,380,550,높음,0.9,10
통합상해진단비,120,430,550,높음,0.9,7
아파트증여,130,420,550,높음,0.9,10
연금저축소득공제,190,360,550,높음,0.9,3
부정맥진단비,110,440,550,높음,0.9,7
취업상담,170,380,550,높음,0.9,10
만화그림,80,470,550,높음,0.9,10
만화애니메이션학과,160,390,550,높음,0.9,10
취업알선,220,330,550,높음,0.9,10
사업자대출금리,160,390,550,높음,0.9,10
기업평가,330,220,550,높음,0.9,10
회사대출,130,420,550,높음,0.9,10
라치오날오븐,150,400,550,중간,0.6,6
인천소상공인대출,120,430,550,높음,0.9,10
전세보증금반환소송,240,310,550,높음,0.9,10
공모주청약방법,100,450,550,높음,0.9,10
IRP통장,120,430,550,높음,0.9,7
퇴직연금수수료,270,280,550,높음,0.9,10
LEED,250,300,550,높음,0.9,10
자동차점검비용,90,460,550,높음,0.9,7
집모기퇴치,80,470,550,높음,0.9,7
신생아바닥매트,80,470,550,높음,0.9,10
물걸레청소,120,430,550,높음,0.9,9
SKT요금,270,280,550,높음,0.9,10
LG알뜰,220,330,550,높음,0.9,10
알뜰폰순위,240,310,550,높음,0.9,10
무선블루투스이어폰,120,430,550,중간,0.6,8
알뜰폰데이터무제한요금제,140,410,550,높음,0.9,10
바닥청소차,210,340,550,높음,0.9,10
고양이털공기청정기,70,480,550,높음,0.9,9
빨래제습기,60,490,550,높음,0.9,3
남성가디건,150,400,550,높음,0.9,10
캠핑용파라솔,100,450,550,높음,0.9,8
공부의자추천,110,440,550,높음,0.9,8
PC의자,220,330,550,높음,0.9,9
발받침의자,130,420,550,높음,0.9,9
어린이책상세트,70,480,550,높음,0.9,9
공유오피스창업,210,340,550,높음,0.9,10
개인사업자세금신고,140,410,550,높음,0.9,10
부산간병인,80,470,550,높음,0.9,10
가족간병보험,140,410,550,높음,0.9,10
오키나와여행자보험,170,380,550,높음,0.9,10
차량손해사정사,170,380,550,높음,0.9,10
9월달손없는날,20,530,550,높음,0.9,7
아파트청소업체,70,480,550,높음,0.9,10
30평도배비용,90,460,550,높음,0.9,10
과천입주청소,60,490,550,높음,0.9,10
사회초년생중고차,160,390,550,중간,0.6,8
체지방측정기,170,380,550,높음,0.9,8
나이키마라톤화,90,460,550,높음,0.9,10
골프채렌탈,100,450,550,높음,0.9,10
에이블캠퍼,40,510,550,중간,0.6,2
미즈노프로243,110,440,550,높음,0.9,3
부산가자낚시,140,410,550,낮음,0.3,2
회전형카시트,130,420,550,높음,0.9,9
특수분유,50,500,550,중간,0.6,7
자동차시트수리,90,460,550,높음,0.9,10
마우스키보드,290,260,550,중간,0.6,8
저렴한모니터,30,520,550,중간,0.6,8
LS32DM503EKXKR,180,370,550,높음,0.9,8
더블모니터,280,270,550,높음,0.9,8
삼성와이드모니터,250,300,550,중간,0.6,8
다솜이,130,420,550,중간,0.6,4
임대아파트대출,150,400,550,높음,0.9,10
분양계약서,170,380,550,높음,0.9,10
국세환급,130,420,550,높음,0.9,10
승강기보험,270,280,550,높음,0.9,10
오토바이종합보험,110,440,550,높음,0.9,10
고압청소기,150,400,550,높음,0.9,8
무설치에어컨,110,440,550,중간,0.6,7
음식물처리기대용량,90,460,550,중간,0.6,8
60대아빠선물,100,450,550,높음,0.9,10
에스프레소추출기,50,500,550,높음,0.9,8
비데필터교체,40,510,550,높음,0.9,10
테팔커피머신,100,450,550,중간,0.6,8
문앞CCTV,70,480,550,중간,0.6,8
창문방충망설치,80,470,550,높음,0.9,8
GP500R,90,460,550,높음,0.9,3
전기차이동형충전기,160,390,550,높음,0.9,8
벤츠블랙박스고장,50,500,550,높음,0.9,7
아이나비4채널블랙박스,140,410,550,높음,0.9,8
후방카메라수리,70,480,550,높음,0.9,10
TOPAZ,270,280,550,높음,0.9,9
빌라전기차충전기설치,140,410,550,높음,0.9,8
3금융,130,410,540,높음,0.9,10
아파트추가대출,300,240,540,높음,0.9,10
소액당일대출,60,480,540,높음,0.9,10
주택담보대출상담사,190,350,540,높음,0.9,10
개인회생후신용회복,80,460,540,높음,0.9,10
등록대부업체조회,200,340,540,높음,0.9,10
주유신용카드,130,410,540,높음,0.9,10
안검하수실비,70,470,540,높음,0.9,10
신용도조회,100,440,540,높음,0.9,10
카드가맹점대출,100,440,540,높음,0.9,10
AXA치아보험,170,370,540,낮음,0.3,2
주식증여신고,240,300,540,높음,0.9,3
주택증여세,80,460,540,높음,0.9,7
배우자증여,150,390,540,높음,0.9,10
상속세과세표준,160,380,540,중간,0.6,5
조세법,90,450,540,높음,0.9,10
단체협약,290,250,540,높음,0.9,7
임금체불진정서,300,240,540,높음,0.9,3
보험계약자,110,430,540,높음,0.9,10
백내장실비보험,50,490,540,높음,0.9,10
무료교육,250,290,540,높음,0.9,1
산업안전보건교육시간,370,170,540,높음,0.9,10
직장인저금리대출,80,460,540,높음,0.9,10
중소벤처정책자금센터,280,260,540,낮음,0.3,1
개인사업자직원등록,180,360,540,높음,0.9,10
매각결정기일,220,320,540,높음,0.9,3
부동산강제경매,200,340,540,높음,0.9,10
아파트분양권,140,400,540,높음,0.9,10
연금저축펀드증권사추천,150,390,540,높음,0.9,7
퇴직연금운용,190,350,540,높음,0.9,7
BOIL주가,20,520,540,중간,0.6,2
사업자등록번호찾기,360,180,540,중간,0.6,6
인터넷티비결합상품,90,450,540,높음,0.9,10
로봇청소기중고,80,460,540,높음,0.9,10
LG로봇청소기R9,80,460,540,높음,0.9,8
핸드폰지원금,90,450,540,높음,0.9,10
블루투스이어셋,150,390,540,높음,0.9,8
업소용빙수기계,130,410,540,높음,0.9,7
세탁기17KG,80,460,540,높음,0.9,9
캠핑가스,110,430,540,높음,0.9,8
매트리스더블사이즈,80,460,540,높음,0.9,8
차량용송풍기,100,440,540,높음,0.9,8
메쉬사무용의자,110,430,540,높음,0.9,8
허리보호의자,110,430,540,중간,0.6,8
메쉬게이밍의자,200,340,540,중간,0.6,8
즉시연금보험,90,450,540,높음,0.9,10
무단횡단교통사고,90,450,540,높음,0.9,10
운전면허재취득,70,470,540,높음,0.9,10
가상자산법,40,500,540,높음,0.9,7
제왕절개수술비보험,90,450,540,높음,0.9,7
오토바이사고합의금,90,450,540,높음,0.9,10
디지털임플란트,140,400,540,높음,0.9,10
디스크검사,220,320,540,높음,0.9,3
척추통증,70,470,540,높음,0.9,10
10월이사손없는날,70,470,540,높음,0.9,7
린나이콘덴싱보일러,90,450,540,중간,0.6,8
차박선풍기,70,470,540,높음,0.9,8
한일무소음선풍기,90,450,540,높음,0.9,3
큐브형멀티탭,170,370,540,높음,0.9,8
전기자전거종류,110,430,540,중간,0.6,7
LG인터넷티비,200,340,540,높음,0.9,10
L2스위치,320,220,540,중간,0.6,8
루미카시트,60,480,540,중간,0.6,2
에그Z,40,500,540,높음,0.9,8
기호성좋은사료,60,480,540,높음,0.9,8
수영스마트워치,90,450,540,높음,0.9,8
38인치모니터,240,300,540,높음,0.9,8
키즈폰워치,30,510,540,중간,0.6,8
벽걸이모니터,250,290,540,높음,0.9,8
블루투스키보드추천,110,430,540,높음,0.9,8
안드로이드태블릿,220,320,540,중간,0.6,8
갤럭시탭10.1,170,370,540,높음,0.9,8
아이패드미니셀룰러,160,380,540,높음,0.9,10
아이패드신형,70,470,540,높음,0.9,8
상가권리금계약서,230,310,540,높음,0.9,7
실비4세대,110,430,540,높음,0.9,7
근재보험가입,310,230,540,높음,0.9,10
미니진공청소기,90,450,540,중간,0.6,8
싱크대분쇄기,100,440,540,중간,0.6,8
가성비에어컨,130,410,540,높음,0.9,8
실외기없는이동식에어컨,130,410,540,높음,0.9,8
욕실타일보수,90,450,540,높음,0.9,10
욕실리모델링가격,80,460,540,높음,0.9,8
국산커피머신,20,520,540,높음,0.9,10
업소용에스프레소머신,120,420,540,높음,0.9,8
전자레인지에어프라이어겸용,180,360,540,높음,0.9,7
아이방블라인드,90,450,540,중간,0.6,8
베란다방충망교체,50,490,540,높음,0.9,10
모기방충망,70,470,540,중간,0.6,8
유리문잠금장치,170,370,540,높음,0.9,8
2금융권주택담보대출,140,390,530,높음,0.9,10
개인회생미납,110,420,530,높음,0.9,10
개인회생자소액대출,50,480,530,높음,0.9,10
모바일소액대출,100,430,530,높음,0.9,10
실손의료비보험,120,410,530,높음,0.9,10
종합소득세계산,290,240,530,높음,0.9,10
물리치료보험,80,450,530,높음,0.9,3
부가세신고대행,190,340,530,높음,0.9,10
세금환급신청,100,430,530,높음,0.9,10
국세청세무상담,150,380,530,중간,0.6,2
다이렉트건강보험,140,390,530,높음,0.9,10
화물배송,160,370,530,높음,0.9,10
고용계약서양식,310,220,530,중간,0.6,8
일본취업사이트,190,340,530,높음,0.9,10
개인사업자정부지원금,160,370,530,높음,0.9,7
연체자비상금대출,50,480,530,높음,0.9,10
당구장창업,150,380,530,높음,0.9,10
기획부동산사기,130,400,530,높음,0.9,10
임차권등기설정,200,330,530,높음,0.9,10
부동산법률상담,290,240,530,높음,0.9,10
개인연금세액공제,150,380,530,높음,0.9,3
연말정산환급,200,330,530,높음,0.9,10
층간소음롤매트,130,400,530,높음,0.9,9
쓰레기수거업체,130,400,530,높음,0.9,10
PC이어폰,300,230,530,높음,0.9,9
캠핑의자1+1,140,390,530,높음,0.9,9
캠핑용품브랜드,150,380,530,높음,0.9,10
식기세척기카운터탑,100,430,530,높음,0.9,8
키즈의자,80,450,530,높음,0.9,8
초등책상의자,50,480,530,높음,0.9,9
컴파운드K,40,490,530,중간,0.6,7
초등학생책상의자,80,450,530,높음,0.9,8
푹신한의자,110,420,530,높음,0.9,9
더루트알지쓰리효능,60,470,530,중간,0.6,3
변호,80,450,530,높음,0.9,10
신축빌라전세,120,410,530,높음,0.9,9
갱신형보험,100,430,530,높음,0.9,10
아기간병인보험,50,480,530,높음,0.9,7
생명보험사순위,190,340,530,높음,0.9,10
교통사고합의금후기,80,450,530,높음,0.9,3
어린이간병보험,170,360,530,높음,0.9,7
운전면허취소,160,370,530,높음,0.9,10
아기비염,70,460,530,높음,0.9,10
콧물감기,110,420,530,높음,0.9,3
꽃가루알레르기,110,420,530,높음,0.9,10
목디스크검사,110,420,530,높음,0.9,10
요추디스크,130,400,530,높음,0.9,10
서울심장내과,100,430,530,높음,0.9,10
바닥타일시공,120,410,530,높음,0.9,10
노원구입주청소,410,120,530,높음,0.9,10
쿨토퍼,70,460,530,높음,0.9,8
싱글이불,100,430,530,중간,0.6,8
BLDC모터선풍기,130,400,530,높음,0.9,8
국산가습기,20,510,530,높음,0.9,8
경량트레킹화,120,410,530,중간,0.6,8
일본골프용품,60,470,530,높음,0.9,10
4살자전거,50,480,530,높음,0.9,8
낚시반팔티,80,450,530,높음,0.9,7
네꼬리그,100,430,530,높음,0.9,3
맥시코시카브리오픽스,50,480,530,중간,0.6,4
퍼피사료추천,80,450,530,높음,0.9,8
블루투스키보드마우스,300,230,530,중간,0.6,8
게이밍모니터27인치,150,380,530,높음,0.9,8
갤럭시탭비교,140,390,530,높음,0.9,3
부동산계약,230,300,530,높음,0.9,10
사업소득계산기,450,80,530,낮음,0.3,0
고용보험사이트,380,150,530,높음,0.9,3
휴대폰분실보험,90,440,530,높음,0.9,10
2종보통면허,120,410,530,높음,0.9,10
LG전자창문형에어컨,140,390,530,높음,0.9,7
에소프레소머신,80,450,530,높음,0.9,7
커피자동머신,110,420,530,중간,0.6,8
집앞CCTV,70,460,530,높음,0.9,10
LED면조명,190,340,530,중간,0.6,8
가정용현관CCTV,90,440,530,중간,0.6,8
방충망닷컴,160,370,530,중간,0.6,4
에어컨실외기방충망,60,470,530,높음,0.9,7
찍찍이방충망,90,440,530,높음,0.9,8
도어락비번분실,40,490,530,높음,0.9,10
한국타이어할인,90,440,530,높음,0.9,9
목포세차장,40,490,530,중간,0.6,8
치아보험청구서류,100,420,520,높음,0.9,7
과세전적부심사,250,270,520,높음,0.9,10
내일배움카드종류,120,400,520,높음,0.9,7
쿠팡대출,110,410,520,중간,0.6,4
임대사업자대출,150,370,520,높음,0.9,10
대전전세사기,150,370,520,높음,0.9,7
삼성증권ETF,210,310,520,낮음,0.3,2
개인연금계산기,140,380,520,높음,0.9,10
코인ETF,130,390,520,높음,0.9,3
퇴직연금투자,150,370,520,높음,0.9,3
적립식투자,140,380,520,중간,0.6,5
코덱스주가,80,440,520,중간,0.6,1
폐자재,170,350,520,높음,0.9,10
초음파벌레퇴치기,80,440,520,높음,0.9,8
침구진드기,30,490,520,높음,0.9,3
인천자동차검사,220,300,520,높음,0.9,10
알뜰유심칩,90,430,520,높음,0.9,8
KCTV인터넷,60,460,520,높음,0.9,10
KTWIFI,90,430,520,높음,0.9,10
알뜰폰LG,150,370,520,높음,0.9,10
업소용건조기,140,380,520,높음,0.9,10
경량노트북,150,370,520,높음,0.9,9
제습기설치,90,430,520,높음,0.9,7
세탁기일체형,100,420,520,중간,0.6,7
옷장용제습제,90,430,520,중간,0.6,8
NT371B5L,160,360,520,높음,0.9,8
낚시용파라솔,80,440,520,높음,0.9,8
캠핑사이트,120,400,520,높음,0.9,10
데스크의자,220,300,520,중간,0.6,8
편안한사무용의자,240,280,520,높음,0.9,10
저렴한의자,30,490,520,높음,0.9,10
홍삼은단,140,380,520,높음,0.9,8
직급체계,210,310,520,중간,0.6,2
세무기장료,150,370,520,높음,0.9,10
해외여행보험비교,150,370,520,높음,0.9,10
장기노인요양보험,240,280,520,높음,0.9,3
음주운전처벌기준,180,340,520,높음,0.9,10
목디스크명의,90,430,520,낮음,0.3,0
구강호흡,70,450,520,높음,0.9,8
일자목치료,100,420,520,높음,0.9,10
서산입주청소,170,350,520,높음,0.9,10
차량견적,150,370,520,높음,0.9,10
정확한체중계,90,430,520,높음,0.9,8
발편한실내화,70,450,520,높음,0.9,8
맞춤신발,80,440,520,높음,0.9,10
자연기화식가습기,150,370,520,높음,0.9,9
나이키매쉬운동화,50,470,520,높음,0.9,8
가벼운등산화,100,420,520,높음,0.9,8
전기자전거밧데리,50,470,520,높음,0.9,10
전동킥보드매장,40,480,520,높음,0.9,10
코오롱운동화,50,470,520,높음,0.9,10
베이비하우스동래,30,490,520,중간,0.6,1
미즈노골프채풀세트,80,440,520,중간,0.6,8
라우터요금제,120,400,520,높음,0.9,10
강아지통조림,70,450,520,높음,0.9,8
덴마크산양우유,70,450,520,중간,0.6,6
캐릭터마우스,160,360,520,높음,0.9,8
재산종합보험,400,120,520,높음,0.9,10
롯데화재보험,170,350,520,높음,0.9,10
한국보증보험,330,190,520,중간,0.6,1
2종면허,40,480,520,높음,0.9,10
창문형에어컨비교,160,360,520,높음,0.9,8
자취선물,90,430,520,높음,0.9,10
원두머신,110,410,520,높음,0.9,8
보나파르트,90,430,520,높음,0.9,3
밴딩머신,210,310,520,중간,0.6,8
LED조명교체,110,410,520,높음,0.9,8
LED거실등교체,100,420,520,높음,0.9,8
방진망,320,200,520,높음,0.9,8
도어락종류,120,400,520,높음,0.9,10
EVERNET도어락,90,430,520,중간,0.6,8
BMW순정블랙박스,120,400,520,높음,0.9,7
개인회생자격,210,300,510,높음,0.9,10
일반주택담보대출,130,380,510,높음,0.9,10
직장인대환대출,100,410,510,높음,0.9,10
실비보험치과,60,450,510,높음,0.9,10
삼성화재단기운전자보험,50,460,510,중간,0.6,4
상속세절세,70,440,510,높음,0.9,10
연금소득공제,180,330,510,높음,0.9,10
똑쟁아기그림책,70,440,510,높음,0.9,3
5억아파트증여세,70,440,510,중간,0.6,2
양도소득세필요경비,180,330,510,높음,0.9,7
고혈압보험,130,380,510,높음,0.9,10
대구변호사협회,200,310,510,높음,0.9,7
일터혁신,450,60,510,중간,0.6,4
개인사업자대환대출,110,400,510,높음,0.9,10
한국중소기업비즈니스센터,200,310,510,중간,0.6,6
국민은행소상공인대출,100,410,510,중간,0.6,8
경매취하,180,330,510,높음,0.9,10
상가원상복구,220,290,510,높음,0.9,10
경형전기차,170,340,510,높음,0.9,10
봉고전기차,130,380,510,높음,0.9,10
주식하는방법,150,360,510,높음,0.9,10
교육환경평가,370,140,510,낮음,0.3,0
스마트워치요금제,110,400,510,높음,0.9,9
인터넷KT,110,400,510,높음,0.9,10
와이파이설치비용,30,480,510,높음,0.9,10
알뜰폰5G,100,410,510,높음,0.9,10
음질좋은이어폰,100,410,510,높음,0.9,8
가족결합,120,390,510,높음,0.9,9
비스포크공기청정기,70,440,510,높음,0.9,8
윈도우노트북,200,310,510,중간,0.6,8
프리도스노트북,80,430,510,높음,0.9,8
중고전자제품,90,420,510,높음,0.9,10
건조기5KG,100,410,510,중간,0.6,8
9KG건조기,110,400,510,중간,0.6,8
어버이날선물,150,360,510,높음,0.9,10
튼튼한의자,190,320,510,높음,0.9,9
척추의자,130,380,510,중간,0.6,8
홍삼진세노사이드,60,450,510,높음,0.9,9
초등책상추천,50,460,510,중간,0.6,8
법인세과세표준,350,160,510,높음,0.9,3
팻보험,50,460,510,높음,0.9,10
간병보험비교,110,400,510,높음,0.9,10
10대중과실,90,420,510,높음,0.9,10
보복운전합의금,70,440,510,높음,0.9,7
음주취소벌금,60,450,510,높음,0.9,10
허리통증한의원,100,410,510,높음,0.9,10
산재전문노무사,180,330,510,높음,0.9,10
알레르기비염수술,210,300,510,높음,0.9,10
척추명의,70,440,510,낮음,0.3,0
발산정형외과,100,410,510,중간,0.6,6
굽은등교정,80,430,510,높음,0.9,8
이사비교견적,170,340,510,높음,0.9,10
암검진,110,400,510,높음,0.9,10
대구이사짐센터,90,420,510,높음,0.9,10
라식후기,80,430,510,높음,0.9,10
연탄보일러,200,310,510,높음,0.9,10
냉감침구,110,400,510,높음,0.9,7
시어커서이불,70,440,510,높음,0.9,7
모달침구세트,60,450,510,높음,0.9,7
무소음선풍기추천,130,380,510,높음,0.9,8
마라톤화추천,80,430,510,높음,0.9,10
오븐온도계,130,380,510,높음,0.9,8
보이러,220,290,510,높음,0.9,8
2인용전기장판,70,440,510,높음,0.9,8
체지방측정,90,420,510,높음,0.9,8
카타나드라이버,80,430,510,높음,0.9,8
자전거출장수리,90,420,510,높음,0.9,10
아이언추천,170,340,510,중간,0.6,8
ARUBA,220,290,510,높음,0.9,10
스완두,90,420,510,높음,0.9,3
마우스키보드세트,290,220,510,높음,0.9,9
펭카스마트워치,70,440,510,높음,0.9,3
모니터27,230,280,510,중간,0.6,8
키즈와치폰,60,450,510,높음,0.9,8
삼성비즈니스TV,120,390,510,높음,0.9,10
AI돌봄로봇,150,360,510,중간,0.6,7
모텔담보대출,230,280,510,높음,0.9,7
주택담보대환대출,140,370,510,높음,0.9,10
회계장부,210,300,510,높음,0.9,8
종합소득세기한후신고환급,120,390,510,높음,0.9,3
보험가입내역조회서비스,410,100,510,높음,0.9,7
비과세저축보험,110,400,510,높음,0.9,10
승강기사고배상책임보험,350,160,510,높음,0.9,9
현황측량,330,180,510,높음,0.9,9
전기밥통,80,430,510,높음,0.9,8
벽걸이에어컨20평,80,430,510,높음,0.9,8
에어컨렌트,80,430,510,높음,0.9,10
싱크대호수교체,50,460,510,높음,0.9,10
가정용자동커피머신,80,430,510,높음,0.9,9
욕실샤워기수전교체,80,430,510,중간,0.6,8
촘촘망,150,360,510,높음,0.9,8
현대자동차키,70,440,510,높음,0.9,8
카드키도어락,40,470,510,중간,0.6,8
형광등LED교체,110,400,510,높음,0.9,10
아파트현관문방충망,60,450,510,높음,0.9,7
게이트맨GP-500R,130,380,510,높음,0.9,7
그랜드스타렉스타이어,70,440,510,높음,0.9,10
블랙박스3채널,130,380,510,높음,0.9,9
5채널블랙박스,90,420,510,중간,0.6,8
광주블랙박스,90,420,510,높음,0.9,10
기대출과다자추가대출,100,400,500,높음,0.9,10
개인회생폐지후재신청,90,410,500,높음,0.9,10
빚청산,160,340,500,높음,0.9,10
50만원소액대출,50,450,500,높음,0.9,10
대출이자계산법,80,420,500,높음,0.9,10
실비보험가격,90,410,500,높음,0.9,10
운전자보험청구서류,60,440,500,높음,0.9,7
운전자보험필수,130,370,500,높음,0.9,10
납세자,110,390,500,낮음,0.3,0
상속세납부기한,150,350,500,중간,0.6,8
근로장려금금액기준,80,420,500,높음,0.9,3
자동차산업기사,120,380,500,높음,0.9,10
국비무료교육,170,330,500,높음,0.9,10
부동산법무사,110,390,500,높음,0.9,10
임차권등기명령기간,140,360,500,중간,0.6,8
투룸전세,80,420,500,높음,0.9,10
IPO일정,210,290,500,높음,0.9,10
세무회계사무소,150,350,500,높음,0.9,10
TCB,220,280,500,높음,0.9,10
화장실모기,70,430,500,높음,0.9,3
자동차검사일,150,350,500,높음,0.9,3
스포츠이어폰,90,410,500,중간,0.6,8
인터넷개통,130,370,500,높음,0.9,10
U+알뜰폰,230,270,500,높음,0.9,10
블루투스무선이어폰,200,300,500,중간,0.6,8
알뜰폰대리점,110,390,500,높음,0.9,10
신생아공기청정기,80,420,500,높음,0.9,8
집안습기제거,70,430,500,높음,0.9,7
작은세탁기,60,440,500,높음,0.9,8
붙박이장곰팡이,60,440,500,높음,0.9,10
초보캠핑,110,390,500,높음,0.9,10
캠핑매장,40,460,500,높음,0.9,10
12인용식기세척기,90,410,500,높음,0.9,8
정관장선물,130,370,500,높음,0.9,10
의자높이,220,280,500,높음,0.9,10
사무용메쉬의자,140,360,500,높음,0.9,9
홍삼즙,70,430,500,높음,0.9,9
진생베리,80,420,500,높음,0.9,9
연말정산간소화서비스,350,150,500,중간,0.6,2
법인세신고,310,190,500,높음,0.9,3
강릉법무사,110,390,500,높음,0.9,10
미국세금,140,360,500,높음,0.9,10
노란우산가입방법,70,430,500,중간,0.6,6
신한EZ여행자보험,120,380,500,낮음,0.3,1
간병비용,70,430,500,높음,0.9,10
종신보험추천,90,410,500,높음,0.9,10
종신형연금보험,140,360,500,높음,0.9,10
신호위반사고,100,400,500,높음,0.9,10
비염병원,60,440,500,높음,0.9,10
만성비염치료,120,380,500,높음,0.9,10
천식에좋은차,70,430,500,높음,0.9,10
간기능검사병원,50,450,500,높음,0.9,3
부산갑상선명의,70,430,500,낮음,0.3,0
난시라식,70,430,500,높음,0.9,10
5톤포장이사비용,70,430,500,높음,0.9,10
기능의학검사,110,390,500,높음,0.9,10
누수감지센서,220,280,500,높음,0.9,10
귀뚜라미가스보일러,120,380,500,높음,0.9,8
속초입주청소,150,350,500,높음,0.9,10
과금형충전기,100,400,500,중간,0.6,6
여름용이불,100,400,500,높음,0.9,8
전기차충전요금할인,80,420,500,높음,0.9,3
아이스이불,40,460,500,높음,0.9,7
퀸이불세트,100,400,500,높음,0.9,9
쿨매트리스,80,420,500,높음,0.9,8
무소음무선선풍기,80,420,500,높음,0.9,7
오솔라이트,160,340,500,높음,0.9,8
편안한신발,100,400,500,높음,0.9,10
전동킥보드추천,100,400,500,중간,0.6,8
여자캐디백,70,430,500,높음,0.9,8
JPXS30,140,360,500,높음,0.9,7
골프공선물세트,140,360,500,높음,0.9,10
수입분유,90,410,500,높음,0.9,8
AX1500,160,340,500,중간,0.6,6
쥴즈,70,430,500,중간,0.6,1
초등학생워치폰,70,430,500,높음,0.9,8
종합소득세확정신고,170,330,500,높음,0.9,7
보험분석,160,340,500,높음,0.9,10
개인사업자산재보험,100,400,500,높음,0.9,3
스마트폰보험,110,390,500,높음,0.9,10
재정보증보험,400,100,500,낮음,0.3,2
신원보증보험증권발급,340,160,500,낮음,0.3,1
오토바이배달보험,60,440,500,높음,0.9,10
자취방청소기,110,390,500,높음,0.9,9
벽걸이냉난방에어컨,110,390,500,높음,0.9,8
4인용밥솥,100,400,500,높음,0.9,8
부모님생일선물,120,380,500,높음,0.9,10
장인어른선물,130,370,500,높음,0.9,10
70대할머니선물,50,450,500,높음,0.9,8
16평에어컨,70,430,500,중간,0.6,8
정수기렌트,130,370,500,높음,0.9,10
대용량커피머신,10,490,500,높음,0.9,8
저렴한커피머신,10,490,500,높음,0.9,8
캡슐커피머신호환,90,410,500,높음,0.9,8
강화유리문도어락,170,330,500,높음,0.9,8
라맥스,150,350,500,중간,0.6,4
홈쇼핑블랙박스,80,420,500,높음,0.9,10
블랙박스장착,100,400,500,높음,0.9,8
에코파워캡,80,420,500,중간,0.6,4
포항개인회생,260,230,490,높음,0.9,10
한문철보험,90,400,490,중간,0.6,6
형사합의금,80,410,490,높음,0.9,10
크라운치료가격,60,430,490,높음,0.9,10
유산상속비율,60,430,490,높음,0.9,10
등기신청,180,310,490,높음,0.9,10
법인사업자폐업신고,230,260,490,높음,0.9,3
영업권,240,250,490,중간,0.6,8
개인퇴직연금,150,340,490,높음,0.9,10
수급자격신청자온라인교육,120,370,490,높음,0.9,3
직장인투잡알바,170,320,490,높음,0.9,10
실업급여신청시필요서류,120,370,490,중간,0.6,2
노무사사무실,150,340,490,높음,0.9,10
반도체소자,190,300,490,높음,0.9,9
안전관리자채용,220,270,490,높음,0.9,10
웹툰플랫폼,100,390,490,높음,0.9,9
건축자격증,150,340,490,높음,0.9,10
고등학교위탁교육,160,330,490,높음,0.9,10
소상공인정부지원금,150,340,490,높음,0.9,10
청년사업자금대출,120,370,490,높음,0.9,3
시설자금대출,210,280,490,높음,0.9,10
소상공인창업자금,110,380,490,높음,0.9,10
조각투자,300,190,490,높음,0.9,10
부동산공매,240,250,490,높음,0.9,10
기아레이전기차,110,380,490,높음,0.9,7
아파트직거래,130,360,490,높음,0.9,10
사업자등록증주소변경,320,170,490,높음,0.9,10
주식가격,90,400,490,높음,0.9,10
적산전력계,270,220,490,높음,0.9,10
모기퇴치기추천,100,390,490,높음,0.9,8
연무소독기,150,340,490,높음,0.9,10
가정용살충제,80,410,490,높음,0.9,8
자동차검진,100,390,490,높음,0.9,3
나방퇴치,60,430,490,높음,0.9,8
기가와이파이,120,370,490,중간,0.6,8
지니TV요금제,60,430,490,높음,0.9,7
로봇청소기브랜드,140,350,490,높음,0.9,7
자급제통신사,130,360,490,높음,0.9,9
온습도센서,310,180,490,높음,0.9,10
전기건조기,60,430,490,높음,0.9,8
HP프린터수리,170,320,490,높음,0.9,10
산업용습식청소기,200,290,490,높음,0.9,8
필립스정수기,140,350,490,높음,0.9,7
차박쉘터,100,390,490,중간,0.6,8
발효홍삼,90,400,490,중간,0.6,8
메쉬컴퓨터의자,240,250,490,중간,0.6,7
려원담,100,390,490,중간,0.6,6
궐석재판,90,400,490,높음,0.9,3
연습면허보험,40,450,490,높음,0.9,10
토스여행자보험,160,330,490,낮음,0.3,2
라이나생명간병보험,70,420,490,중간,0.6,6
무면허처벌,50,440,490,높음,0.9,10
천식초기증상,90,400,490,높음,0.9,3
수액치료,120,370,490,높음,0.9,10
김포이사,120,370,490,높음,0.9,10
라섹재수술,130,360,490,높음,0.9,10
보관이사견적,150,340,490,높음,0.9,10
대성보일러AS,40,450,490,높음,0.9,10
오피스텔입주청소,120,370,490,높음,0.9,10
운정입주청소,30,460,490,높음,0.9,10
전기차충전소설치,190,300,490,높음,0.9,10
뱀부이불,50,440,490,높음,0.9,8
무엽선풍기,100,390,490,높음,0.9,7
선풍기타이머,90,400,490,높음,0.9,10
캠핑용선풍기추천,80,410,490,높음,0.9,8
벤타에어워셔,110,380,490,높음,0.9,8
아식스러닝화추천,110,380,490,높음,0.9,8
아타스샤프트,110,380,490,중간,0.6,8
프리미엄유모차,60,430,490,높음,0.9,8
육아용품매장,40,450,490,높음,0.9,7
중급자아이언추천,110,380,490,높음,0.9,7
다이와낚시조끼,60,430,490,높음,0.9,8
와이파이공유기설치,100,390,490,높음,0.9,10
기저귀브랜드,90,400,490,높음,0.9,8
차량용시트,90,400,490,중간,0.6,8
분유가격,70,420,490,높음,0.9,8
골든저지2단계,10,480,490,중간,0.6,4
가민에픽스프로,90,400,490,중간,0.6,5
아이패드4세대에어,70,420,490,높음,0.9,8
갤럭시탭리퍼,90,400,490,높음,0.9,10
수급자대출,100,390,490,높음,0.9,10
공유물분할,270,220,490,높음,0.9,10
부가세경정청구,300,190,490,높음,0.9,7
홈택스경정청구,300,190,490,높음,0.9,7
종합소득세카드납부,170,320,490,높음,0.9,3
북광주자동차검사소,100,390,490,높음,0.9,3
1종운전면허,110,380,490,높음,0.9,10
가정용분쇄기,80,410,490,높음,0.9,8
1인가구음식물처리기,130,360,490,높음,0.9,7
어른들선물,70,420,490,높음,0.9,10
25평형에어컨,80,410,490,높음,0.9,10
자취방에어컨,80,410,490,높음,0.9,8
욕실수전교체비용,70,420,490,높음,0.9,10
정수기가격비교,100,390,490,높음,0.9,10
정수기렌탈지원금,150,340,490,높음,0.9,10
절수샤워기,120,370,490,중간,0.6,8
에어프라이기오븐,100,390,490,높음,0.9,9
LED조명기구,120,370,490,높음,0.9,10
샷시방충망,90,400,490,높음,0.9,10
현관문도어락가격,30,460,490,높음,0.9,10
샷시도어락,130,360,490,높음,0.9,9
진성방충망,80,410,490,높음,0.9,9
도어락잠김,40,450,490,높음,0.9,10
4K블랙박스,150,340,490,높음,0.9,10
딥플라이,220,270,490,중간,0.6,4
카드값연체,100,380,480,높음,0.9,10
생활비카드,160,320,480,높음,0.9,10
플러스론,80,400,480,낮음,0.3,1
주담대생활안정자금,80,400,480,높음,0.9,7
암보험가입,160,320,480,높음,0.9,10
갑상선암진단비,100,380,480,높음,0.9,10
연말정산연금저축,150,330,480,높음,0.9,10
유산상속,90,390,480,높음,0.9,10
간이과세자부가가치세,170,310,480,높음,0.9,3
50대여성일자리,100,380,480,중간,0.6,8
안전보건관리체계구축,360,120,480,높음,0.9,7
재취업,160,320,480,높음,0.9,10
국가지원교육,150,330,480,높음,0.9,10
고용노동부교육,300,180,480,높음,0.9,10
소형캠핑카,70,410,480,높음,0.9,10
투자자문사,170,310,480,높음,0.9,10
송도세무사,320,160,480,높음,0.9,10
연금저축펀드가입방법,100,380,480,높음,0.9,7
부동산리츠,200,280,480,높음,0.9,10
음식물수거,80,400,480,높음,0.9,10
건축물에너지효율등급,390,90,480,높음,0.9,7
모기퇴치방법,60,420,480,높음,0.9,7
캠핑용모기퇴치기,100,380,480,높음,0.9,8
해충포집기,160,320,480,높음,0.9,8
람다킬,150,330,480,중간,0.6,5
벌레퇴치기계,110,370,480,중간,0.6,8
섶벌레퇴치,40,440,480,높음,0.9,7
유심카드,90,390,480,높음,0.9,10
휴대폰요금제변경,60,420,480,높음,0.9,10
DCE100N,250,230,480,높음,0.9,9
LTE요금제,120,360,480,높음,0.9,10
알뜰폰신규가입,130,350,480,높음,0.9,10
핸드폰번호이동,130,350,480,높음,0.9,10
휴대폰요금,100,380,480,높음,0.9,10
데이터요금제,60,420,480,높음,0.9,10
먼지제거기,130,350,480,높음,0.9,9
노트북14인치,130,350,480,중간,0.6,8
소형노트북,140,340,480,높음,0.9,8
LG제습기추천,130,350,480,높음,0.9,7
안마의자순위,100,380,480,높음,0.9,10
캠핑샤워,90,390,480,높음,0.9,8
경량화로대,100,380,480,높음,0.9,8
슈퍼싱글매트리스추천,90,390,480,높음,0.9,9
임대보증보험,160,320,480,높음,0.9,3
남자간병인,60,420,480,높음,0.9,10
여행자보험항공기지연보상,90,390,480,중간,0.6,6
한화손해보험간병보험,120,360,480,높음,0.9,7
한화손해보험간병비보험,80,400,480,중간,0.6,7
음주운전면허정지벌금,60,420,480,높음,0.9,10
알레르기성비염약,120,360,480,높음,0.9,3
코건조,80,400,480,높음,0.9,10
치아임플란트,60,420,480,높음,0.9,7
배농치료,80,400,480,높음,0.9,10
검단사거리정형외과,70,410,480,높음,0.9,3
철산동내과,70,410,480,높음,0.9,3
종합건강검진가격,70,410,480,높음,0.9,10
시력교정안경,70,410,480,높음,0.9,8
24평입주청소비용,100,380,480,높음,0.9,10
중랑구입주청소,120,360,480,높음,0.9,10
부산이사청소,150,330,480,높음,0.9,10
여름침대시트,50,430,480,높음,0.9,7
여름차렵이불세트,100,380,480,높음,0.9,8
마이불,50,430,480,높음,0.9,3
에어뮤즈,70,410,480,중간,0.6,5
한일리모컨선풍기,50,430,480,높음,0.9,7
움푹다운라이트,180,300,480,중간,0.6,7
아식스메타스피드스카이,60,420,480,중간,0.6,8
시타채,130,350,480,높음,0.9,10
피나넬로,60,420,480,낮음,0.3,2
남성캐디백,110,370,480,높음,0.9,9
여성경량캐디백,50,430,480,높음,0.9,8
캠핑텐트추천,90,390,480,높음,0.9,8
반려견사료,120,360,480,높음,0.9,10
인터넷와이파이,70,410,480,높음,0.9,10
기가공유기,210,270,480,중간,0.6,8
강아지캔사료,60,420,480,높음,0.9,8
두산굴삭기,170,310,480,높음,0.9,10
건물담보대출,120,360,480,높음,0.9,10
영업이익계산,290,190,480,높음,0.9,3
화재보험다이렉트,160,320,480,높음,0.9,9
1인에어컨,70,410,480,높음,0.9,3
음식물미생물처리기,90,390,480,중간,0.6,8
음식물처리기종류,110,370,480,높음,0.9,9
인싱크,110,370,480,중간,0.6,8
칠순잔치선물,110,370,480,높음,0.9,10
사무실커피머신렌탈,280,200,480,높음,0.9,10
CAFO-C1810EDG,130,350,480,높음,0.9,3
샤워기수전교체비용,80,400,480,높음,0.9,10
조명업체,160,320,480,높음,0.9,10
윈가드방충망,70,410,480,높음,0.9,10
원격도어락,100,380,480,중간,0.6,8
자동차블랙박스추천,130,350,480,높음,0.9,10
아이나비V500,150,330,480,중간,0.6,8
전기차주차장,130,350,480,중간,0.6,7
HUD설치,100,380,480,높음,0.9,9
3금융권,100,370,470,높음,0.9,10
개인회생인가,120,350,470,높음,0.9,10
회생신청,140,330,470,높음,0.9,10
파산절차,120,350,470,높음,0.9,10
개인회생면책후,50,420,470,높음,0.9,10
수협주택담보대출,120,350,470,높음,0.9,10
실손보험실비보험,90,380,470,높음,0.9,7
암보험금,150,320,470,높음,0.9,10
치아보험임플란트보장,70,400,470,높음,0.9,10
단기운전자특약,60,410,470,높음,0.9,10
양도소득세비과세,150,320,470,높음,0.9,3
상속세인적공제,150,320,470,높음,0.9,3
법인공인인증서,390,80,470,높음,0.9,10
보험어플,70,400,470,높음,0.9,10
개인연금IRP,130,340,470,높음,0.9,10
재택부업추천,120,350,470,높음,0.9,10
퇴근후부업,170,300,470,높음,0.9,10
수습기간근로계약서,160,310,470,높음,0.9,7
의정부노동청,90,380,470,중간,0.6,4
3대질병보험,110,360,470,높음,0.9,10
취업규칙개정,390,80,470,중간,0.6,4
대학생취업,130,340,470,높음,0.9,10
내배카,170,300,470,높음,0.9,10
전기공사기능사,160,310,470,중간,0.6,6
소상공인창업자금대출,100,370,470,높음,0.9,10
화훼장식산업기사,90,380,470,높음,0.9,10
보증재단,250,220,470,중간,0.6,8
전기차할부,80,390,470,높음,0.9,9
아파트계약취소,60,410,470,높음,0.9,7
법인주소변경,320,150,470,높음,0.9,10
연금저축증권사추천,120,350,470,높음,0.9,7
종신연금,110,360,470,높음,0.9,10
녹색기술인증,410,60,470,높음,0.9,10
방음보드,190,280,470,중간,0.6,8
바퀴벌레퇴치업체,40,430,470,높음,0.9,10
미생물처리기,120,350,470,높음,0.9,8
차량점검비용,80,390,470,중간,0.6,6
자동차정기검진,120,350,470,높음,0.9,3
초파리전기채,70,400,470,높음,0.9,7
휴대폰교체,100,370,470,높음,0.9,10
2IN1노트북,170,300,470,높음,0.9,8
건조기20KG,80,390,470,높음,0.9,8
세탁기13KG,90,380,470,높음,0.9,8
한일미니건조기,80,390,470,중간,0.6,8
삼성리퍼노트북,120,350,470,높음,0.9,9
매트리스대여,70,400,470,높음,0.9,10
자충매트추천,120,350,470,높음,0.9,10
에스콰이아가방,50,420,470,높음,0.9,8
캠핑세트,130,340,470,높음,0.9,8
국세청상담센터,140,330,470,중간,0.6,2
간호간병서비스,70,400,470,중간,0.6,6
요양병원보험,70,400,470,높음,0.9,10
영업용화물차보험,40,430,470,높음,0.9,10
노인장기요양보험제도,190,280,470,높음,0.9,7
뼈이식임플란트,110,360,470,높음,0.9,10
치과임플란트가격,20,450,470,높음,0.9,7
하루임플란트,40,430,470,높음,0.9,7
임플란트보철,70,400,470,높음,0.9,10
치과수면치료,50,420,470,높음,0.9,10
포장이사업체추천,130,340,470,높음,0.9,10
시력교정,70,400,470,높음,0.9,10
누수감지기,210,260,470,높음,0.9,10
무지이불,40,430,470,높음,0.9,8
EVAR,210,260,470,중간,0.6,1
LG날개없는선풍기,60,410,470,높음,0.9,3
전자체중계,90,380,470,중간,0.6,8
헬스장런닝화,120,350,470,중간,0.6,8
호카오네오네호파라,80,390,470,높음,0.9,8
여성등산화추천,70,400,470,높음,0.9,8
휴대용유모차순위,60,410,470,높음,0.9,7
낙지해루질,80,390,470,높음,0.9,3
WIFI6공유기,170,300,470,높음,0.9,8
빈티지사료,50,420,470,중간,0.6,8
블루투스기계식키보드,190,280,470,높음,0.9,8
블루투스시계,90,380,470,중간,0.6,8
55인치모니터,300,170,470,높음,0.9,8
LG테블릿,110,360,470,높음,0.9,8
통장지급정지,70,400,470,높음,0.9,10
소유권이전,150,320,470,높음,0.9,10
지역가입자건강보험료,180,290,470,높음,0.9,3
일일자동차보험가격,60,410,470,높음,0.9,10
보험진단,160,310,470,높음,0.9,10
풍수해지진재해보험,200,270,470,낮음,0.3,2
4평에어컨,80,390,470,높음,0.9,7
소형음식물처리기,120,350,470,높음,0.9,10
결혼선물추천,90,380,470,높음,0.9,10
7평에어컨,100,370,470,높음,0.9,8
오븐형에어프라이어추천,90,380,470,높음,0.9,9
부산도어락,130,340,470,높음,0.9,10
방충망롤,110,360,470,중간,0.6,8
게이트아이,120,350,470,높음,0.9,10
자동차후방카메라설치,90,380,470,높음,0.9,9
목포세차,50,420,470,중간,0.6,8
아이나비Z7000,110,360,470,높음,0.9,10
엘지제습기가격,5,460,465,높음,0.9,7
무서류당일대출,60,400,460,높음,0.9,10
당일입금대출,90,370,460,높음,0.9,10
주담대중도상환수수료면제,140,320,460,높음,0.9,3
통합암진단비,130,330,460,높음,0.9,7
암진단금1억,70,390,460,높음,0.9,10
임플란트의료보험,40,420,460,높음,0.9,10
부동산강의,160,300,460,높음,0.9,10
상증법,280,180,460,높음,0.9,3
개인연금소득공제한도,170,290,460,중간,0.6,6
세무신고,170,290,460,높음,0.9,10
임산부부업,50,410,460,높음,0.9,9
단체교섭,230,230,460,높음,0.9,7
한계기업,290,170,460,중간,0.6,3
단기근로계약서,240,220,460,높음,0.9,9
직업훈련소,110,350,460,높음,0.9,10
자격증취득,170,290,460,높음,0.9,10
직업의종류,170,290,460,높음,0.9,9
소상공인폐업지원,190,270,460,높음,0.9,10
개인사업자정부지원대출,120,340,460,높음,0.9,10
저신용자비상금대출,50,410,460,높음,0.9,10
경기도지원사업,260,200,460,높음,0.9,10
정부보조금,150,310,460,높음,0.9,10
쿠팡선정산,230,230,460,높음,0.9,10
쇼케이스중고,80,380,460,높음,0.9,8
상가권리금,130,330,460,높음,0.9,10
부동산가압류해제,170,290,460,높음,0.9,10
IRPETF,110,350,460,중간,0.6,6
1억투자,110,350,460,높음,0.9,10
오늘공모주,60,400,460,높음,0.9,7
천만원모으기,60,400,460,높음,0.9,10
연금저축가입방법,130,330,460,높음,0.9,10
주식학원,70,390,460,높음,0.9,10
월복리적금,100,360,460,높음,0.9,9
엑셀러레이팅,300,160,460,중간,0.6,6
층간소음매트셀프시공,80,380,460,높음,0.9,10
음식처리기,80,380,460,높음,0.9,10
강동구자동차검사소,120,340,460,높음,0.9,9
고양시자동차검사소,100,360,460,중간,0.6,7
맞춤매트,60,400,460,높음,0.9,10
심카드,100,360,460,높음,0.9,10
알뜰폰회사,160,300,460,높음,0.9,9
가성비골전도이어폰,100,360,460,높음,0.9,7
소형제습기추천,60,400,460,높음,0.9,8
1인건조기,90,370,460,중간,0.6,8
벽걸이미니세탁기,70,390,460,높음,0.9,8
삼성노트북중고,120,340,460,높음,0.9,10
LD-159DPG,70,390,460,높음,0.9,3
국산노트북,10,450,460,중간,0.6,6
6KG세탁기,80,380,460,높음,0.9,8
싼타페차박매트,70,390,460,중간,0.6,8
캠핑바람막이,90,370,460,높음,0.9,8
인덕션식기세척기,70,390,460,중간,0.6,8
식세기추천,80,380,460,중간,0.6,8
회의의자,240,220,460,중간,0.6,8
중학생책상추천,50,410,460,높음,0.9,8
여행자보험결항,120,340,460,중간,0.6,6
단체국내여행자보험,260,200,460,높음,0.9,10
대만여행자보험,120,340,460,높음,0.9,10
DB간병비보험,50,410,460,높음,0.9,7
음주운전탄원서양식,160,300,460,높음,0.9,10
목디스크시술비용,40,420,460,높음,0.9,10
교통사고치료기간,60,400,460,높음,0.9,10
교통사고병원추천,150,310,460,높음,0.9,10
척추고정술,150,310,460,높음,0.9,10
척추디스크,70,390,460,높음,0.9,10
무연고장례,90,370,460,높음,0.9,10
보관이사업체,170,290,460,높음,0.9,10
아파트벽누수,40,420,460,높음,0.9,7
전장설계,200,260,460,높음,0.9,1
광주귀뚜라미보일러,120,340,460,높음,0.9,10
수지입주청소,20,440,460,높음,0.9,10
입주청소추천,150,310,460,높음,0.9,10
유아냉감패드,50,410,460,높음,0.9,8
중고차사는법,70,390,460,중간,0.6,8
만승전기,360,100,460,높음,0.9,9
프로스펙스하이퍼러쉬,80,380,460,높음,0.9,3
중고골프채사이트,120,340,460,높음,0.9,10
2인용유모차,50,410,460,중간,0.6,8
키즈카시트,30,430,460,중간,0.6,8
스카이라이프와이파이,60,400,460,높음,0.9,10
강아지가사료를안먹어요,30,430,460,높음,0.9,9
유아용품할인매장,30,430,460,높음,0.9,10
TV겸용모니터,160,300,460,중간,0.6,8
학습용태블릿,70,390,460,높음,0.9,8
32모니터,220,240,460,높음,0.9,8
맥용키보드,230,230,460,중간,0.6,8
27인치QHD,230,230,460,중간,0.6,8
28인치모니터,260,200,460,높음,0.9,8
플립2,100,360,460,높음,0.9,10
29인치모니터,230,230,460,중간,0.6,8
분양잔금대출,120,340,460,높음,0.9,10
결혼대출,70,390,460,높음,0.9,10
주위토지통행권,210,250,460,높음,0.9,10
대구국민연금관리공단,90,370,460,높음,0.9,1
신한아이사랑보험,80,380,460,높음,0.9,10
DB손해보험해지,120,340,460,높음,0.9,7
보증보험사,160,300,460,중간,0.6,8
저소음창문형에어컨,100,360,460,중간,0.6,7
전기압력밥솥추천,90,370,460,높음,0.9,9
인덕션밥솥,60,400,460,높음,0.9,8
10평형에어컨,120,340,460,높음,0.9,8
에어프라이어기,130,330,460,중간,0.6,8
전기배선공사,90,370,460,높음,0.9,10
아이나비Z8000,90,370,460,높음,0.9,8
일루마3단계,5,450,455,중간,0.6,4
개인회생파산신청,160,290,450,높음,0.9,10
개인회생기각,120,330,450,높음,0.9,10
사채이자,100,350,450,높음,0.9,10
추가대출,80,370,450,높음,0.9,10
주택담보후순위대출,90,360,450,높음,0.9,10
24시간대출,40,410,450,높음,0.9,10
20대치과보험,110,340,450,높음,0.9,10
임플란트건강보험,120,330,450,높음,0.9,3
운전자보험사고위로금,70,380,450,높음,0.9,9
부동산상속세,100,350,450,높음,0.9,10
금융재산상속공제,160,290,450,높음,0.9,3
증여세상속세,100,350,450,높음,0.9,10
1가구2주택양도소득세율,110,340,450,높음,0.9,3
조세심판,200,250,450,낮음,0.3,0
양도소득세장기보유특별공제,230,220,450,높음,0.9,3
근저당설정계약서,220,230,450,높음,0.9,10
개인IRP,140,310,450,높음,0.9,10
실업급여구직활동인정방법,190,260,450,높음,0.9,3
일용직실업급여신청방법,90,360,450,높음,0.9,3
질병보험,80,370,450,높음,0.9,10
서울노무사,270,180,450,높음,0.9,10
국가지원사업,230,220,450,높음,0.9,10
점포철거비지원,160,290,450,높음,0.9,10
무료상담,70,380,450,높음,0.9,10
AIRLUX,60,390,450,중간,0.6,6
정부지원대출상품,80,370,450,높음,0.9,10
임대차등기명령,120,330,450,높음,0.9,10
상가임대차보호법묵시적갱신,240,210,450,높음,0.9,9
퇴직연금수익률,160,290,450,높음,0.9,10
부산비상주사무실,210,240,450,높음,0.9,10
연금저축신탁,110,340,450,높음,0.9,10
퇴직연금펀드추천,150,300,450,높음,0.9,10
IRP계좌이전,130,320,450,중간,0.6,7
인터넷쇼핑몰창업,90,360,450,높음,0.9,10
선물거래소,120,330,450,높음,0.9,10
벌레포충기,140,310,450,높음,0.9,8
전기채,90,360,450,중간,0.6,8
알뜰유심요금제,100,350,450,높음,0.9,10
위성인터넷,110,340,450,높음,0.9,10
가성비무선이어폰추천,140,310,450,중간,0.6,8
블루투스헤드셋추천,90,360,450,높음,0.9,9
휴대폰이어폰,70,380,450,높음,0.9,8
알뜰폰번호유지,90,360,450,높음,0.9,9
공기청정기이산화탄소,40,410,450,높음,0.9,10
AX033B310GBD,70,380,450,높음,0.9,7
홈쇼핑제습기,60,390,450,높음,0.9,8
산소농도,110,340,450,높음,0.9,10
한돈선물세트,120,330,450,높음,0.9,10
명품침대,70,380,450,높음,0.9,10
우유상자,130,320,450,높음,0.9,10
캠핑조리도구,120,330,450,높음,0.9,9
스트링가드,70,380,450,중간,0.6,7
메트리스추천,100,350,450,중간,0.6,8
탄탄한매트리스,80,370,450,높음,0.9,10
휴식의자,80,370,450,중간,0.6,8
종합소득세가산세,260,190,450,높음,0.9,10
일용직급여계산기,280,170,450,높음,0.9,7
보증보험료,170,280,450,높음,0.9,10
KB손해보험간병보험,90,360,450,높음,0.9,10
유럽여행자보험추천,120,330,450,높음,0.9,10
후쿠오카여행자보험,110,340,450,높음,0.9,10
비접촉사고,80,370,450,높음,0.9,10
불완전판매,180,270,450,높음,0.9,10
무릎관절병원,60,390,450,높음,0.9,10
임플란트보증기간,80,370,450,높음,0.9,10
임플란트치료과정,90,360,450,높음,0.9,10
잇몸뼈재생,50,400,450,높음,0.9,10
마른기침가래,120,330,450,높음,0.9,10
교통사고통원치료,120,330,450,높음,0.9,10
이삿짐견적,140,310,450,높음,0.9,10
서울포장이사,200,250,450,높음,0.9,10
포장이사후기,90,360,450,높음,0.9,10
보관이사추천,120,330,450,높음,0.9,10
건물누수,160,290,450,높음,0.9,10
먼지없는이불,80,370,450,중간,0.6,8
여름침대매트,80,370,450,높음,0.9,8
킹사이즈이불,80,370,450,중간,0.6,8
내차가격,80,370,450,높음,0.9,10
중고자동차매매서류,110,340,450,높음,0.9,10
미니온습도계,120,330,450,높음,0.9,8
소형냉장고중고,100,350,450,높음,0.9,10
효도신발,50,400,450,높음,0.9,8
컬럼비아트레킹화,80,370,450,높음,0.9,10
여성휠캐디백,60,390,450,중간,0.6,7
시마노여름낚시복,60,390,450,높음,0.9,7
리퍼티비,80,370,450,높음,0.9,10
모바일라우터,220,230,450,높음,0.9,10
애기카시트,100,350,450,중간,0.6,8
아기기저귀추천,40,410,450,높음,0.9,8
말티푸사료추천,40,410,450,높음,0.9,8
LED모니터,230,220,450,높음,0.9,8
CCTV관제센터,120,330,450,낮음,0.3,0
중도금대출DSR,120,330,450,높음,0.9,3
아파트하자소송,150,300,450,높음,0.9,10
건설변호사,30,420,450,높음,0.9,10
4대보험환급,160,290,450,중간,0.6,6
사대보험계산,180,270,450,낮음,0.3,0
침구류청소기,90,360,450,높음,0.9,8
휴렉음식물처리기지니,60,390,450,높음,0.9,7
며느리생일선물,40,410,450,높음,0.9,10
쿠쿠1인밥솥,70,380,450,높음,0.9,7
20평형에어컨,110,340,450,높음,0.9,7
렌탈에어컨,40,410,450,높음,0.9,10
경첩수리,80,370,450,높음,0.9,10
정수기대여,100,350,450,높음,0.9,10
수전설치,90,360,450,중간,0.6,8
업소용커피자판기,60,390,450,높음,0.9,8
롤방충망교체,80,370,450,중간,0.6,8
미닫이방충망,90,360,450,높음,0.9,8
방충망공장,140,310,450,높음,0.9,10
현관도어,110,340,450,높음,0.9,10
벤츠순정블랙박스,90,360,450,높음,0.9,7
테슬라가정용충전기,80,370,450,높음,0.9,7
벤츠블랙박스수리,60,390,450,높음,0.9,7
백만원대출,20,420,440,높음,0.9,10
무담보대출,40,400,440,높음,0.9,10
전세담보대출조건,70,370,440,높음,0.9,10
자동차사고부상치료비,90,350,440,높음,0.9,10
농지증여,110,330,440,높음,0.9,10
세무회계학과,100,340,440,높음,0.9,10
법인전환,220,220,440,높음,0.9,10
세무사무료상담,100,340,440,높음,0.9,10
양도세절세,30,410,440,높음,0.9,10
해고예고통지서,270,170,440,높음,0.9,10
건강검진보험,110,330,440,높음,0.9,10
내일배움카드재직자,200,240,440,중간,0.6,3
웹툰PD,150,290,440,높음,0.9,10
국민내일배움카드발급,180,260,440,높음,0.9,10
사업자지원금,210,230,440,높음,0.9,10
기업신용정보조회,370,70,440,높음,0.9,10
창업교육,230,210,440,높음,0.9,10
육아휴직중대출,50,390,440,중간,0.6,1
강동구재활용센터,70,370,440,중간,0.6,6
전세금반환,90,350,440,높음,0.9,10
ETF강의,150,290,440,높음,0.9,7
금계좌,90,350,440,중간,0.6,2
비과세연금,90,350,440,높음,0.9,10
사업장현황신고,250,190,440,높음,0.9,3
퇴직IRP,160,280,440,높음,0.9,9
한국투자증권퇴직연금,270,170,440,높음,0.9,7
자동차압류,100,340,440,높음,0.9,10
장수명주택,250,190,440,중간,0.6,6
차량종합검사,140,300,440,높음,0.9,7
화성자동차검사소,90,350,440,중간,0.6,8
선순위보증금,110,330,440,높음,0.9,3
알뜰폰컬러링,50,390,440,높음,0.9,3
단기인터넷설치,90,350,440,높음,0.9,10
이어폰종류,90,350,440,높음,0.9,8
음이온공기청정기,50,390,440,중간,0.6,8
노트북가성비,120,320,440,중간,0.6,8
제습기할인,50,390,440,높음,0.9,7
건조기후기,30,410,440,높음,0.9,10
드럼세탁기17KG,80,360,440,중간,0.6,8
안마의자체험,50,390,440,높음,0.9,10
식기세척기열풍건조,80,360,440,높음,0.9,7
슈퍼싱글침대매트리스,70,370,440,중간,0.6,8
의자발,110,330,440,중간,0.6,8
학생책상세트,90,350,440,높음,0.9,7
고령자고용촉진법,310,130,440,높음,0.9,3
세무사기장료,130,310,440,높음,0.9,10
일용직지급명세서,300,140,440,중간,0.6,6
성실신고수수료,200,240,440,높음,0.9,7
기한후신고,210,230,440,높음,0.9,10
간병인보험체증형,100,340,440,높음,0.9,7
간병인지원,130,310,440,높음,0.9,10
간병인사용일당,100,340,440,높음,0.9,7
음주운전재판,200,240,440,높음,0.9,10
교통사고한약,80,360,440,높음,0.9,10
협착증수술,60,380,440,높음,0.9,10
하남건강검진,140,300,440,높음,0.9,10
컨시어지서비스,200,240,440,높음,0.9,9
수도배관누수,50,390,440,높음,0.9,10
천정누수,120,320,440,높음,0.9,10
논산입주청소,330,110,440,높음,0.9,10
냉감여름이불,50,390,440,높음,0.9,7
여름인견패드,30,410,440,높음,0.9,8
쿨매트추천,90,350,440,높음,0.9,7
모달이불세트,120,320,440,높음,0.9,8
중고차파는법,70,370,440,높음,0.9,10
스탠드서큘레이터,80,360,440,높음,0.9,7
캠핑용서큘레이터,110,330,440,높음,0.9,8
업소용실링팬,80,360,440,중간,0.6,8
티브다이,20,420,440,높음,0.9,10
제스타임웨지,90,350,440,높음,0.9,7
여자등산화추천,80,360,440,높음,0.9,9
자전거오토바이,70,370,440,높음,0.9,10
베이비하우스명지,20,420,440,중간,0.6,1
골프선물세트,110,330,440,높음,0.9,10
다이와의류,100,340,440,높음,0.9,8
강아지반습식사료,50,390,440,높음,0.9,8
32인치QHD,180,260,440,높음,0.9,9
앱코모니터,160,280,440,중간,0.6,6
심박수측정,50,390,440,높음,0.9,8
24인치피벗모니터,210,230,440,중간,0.6,8
태블릿중고,120,320,440,높음,0.9,10
부동산경매대출,150,290,440,중간,0.6,8
의사표시공시송달,200,240,440,높음,0.9,7
국민연금조기수령신청,70,370,440,높음,0.9,3
통신비환급,60,380,440,낮음,0.3,2
누수화재보험,120,320,440,높음,0.9,10
환경책임보험,350,90,440,높음,0.9,3
계약보증서,340,100,440,중간,0.6,8
BMW엔진오일누유,20,420,440,높음,0.9,3
음식물분쇄기추천,60,380,440,높음,0.9,8
부모님결혼기념일선물,130,310,440,높음,0.9,10
음식물쓰레기가격,30,410,440,높음,0.9,3
비바음식물처리기,40,400,440,높음,0.9,10
아버지선물,110,330,440,높음,0.9,10
의미있는선물,50,390,440,높음,0.9,10
화장실수도꼭지,80,360,440,높음,0.9,8
커피내리는기계,80,360,440,높음,0.9,8
에어프라이고구마,10,430,440,높음,0.9,10
에어플라이기,110,330,440,중간,0.6,7
무인자판기,140,300,440,높음,0.9,7
아파트방충망,60,380,440,높음,0.9,8
조명교체,110,330,440,높음,0.9,10
현관문안전장치,60,380,440,중간,0.6,8
방충망업체,60,380,440,높음,0.9,10
방충망시공가격,90,350,440,높음,0.9,8
화장실도어락,110,330,440,중간,0.6,8
수입타이어,90,350,440,높음,0.9,10
씨엔에스링크,210,230,440,중간,0.6,6
PONTUS,140,300,440,높음,0.9,9
BMW네비게이션,190,250,440,높음,0.9,10
네비게이션설치,70,370,440,높음,0.9,9
J1772,120,320,440,높음,0.9,3
개인파산절차,130,300,430,높음,0.9,10
개인회생워크아웃,100,330,430,높음,0.9,10
파산선고,120,310,430,높음,0.9,10
저축은행대환대출,110,320,430,높음,0.9,10
개인회생별제권,150,280,430,높음,0.9,10
비급여보험,60,370,430,높음,0.9,7
자동차보험견적비교사이트,180,250,430,높음,0.9,10
치아보험청구,80,350,430,높음,0.9,9
부동산감정평가,150,280,430,높음,0.9,10
비룡소난책읽기가좋아,50,380,430,높음,0.9,9
현금증여계약서,250,180,430,높음,0.9,10
분양권양도소득세,130,300,430,중간,0.6,8
연금저축소득공제한도,160,270,430,높음,0.9,3
온라인알바,110,320,430,높음,0.9,10
해고예고,180,250,430,높음,0.9,10
노사관계,130,300,430,높음,0.9,3
뇌혈관질환보험,110,320,430,높음,0.9,10
국민취업,140,290,430,중간,0.6,6
대학생내일배움카드,100,330,430,중간,0.6,8
건설기초안전교육비용,70,360,430,높음,0.9,10
소상공인폐업,120,310,430,높음,0.9,3
정부지원금신청,80,350,430,높음,0.9,10
자영업자햇살론,100,330,430,중간,0.6,3
원스톱폐업지원,190,240,430,높음,0.9,7
소상공인정책자금직접대출,120,310,430,중간,0.6,1
중고식당의자,40,390,430,높음,0.9,10
전기차구매,120,310,430,높음,0.9,10
부동산임의경매,170,260,430,높음,0.9,10
미니쿠페전기차,20,410,430,높음,0.9,7
법인사업자등록,230,200,430,높음,0.9,10
배당주펀드,160,270,430,높음,0.9,7
ETF상품,160,270,430,높음,0.9,10
연금저축계좌이전,140,290,430,높음,0.9,7
노후연금저축,50,380,430,높음,0.9,10
퇴직연금포트폴리오,130,300,430,높음,0.9,3
벌레잡는기계,70,360,430,높음,0.9,8
거미제거,90,340,430,높음,0.9,8
알뜰폰데이터,50,380,430,높음,0.9,10
스마트폰성지,100,330,430,높음,0.9,7
아이폰할부,40,390,430,높음,0.9,9
알뜰폰인터넷,110,320,430,높음,0.9,10
셀프개통,110,320,430,높음,0.9,10
신발장제습제,90,340,430,높음,0.9,8
제습기만들기,80,350,430,중간,0.6,6
세탁기5KG,70,360,430,높음,0.9,10
올인원파워뱅크,80,350,430,높음,0.9,8
6인식기세척기,50,380,430,높음,0.9,9
장난감도매,100,330,430,높음,0.9,10
수험생의자,90,340,430,중간,0.6,8
컴퓨터용의자,180,250,430,높음,0.9,8
승마의자,70,360,430,높음,0.9,9
허리편한의자추천,70,360,430,높음,0.9,10
홍삼엑기스,60,370,430,중간,0.6,8
시부모님선물,80,350,430,높음,0.9,10
연말정산경정청구방법,270,160,430,높음,0.9,3
법인회사,80,350,430,높음,0.9,10
법인폐업,190,240,430,높음,0.9,10
행정소송기간,140,290,430,높음,0.9,10
한화손해간병인보험,150,280,430,높음,0.9,7
다이렉트정기보험,110,320,430,중간,0.6,8
생명보험추천,60,370,430,높음,0.9,10
특정질병수술,30,400,430,높음,0.9,10
위드마크,90,340,430,높음,0.9,10
척추관협착증치료방법,70,360,430,높음,0.9,10
비염에좋은약,90,340,430,높음,0.9,8
한방감기약,80,350,430,높음,0.9,3
목교정,120,310,430,높음,0.9,9
수면치료,60,370,430,높음,0.9,10
만성기침원인,50,380,430,높음,0.9,3
서울건강검진,150,280,430,높음,0.9,10
외국인건강검진,110,320,430,높음,0.9,10
이사업체비교,110,320,430,높음,0.9,10
라식수술비,60,370,430,높음,0.9,10
회천농협장례문화원,140,290,430,높음,0.9,7
경주입주청소,90,340,430,높음,0.9,10
청주이사청소,80,350,430,높음,0.9,10
대전이사청소,90,340,430,높음,0.9,10
보일러삼방밸브,70,360,430,높음,0.9,10
귀뚜라미전기보일러,110,320,430,높음,0.9,10
스트라이프이불,70,360,430,중간,0.6,8
자동차매도서류,110,320,430,높음,0.9,10
AIRMADE,60,370,430,높음,0.9,8
가정용무선선풍기,100,330,430,높음,0.9,7
제이닉스선풍기,40,390,430,높음,0.9,3
메타스피드엣지,100,330,430,중간,0.6,6
버디두기,80,350,430,중간,0.6,4
캠프라인트레킹화,80,350,430,높음,0.9,9
아이언7번,50,380,430,높음,0.9,8
콜럼비아등산화,70,360,430,높음,0.9,10
베이비하우스하남,50,380,430,중간,0.6,1
KT인터넷공유기,100,330,430,높음,0.9,9
인터넷TV가입,130,300,430,높음,0.9,10
5세카시트,40,390,430,높음,0.9,8
리오링크,180,250,430,중간,0.6,3
산양유우유,30,400,430,높음,0.9,8
오리엔탈모터,350,80,430,높음,0.9,10
모니터144HZ,210,220,430,높음,0.9,9
컴퓨터모니터가격,90,340,430,높음,0.9,8
주택담보대출상담,160,270,430,높음,0.9,10
상가임대계약서,230,200,430,높음,0.9,7
소득세환급,130,300,430,높음,0.9,10
고돌이,130,300,430,낮음,0.3,0
종합소득세중간예납,250,180,430,높음,0.9,3
60대여자선물,100,330,430,높음,0.9,10
CRP-OHTR0610FGW,110,320,430,중간,0.6,6
스탠드에어컨렌탈,70,360,430,높음,0.9,7
라피콜라,40,390,430,높음,0.9,3
중고자판기,140,290,430,높음,0.9,10
출입문힌지,150,280,430,높음,0.9,10
중랑구도어락,10,420,430,높음,0.9,10
GATEMAN,100,330,430,높음,0.9,10
아파트도어락교체,60,370,430,높음,0.9,10
부산방문,20,410,430,높음,0.9,3
탈부착방충망,90,340,430,높음,0.9,8
디지탈도어락,130,300,430,높음,0.9,8
상가유리문도어락,80,350,430,높음,0.9,8
스피드메이트타이어가격,50,380,430,낮음,0.3,1
QXD3000,150,280,430,중간,0.6,7
LXQ500,130,300,430,중간,0.6,7
개인회생배우자재산,100,320,420,높음,0.9,10
3000만원대출,90,330,420,높음,0.9,10
빌라전세대출,110,310,420,높음,0.9,10
아파트매매잔금대출,210,210,420,높음,0.9,10
한화생명주택담보대출,120,300,420,중간,0.6,7
40대암보험,190,230,420,높음,0.9,10
운전자보험가입조회,110,310,420,높음,0.9,10
연금저축보험세액공제,130,290,420,높음,0.9,10
재산상속,60,360,420,높음,0.9,10
일시적1가구2주택비과세,150,270,420,높음,0.9,9
개인사업자연말정산,110,310,420,높음,0.9,3
상속재산파산,190,230,420,높음,0.9,10
연말정산연금저축한도,140,280,420,중간,0.6,5
법인세계산기,290,130,420,낮음,0.3,0
근로계약서작성,140,280,420,높음,0.9,10
연금저축이벤트,120,300,420,높음,0.9,10
중앙노동위원회재심,190,230,420,높음,0.9,3
근로장려금계산,80,340,420,낮음,0.3,0
건축관련자격증,160,260,420,높음,0.9,10
개인연금저축펀드,100,320,420,높음,0.9,10
천연가스관련주,80,340,420,중간,0.6,8
빌라투자,100,320,420,높음,0.9,10
한국투자증권IRP,220,200,420,높음,0.9,7
일본주식투자,120,300,420,중간,0.6,6
보호계전기,250,170,420,높음,0.9,10
해충방제,210,210,420,높음,0.9,10
저가요금제,100,320,420,높음,0.9,10
알뜰폰요금제무제한,100,320,420,높음,0.9,10
알뜰폰통신사조회,100,320,420,높음,0.9,10
알뜰폰가격,80,340,420,높음,0.9,8
UVLED,180,240,420,중간,0.6,8
휴대용스타일러,120,300,420,높음,0.9,10
노트북15인치,120,300,420,중간,0.6,8
제습기브랜드,110,310,420,높음,0.9,3
침대렌탈추천,70,350,420,높음,0.9,10
스프링매트리스,90,330,420,높음,0.9,9
홍삼세트,140,280,420,중간,0.6,8
시디즈책상의자,70,350,420,중간,0.6,4
인삼즙,50,370,420,높음,0.9,9
임금대장양식,260,160,420,높음,0.9,10
고캐드,390,30,420,중간,0.6,4
노란우산적금,70,350,420,높음,0.9,3
국내여행자보험가격비교,130,290,420,높음,0.9,10
KB간병보험,60,360,420,높음,0.9,10
해외여행보험가격비교,100,320,420,높음,0.9,10
여행자보험국내,100,320,420,높음,0.9,10
유병력자실손보험,100,320,420,높음,0.9,10
교통사고형사합의,90,330,420,높음,0.9,10
교통사고특례법,100,320,420,높음,0.9,10
주차차량뺑소니,50,370,420,높음,0.9,10
버스공제조합합의금,50,370,420,높음,0.9,7
미청구보험금,120,300,420,중간,0.6,6
알레르기비염치료,300,120,420,높음,0.9,10
전체틀니,120,300,420,높음,0.9,10
치아부분교정,60,360,420,높음,0.9,10
허리디스크명의,80,340,420,낮음,0.3,0
폐경화,120,300,420,중간,0.6,1
수원심장내과,70,350,420,중간,0.6,4
이삿짐센터가격비교,120,300,420,높음,0.9,10
1톤이사비용,80,340,420,높음,0.9,10
라식종류,90,330,420,높음,0.9,10
포장이삿짐센터,70,350,420,높음,0.9,10
원룸이사청소,80,340,420,높음,0.9,10
이사청소가격,130,290,420,높음,0.9,10
부평구입주청소,60,360,420,높음,0.9,7
이사당일입주청소,50,370,420,높음,0.9,10
경동나비엔가스보일러,80,340,420,중간,0.6,8
난방배관청소,70,350,420,높음,0.9,10
경동나비엔온수기,90,330,420,높음,0.9,8
라지킹여름이불세트,60,360,420,높음,0.9,7
차량매매서류,80,340,420,높음,0.9,10
부산중고차직거래,70,350,420,높음,0.9,10
여름구스이불,100,320,420,높음,0.9,8
전기자전거모터,80,340,420,높음,0.9,8
대전전기자전거,70,350,420,높음,0.9,10
남자캐디백,80,340,420,높음,0.9,8
골프백추천,120,300,420,높음,0.9,8
와이파이6공유기,110,310,420,중간,0.6,8
말티푸사료,50,370,420,중간,0.6,8
무선키보드세트,260,160,420,중간,0.6,8
커브모니터,170,250,420,중간,0.6,8
필기용태블릿,110,310,420,높음,0.9,10
SM-P615N,150,270,420,중간,0.6,6
세일앤리스백,200,220,420,높음,0.9,3
DSR대출,90,330,420,높음,0.9,9
DSR부부합산,90,330,420,중간,0.6,1
국세청환급,110,310,420,높음,0.9,7
자녀보험,110,310,420,높음,0.9,10
서울보증보험전세보증보험,120,300,420,높음,0.9,3
흡입력좋은무선청소기,90,330,420,높음,0.9,9
업소용음식물분쇄기,70,350,420,높음,0.9,10
2인밥솥,70,350,420,높음,0.9,8
고양이선물,80,340,420,높음,0.9,10
음식물쓰레기통3L,70,350,420,높음,0.9,9
거주중시스템에어컨,50,370,420,높음,0.9,7
비데브랜드,120,300,420,높음,0.9,10
스타터팩,90,330,420,높음,0.9,3
LED전구교체,60,360,420,높음,0.9,8
창틀막이,70,350,420,높음,0.9,9
차량블랙박스추천,110,310,420,높음,0.9,9
마이딘,200,220,420,높음,0.9,9
현대폰터스블랙박스,100,320,420,중간,0.6,7
전기차밧데리,40,380,420,높음,0.9,10
캠핑용가습기,5,410,415,높음,0.9,8
5천만원대출,100,310,410,높음,0.9,10
농지대출,110,300,410,높음,0.9,10
자동차보험견적비교,160,250,410,높음,0.9,10
부동산세법,160,250,410,높음,0.9,10
상속세전문세무사,160,250,410,높음,0.9,10
상속신고,140,270,410,높음,0.9,10
상가양도세,90,320,410,높음,0.9,7
종합소득세율표,190,220,410,높음,0.9,10
사규,220,190,410,높음,0.9,10
해고통보,130,280,410,높음,0.9,7
국선노무사,150,260,410,중간,0.6,6
직업교육훈련,120,290,410,높음,0.9,10
애니메이션과,70,340,410,높음,0.9,10
중고자개장,10,400,410,높음,0.9,10
청년창업대출조건,80,330,410,중간,0.6,8
미소금융운영자금,90,320,410,중간,0.6,3
전세사기변호사,220,190,410,높음,0.9,10
부동산사기,90,320,410,높음,0.9,10
전기차부가세환급,140,270,410,중간,0.6,2
전세보증금미반환,80,330,410,높음,0.9,7
집합건물등기부등본,300,110,410,중간,0.6,7
IPO스탁,250,160,410,높음,0.9,3
IRP계좌개설방법,120,290,410,높음,0.9,7
삼성증권연금저축펀드,100,310,410,중간,0.6,1
엔젤투자자,150,260,410,높음,0.9,9
층간차음재,150,260,410,높음,0.9,10
집안벌레,40,370,410,높음,0.9,10
날파리포충기,80,330,410,높음,0.9,8
바퀴벌레퇴치기,60,350,410,중간,0.6,8
데이터전용유심,110,300,410,높음,0.9,10
무선이어폰가성비,160,250,410,높음,0.9,8
휴대폰할부,50,360,410,중간,0.6,8
로봇청소기배터리,80,330,410,높음,0.9,8
유심교체비용,50,360,410,높음,0.9,7
알뜰폰요금제KT,80,330,410,높음,0.9,10
알뜰폰구매,120,290,410,높음,0.9,10
UV경화기,220,190,410,높음,0.9,10
이동식국소배기장치,290,120,410,높음,0.9,10
노트북13인치,90,320,410,중간,0.6,8
장마대비,160,250,410,높음,0.9,3
뽀송제습기,120,290,410,높음,0.9,8
습도조절,60,350,410,높음,0.9,10
라이젠노트북,160,250,410,중간,0.6,8
드럼세탁기25KG,70,340,410,중간,0.6,8
망고선물세트,60,350,410,높음,0.9,10
온열매트리스,70,340,410,높음,0.9,10
캠핑행어,60,350,410,높음,0.9,8
저상형매트리스,60,350,410,높음,0.9,8
저상형침대SS,60,350,410,높음,0.9,9
튼튼한사무용의자,190,220,410,높음,0.9,10
리클라이너컴퓨터의자,150,260,410,높음,0.9,9
홍삼환,90,320,410,높음,0.9,9
금산홍삼,100,310,410,높음,0.9,8
급여지급명세서,210,200,410,높음,0.9,10
초과근무수당계산기,190,220,410,낮음,0.3,0
권한쟁의심판,110,300,410,높음,0.9,3
외국인여행자보험,120,290,410,높음,0.9,10
여행친구여행자보험,130,280,410,높음,0.9,7
간병인지원보험,140,270,410,높음,0.9,10
불공정거래,200,210,410,높음,0.9,10
요양병원입원비,60,350,410,높음,0.9,10
디스크치료,60,350,410,높음,0.9,10
비염에좋은약초,60,350,410,높음,0.9,10
알레르기기침,100,310,410,높음,0.9,10
디스크병원,50,360,410,높음,0.9,10
여성건강검진,30,380,410,높음,0.9,10
서울다이어트약,70,340,410,높음,0.9,10
청주이사추천,60,350,410,높음,0.9,10
대상포진치료병원,40,370,410,높음,0.9,10
이사비용지원,100,310,410,높음,0.9,10
욕실누수,50,360,410,높음,0.9,10
광주경동나비엔,50,360,410,높음,0.9,9
가정용완속충전기,90,320,410,중간,0.6,8
여름시원한이불,40,370,410,높음,0.9,7
인견여름이불,50,360,410,높음,0.9,8
차견적,100,310,410,높음,0.9,10
중고차량시세조회,130,280,410,높음,0.9,10
날개없는써큘레이터,60,350,410,높음,0.9,8
천장용선풍기,100,310,410,높음,0.9,8
군용침낭,90,320,410,높음,0.9,8
등산신발,70,340,410,높음,0.9,10
어린이유모차,40,370,410,높음,0.9,8
베이비하우스전주,30,380,410,중간,0.6,2
로드자전거휠,40,370,410,중간,0.6,7
미즈노퍼터,70,340,410,높음,0.9,10
돔형텐트,90,320,410,중간,0.6,8
낚시대낚싯대,110,300,410,높음,0.9,3
카시트비교,100,310,410,높음,0.9,3
베이비카시트,60,350,410,높음,0.9,8
SKTTV,110,300,410,높음,0.9,10
휴대용주니어카시트,30,380,410,높음,0.9,3
7세카시트,40,370,410,중간,0.6,7
라포그사료,30,380,410,높음,0.9,8
뉴나트래블,60,350,410,높음,0.9,3
LOGITECH키보드,150,260,410,높음,0.9,8
LG전자모니터,230,180,410,높음,0.9,8
달변,60,350,410,높음,0.9,9
슬리터,210,200,410,높음,0.9,10
보장분석,150,260,410,높음,0.9,10
유플러스파손보험,70,340,410,중간,0.6,3
음식물쓰레기분쇄기,90,320,410,중간,0.6,8
창문형에어컨수리,100,310,410,높음,0.9,7
CRP-NHTR1010FGW,100,310,410,높음,0.9,3
스텐내솥,50,360,410,높음,0.9,8
23평에어컨,70,340,410,높음,0.9,8
커피자판기무상임대,70,340,410,높음,0.9,10
자판기렌탈,160,250,410,높음,0.9,7
화장실수도꼭지교체,50,360,410,높음,0.9,8
커피머신중고,120,290,410,높음,0.9,10
아파트1층방범창,60,350,410,높음,0.9,10
안성방충망,30,380,410,높음,0.9,7
디지털도어락추천,120,290,410,높음,0.9,8
로그홈도어락,70,340,410,높음,0.9,10
지문인식도어락추천,120,290,410,높음,0.9,9
타이어저렴한곳,50,360,410,높음,0.9,10
파인뷰LX7700,100,310,410,높음,0.9,10
캐스퍼블랙박스,90,320,410,높음,0.9,7
중고네비게이션,150,260,410,높음,0.9,7
개인파산신청비용,70,330,400,높음,0.9,10
개인신용회복,50,350,400,높음,0.9,10
2000만원대출,60,340,400,높음,0.9,10
저신용사업자대출,80,320,400,높음,0.9,10
실손보험다이렉트,110,290,400,높음,0.9,10
의료실비,70,330,400,높음,0.9,10
삼성화재다이렉트실비보험,170,230,400,중간,0.6,5
실손보험면책기간,70,330,400,높음,0.9,7
운전자보험비용,110,290,400,높음,0.9,10
렌트카운전자보험,100,300,400,높음,0.9,9
치아파절보험,40,360,400,높음,0.9,10
동부프로미,60,340,400,높음,0.9,3
농지증여세,70,330,400,높음,0.9,7
배우자상속세,50,350,400,높음,0.9,7
주택상속세,60,340,400,높음,0.9,3
개인연금저축소득공제,150,250,400,높음,0.9,10
회계세무학과,60,340,400,높음,0.9,3
무료회계프로그램,300,100,400,높음,0.9,10
상속주택주택수,100,300,400,높음,0.9,7
양도소득세세무사비용,80,320,400,높음,0.9,7
양도소득세절세,40,360,400,높음,0.9,10
농지양도세,70,330,400,높음,0.9,7
자동차증여,120,280,400,높음,0.9,7
임금체불민사소송,130,270,400,높음,0.9,10
노동전문변호사,140,260,400,낮음,0.3,0
직장구하기,90,310,400,높음,0.9,10
청년자금대출,70,330,400,높음,0.9,3
신규법인대출,140,260,400,높음,0.9,10
업소용중고매장,20,380,400,높음,0.9,7
라치오날,180,220,400,높음,0.9,9
전기차신차,100,300,400,높음,0.9,10
전기차프로모션,100,300,400,높음,0.9,7
서울재개발투자,130,270,400,높음,0.9,7
SGM그룹,40,360,400,낮음,0.3,1
개인퇴직연금IRP,120,280,400,높음,0.9,7
국내채권,160,240,400,높음,0.9,7
전기모기채추천,80,320,400,높음,0.9,8
서울자동차검사소,90,310,400,높음,0.9,7
광주자동차검사,110,290,400,높음,0.9,10
핸드폰유심,70,330,400,높음,0.9,10
KT인터넷결합할인,90,310,400,높음,0.9,10
충전전지가위,110,290,400,높음,0.9,10
KTM모바일인터넷,140,260,400,중간,0.6,8
벽걸이공기청정기,90,310,400,중간,0.6,8
드럼세탁기사이즈,90,310,400,높음,0.9,8
강력제습제,70,330,400,중간,0.6,8
대전컵과일,140,260,400,높음,0.9,9
돼지고기선물세트,90,310,400,높음,0.9,10
면타프,80,320,400,높음,0.9,8
마사지체어,50,350,400,높음,0.9,9
빌트인식세기,80,320,400,높음,0.9,8
럼멜,110,290,400,중간,0.6,5
초강력무선에어건,50,350,400,중간,0.6,8
릴렉스의자,70,330,400,높음,0.9,8
일계표,240,160,400,높음,0.9,7
법인폐업신고,190,210,400,높음,0.9,7
보험환급금조회,120,280,400,높음,0.9,7
여행자보험가격비교,120,280,400,높음,0.9,10
오사카여행자보험,90,310,400,높음,0.9,10
여행자보험비행기지연보상,50,350,400,높음,0.9,7
동부화재간병인보험,60,340,400,높음,0.9,10
한화손해보험운전자보험,140,260,400,높음,0.9,10
도시일용노임,140,260,400,중간,0.6,8
음주운전3진아웃,290,110,400,높음,0.9,10
위축성비염,120,280,400,높음,0.9,10
천식기침,90,310,400,높음,0.9,10
건강검진추천,140,260,400,높음,0.9,10
한달보관이사비용,70,330,400,높음,0.9,7
포장보관이사,80,320,400,높음,0.9,10
라섹수술비용,120,280,400,높음,0.9,10
벽누수,50,350,400,높음,0.9,10
린나이가스보일러가격,80,320,400,높음,0.9,10
인테리어청소,120,280,400,높음,0.9,10
죽전입주청소,30,370,400,높음,0.9,7
대성콘덴싱보일러,40,360,400,높음,0.9,8
경동나비엔콘덴싱,70,330,400,높음,0.9,8
냉장고이불,40,360,400,높음,0.9,8
무선BLDC선풍기,100,300,400,높음,0.9,8
사무실용가습기,10,390,400,높음,0.9,8
여름러닝화,70,330,400,높음,0.9,7
캠프라인릿지엑스,70,330,400,중간,0.6,8
스탠드골프백,70,330,400,중간,0.6,8
코오롱트라이포드,70,330,400,높음,0.9,8
대용량외장하드,170,230,400,높음,0.9,8
사무실인터넷,240,160,400,높음,0.9,10
U+티비,80,320,400,높음,0.9,9
공유기파는곳,40,360,400,높음,0.9,7
범프라이더커넥트3,20,380,400,낮음,0.3,0
34인치와이드모니터,210,190,400,높음,0.9,8
주식모니터,160,240,400,중간,0.6,8
땅대출,270,130,400,높음,0.9,10
호텔담보대출,150,250,400,높음,0.9,10
재해보험,120,280,400,높음,0.9,10
일상생활배상책임보험누수,140,260,400,높음,0.9,10
카니발구조변경,60,340,400,높음,0.9,9
무선청소기흡입력,60,340,400,중간,0.6,8
먼지청소기,80,320,400,높음,0.9,8
음식물쓰레기건조기,70,330,400,높음,0.9,8
캠핑용밥솥,60,340,400,높음,0.9,8
이동형에어컨렌탈,140,260,400,높음,0.9,7
전자렌지에어프라이어겸용,80,320,400,중간,0.6,7
일리캡슐커피머신,90,310,400,높음,0.9,8
원두데일리,280,120,400,중간,0.6,1
조명공사,90,310,400,높음,0.9,10
현관방범방충문,50,350,400,높음,0.9,8
도어락브랜드,110,290,400,중간,0.6,8
개인회생신청기간,120,270,390,높음,0.9,10
신용대출상담,70,320,390,높음,0.9,10
개인파산면책자대출,40,350,390,높음,0.9,10
돈빌리기,40,350,390,높음,0.9,10
기대출과다자300만원대출,50,340,390,높음,0.9,10
경찰공무원대출,60,330,390,높음,0.9,10
아파트담보대출서류,70,320,390,높음,0.9,10
대출통합,60,330,390,높음,0.9,10
실손보험확인,80,310,390,높음,0.9,10
실비보험이란,70,320,390,높음,0.9,10
바로보장암보험,90,300,390,높음,0.9,7
IRP연말정산,100,290,390,높음,0.9,7
현금상속세,30,360,390,높음,0.9,10
보험설계사이트,130,260,390,높음,0.9,10
체불임금,160,230,390,높음,0.9,10
회사내규,210,180,390,중간,0.6,6
소상공인신용대출,150,240,390,높음,0.9,10
제조혁신바우처,320,70,390,높음,0.9,10
창업도약패키지,260,130,390,높음,0.9,3
자금조달,170,220,390,높음,0.9,10
신한은행사업자대출,120,270,390,높음,0.9,10
대전중고가전매입,60,330,390,높음,0.9,10
중고식기세척기,60,330,390,높음,0.9,10
대전신용보증기금,170,220,390,중간,0.6,3
사회적기업인증,290,100,390,높음,0.9,10
설계변경,290,100,390,높음,0.9,10
재개발투자,120,270,390,높음,0.9,10
공유물분할청구소송,210,180,390,높음,0.9,10
연금저축계산기,100,290,390,중간,0.6,8
펀드하는법,70,320,390,높음,0.9,10
비상주사무실가격,190,200,390,높음,0.9,10
1억만들기,110,280,390,높음,0.9,10
연금보험연금저축,80,310,390,높음,0.9,10
연금저축이전,110,280,390,높음,0.9,10
국내ETF투자방법,80,310,390,높음,0.9,7
롱숏펀드,130,260,390,중간,0.6,2
연금세액공제,130,260,390,높음,0.9,3
천만원굴리기,90,300,390,높음,0.9,10
부동산펀드,210,180,390,높음,0.9,10
음식물쓰레기처리,110,280,390,높음,0.9,10
음식물수거업체,70,320,390,높음,0.9,10
집쥐,70,320,390,높음,0.9,10
압출법보온판,290,100,390,높음,0.9,10
아기모기퇴치제,50,340,390,높음,0.9,7
날파리살충제,70,320,390,높음,0.9,8
진드기제거제,100,290,390,높음,0.9,8
수원자동차검사,80,310,390,높음,0.9,10
천연벌레퇴치제,40,350,390,높음,0.9,8
부동산전문가,120,270,390,높음,0.9,10
갤럭시탭유심,90,300,390,높음,0.9,9
KT단기인터넷,100,290,390,높음,0.9,10
자취방와이파이설치,40,350,390,높음,0.9,7
펫케어공기청정기,60,330,390,높음,0.9,8
주식용노트북,50,340,390,중간,0.6,8
옷장나프탈렌,60,330,390,중간,0.6,6
삼성노트북보상판매,100,290,390,중간,0.6,8
다보록,50,340,390,높음,0.9,9
파라솔그늘막,60,330,390,높음,0.9,7
완구도매,110,280,390,높음,0.9,10
아이의자,60,330,390,높음,0.9,8
공부용의자,80,310,390,중간,0.6,8
홍삼가루,40,350,390,중간,0.6,8
누울수있는의자,90,300,390,높음,0.9,8
연금보험해지,60,330,390,높음,0.9,3
퇴사처리,160,230,390,높음,0.9,3
법인세신고기간,210,180,390,중간,0.6,3
등기부등본무료,210,180,390,높음,0.9,3
여행자보험비행기지연,40,350,390,중간,0.6,6
가족여행자보험,80,310,390,높음,0.9,10
유병자,100,290,390,높음,0.9,10
허리디스크추나요법,60,330,390,높음,0.9,10
코골절수술,30,360,390,높음,0.9,10
디스크시술,90,300,390,높음,0.9,10
기침이심할때,50,340,390,높음,0.9,10
임플란트수면마취,50,340,390,높음,0.9,10
십전대보탕가격,20,370,390,높음,0.9,8
마곡건강검진,80,310,390,높음,0.9,10
신혼부부건강검진,100,290,390,높음,0.9,7
익산이사,50,340,390,높음,0.9,10
서울누수탐지,90,300,390,높음,0.9,10
누수검사비용,70,320,390,높음,0.9,10
경동나비엔보일러AS,40,350,390,높음,0.9,10
마루바닥시공,50,340,390,높음,0.9,10
입주청소견적,100,290,390,높음,0.9,10
인천보일러,110,280,390,높음,0.9,8
사무실가습기,240,150,390,중간,0.6,8
깃든탄소매트,60,330,390,중간,0.6,5
식당선풍기,50,340,390,높음,0.9,8
수동선풍기,50,340,390,높음,0.9,7
가습,60,330,390,높음,0.9,10
중고학원책상,170,220,390,높음,0.9,10
골프채아이언,80,310,390,중간,0.6,8
레이드재팬,80,310,390,높음,0.9,8
포켓파이,80,310,390,중간,0.6,6
숲기저귀,30,360,390,중간,0.6,3
RS-485,300,90,390,높음,0.9,7
남양산양분유,20,370,390,중간,0.6,6
아기안전벨트,20,370,390,높음,0.9,8
와이파이기계,80,310,390,높음,0.9,10
카오스클랩,30,360,390,중간,0.6,2
폴레드레이서,60,330,390,높음,0.9,3
성지시세표,120,270,390,높음,0.9,10
중고프린터,190,200,390,높음,0.9,7
무선마우스키보드,250,140,390,중간,0.6,8
아이패드프로키보드,120,270,390,높음,0.9,8
삼성갤럭시패드,120,270,390,높음,0.9,10
사이니지모니터,220,170,390,중간,0.6,8
블루투스모니터,130,260,390,중간,0.6,8
C34G55T,120,270,390,중간,0.6,4
아이폰분실보험,60,330,390,높음,0.9,3
전세보증보험료,120,270,390,높음,0.9,3
외국인운전면허증,110,280,390,높음,0.9,3
스텐압력솥,40,350,390,높음,0.9,8
9평에어컨,80,310,390,높음,0.9,8
12평에어컨,70,320,390,높음,0.9,8
ILLY커피머신,50,340,390,높음,0.9,8
가정용전자동커피머신,90,300,390,높음,0.9,9
홈카페커피머신,50,340,390,높음,0.9,8
동구커피머신,110,280,390,높음,0.9,10
LED조명등,120,270,390,높음,0.9,8
슬라이딩방충망,90,300,390,중간,0.6,8
게이트맨지문인식도어락,100,290,390,높음,0.9,7
현관문열쇠,60,330,390,높음,0.9,10
SHP-DR900,110,280,390,높음,0.9,7
아파트현관도어락,70,320,390,높음,0.9,10
창문방범방충망,50,340,390,높음,0.9,10
케어셀보조배터리,90,300,390,높음,0.9,3
전기차충전기가정용,100,290,390,높음,0.9,10
매립형네비게이션,130,260,390,높음,0.9,10
신용불량,110,270,380,높음,0.9,10
개인회생신청자격조회,130,250,380,높음,0.9,10
회생채권,260,120,380,높음,0.9,10
4금융,80,300,380,높음,0.9,10
저소득층창업대출,60,320,380,높음,0.9,10
대출심사,90,290,380,높음,0.9,10
백내장수술실비,70,310,380,높음,0.9,7
고액암이란,60,320,380,중간,0.6,5
자동차보험다나와,210,170,380,높음,0.9,10
운전자보험자동차보험,140,240,380,높음,0.9,10
수상레저보험,120,260,380,높음,0.9,10
부동산세무사,90,290,380,높음,0.9,10
증여세신고서,220,160,380,높음,0.9,7
개인투자조합,200,180,380,높음,0.9,10
법인카드발급,190,190,380,높음,0.9,10
IRP이전,100,280,380,높음,0.9,9
상해보험추천,50,330,380,높음,0.9,10
고용보험실업급여모의계산,110,270,380,낮음,0.3,0
고용노동부실업급여신청,190,190,380,중간,0.6,1
3D프린터피규어,80,300,380,높음,0.9,10
취업지원프로그램,200,180,380,높음,0.9,9
코딩교육,150,230,380,높음,0.9,10
소상공인특례보증,100,280,380,높음,0.9,10
황학동중고주방,60,320,380,높음,0.9,10
경매권리분석,120,260,380,높음,0.9,9
부기사,260,120,380,낮음,0.3,1
임차권등기명령서류,160,220,380,중간,0.6,8
SUV자동차,110,270,380,높음,0.9,10
화물전기차,70,310,380,높음,0.9,10
중국증시전망,70,310,380,중간,0.6,6
삼성코덱스,100,280,380,낮음,0.3,1
모기기피제스프레이,100,280,380,높음,0.9,8
모기계피,60,320,380,높음,0.9,3
인천자동차검사대행,110,270,380,중간,0.6,7
올인원청소기,70,310,380,중간,0.6,8
SKT알뜰폰요금제비교,100,280,380,중간,0.6,8
인터넷100메가500메가차이,160,220,380,중간,0.6,5
알뜰폰데이터요금제,80,300,380,높음,0.9,10
알뜰폰약정,100,280,380,높음,0.9,10
자급제알뜰폰,110,270,380,높음,0.9,10
공기청정,50,330,380,높음,0.9,8
반려동물공기청정기,60,320,380,높음,0.9,9
LG건조기선반,40,340,380,높음,0.9,8
베란다습기제거,40,340,380,중간,0.6,7
투매트리스,50,330,380,높음,0.9,9
캠핑수저,90,290,380,중간,0.6,8
양산캠핑,60,320,380,높음,0.9,10
안마의자대여,50,330,380,중간,0.6,8
홍삼추천,70,310,380,높음,0.9,8
가정의달,140,240,380,높음,0.9,7
책상의자브랜드,90,290,380,높음,0.9,8
허리디스크의자추천,70,310,380,높음,0.9,8
독서소파,60,320,380,높음,0.9,8
남자친구어머니선물,40,340,380,높음,0.9,10
전세보증금보험,120,260,380,높음,0.9,7
고양이보험추천,50,330,380,높음,0.9,10
여행자보험청구기간,70,310,380,높음,0.9,3
유병자간병인보험,90,290,380,높음,0.9,7
간병인일당,60,320,380,높음,0.9,10
삼성홀인원보험,30,350,380,중간,0.6,3
간편보험,80,300,380,높음,0.9,10
운전면허정지,60,320,380,높음,0.9,10
척추질환,140,240,380,높음,0.9,10
비염치료제,90,290,380,높음,0.9,10
허리치료,50,330,380,높음,0.9,10
허리디스크정형외과,50,330,380,높음,0.9,3
비염코골이,90,290,380,높음,0.9,10
5대암검진,120,260,380,높음,0.9,10
판교건강검진,100,280,380,높음,0.9,10
수원소화기내과,70,310,380,높음,0.9,10
주방설비,120,260,380,높음,0.9,10
베란다바닥누수,50,330,380,중간,0.6,6
시원한여름이불,40,340,380,높음,0.9,8
라지킹여름이불,90,290,380,높음,0.9,8
자동차전기충전기,50,330,380,높음,0.9,8
씨가드냉감패드,30,350,380,높음,0.9,7
중고차순위,110,270,380,높음,0.9,10
써큘레이터1+1,60,320,380,높음,0.9,7
공기청정선풍기,60,320,380,높음,0.9,8
주방용저울,120,260,380,중간,0.6,8
복합식가습기,180,200,380,중간,0.6,8
카니발텐트,40,340,380,높음,0.9,8
듀얼전동킥보드,110,270,380,높음,0.9,8
다운힐자전거,50,330,380,높음,0.9,3
여성전기자전거,40,340,380,중간,0.6,8
영유아카시트,60,320,380,높음,0.9,9
골든저지분유,20,360,380,중간,0.6,4
강아지사료순위,80,300,380,높음,0.9,10
마우스커스텀,190,190,380,높음,0.9,10
듀얼업모니터,200,180,380,중간,0.6,6
피에프,60,320,380,중간,0.6,1
약국권리금,160,220,380,높음,0.9,10
성남시재개발,120,260,380,높음,0.9,10
화재누수보험,120,260,380,높음,0.9,10
보험보장분석,170,210,380,높음,0.9,10
1일자동차보험가격,60,320,380,높음,0.9,9
무선청소기배터리,50,330,380,높음,0.9,8
1등급창문형에어컨,110,270,380,높음,0.9,8
블레이드X,90,290,380,중간,0.6,6
블랙홀음식물처리기,30,350,380,중간,0.6,7
CRP-DHAS069FB,80,300,380,높음,0.9,7
여행용밥솥,60,320,380,높음,0.9,8
삼성창문형에어콘,70,310,380,높음,0.9,7
에어후라이기추천,40,340,380,높음,0.9,8
사내카페,120,260,380,높음,0.9,10
스마트키개조,60,320,380,높음,0.9,8
강화유리문힌지,110,270,380,중간,0.6,8
G80스마트키,60,320,380,높음,0.9,10
여닫이방충망,80,300,380,높음,0.9,8
스테인리스방충망,40,340,380,높음,0.9,8
방충망가스켓,120,260,380,높음,0.9,8
옷도매사이트,80,300,380,높음,0.9,10
화이바글라스,170,210,380,높음,0.9,8
블랙박스순위,110,270,380,높음,0.9,10
LXQ3300,130,250,380,높음,0.9,3
아이나비대리점,60,320,380,높음,0.9,10
서창동열쇠,5,370,375,높음,0.9,7
파산신고,80,290,370,높음,0.9,10
개인회생법무사비용,100,270,370,높음,0.9,10
개인회생기각사유,120,250,370,높음,0.9,10
공무원개인회생,180,190,370,높음,0.9,10
개인회생연체,90,280,370,높음,0.9,10
급전필요,30,340,370,높음,0.9,7
무직신용대출,50,320,370,높음,0.9,10
후순위,90,280,370,높음,0.9,10
대출확인,90,280,370,높음,0.9,10
부동산대출금리,120,250,370,높음,0.9,10
개인신용정보조회서,240,130,370,높음,0.9,10
자산배분,150,220,370,높음,0.9,7
실손보험세대,130,240,370,높음,0.9,7
다이렉트암보험비갱신,90,280,370,높음,0.9,10
중입자치료보험,80,290,370,높음,0.9,7
20년납100세만기,70,300,370,높음,0.9,10
운전자보험갱신,130,240,370,높음,0.9,10
음주운전보험,50,320,370,높음,0.9,10
교통사고위로금,50,320,370,높음,0.9,10
상속세무사,130,240,370,높음,0.9,10
상속법무사비용,60,310,370,높음,0.9,7
자녀상속세,70,300,370,높음,0.9,3
리츠투자,160,210,370,높음,0.9,10
알바급여명세서,100,270,370,높음,0.9,10
수원노무사,150,220,370,높음,0.9,10
직업훈련원,160,210,370,높음,0.9,10
직업능력개발훈련,180,190,370,높음,0.9,10
코틀린,180,190,370,높음,0.9,10
고용노동부직업훈련,150,220,370,높음,0.9,10
자영업대출,60,310,370,높음,0.9,10
가전중고매입,50,320,370,높음,0.9,10
분양사기,80,290,370,높음,0.9,10
명도소송기간,100,270,370,높음,0.9,10
노후대비,110,260,370,높음,0.9,10
개인사업자연금저축,80,290,370,중간,0.6,7
연금보험수령액,60,310,370,높음,0.9,10
의료법인,140,230,370,높음,0.9,10
동탄자동차검사,80,290,370,높음,0.9,10
잡음,80,290,370,낮음,0.3,0
포켓와이파이대여,100,270,370,높음,0.9,10
미성년자휴대폰개통,70,300,370,높음,0.9,3
별정통신사,110,260,370,높음,0.9,10
알뜰폰공기계,70,300,370,높음,0.9,8
스페이스히터,210,160,370,높음,0.9,9
터치스크린노트북,130,240,370,높음,0.9,9
스마트매트리스,50,320,370,높음,0.9,10
부산캠핑용품점,30,340,370,높음,0.9,10
전신안마의자추천,30,340,370,높음,0.9,10
하이브리드매트리스,70,300,370,중간,0.6,8
6년근홍삼,70,300,370,중간,0.6,8
고등학생책상추천,60,310,370,높음,0.9,10
사업자부가세신고,200,170,370,높음,0.9,7
이익소각,250,120,370,높음,0.9,10
해외여행시준비물,50,320,370,중간,0.6,6
간병인보험청구,70,300,370,중간,0.6,5
보복운전기준,40,330,370,높음,0.9,10
비염수술코성형,100,270,370,높음,0.9,10
임플란트잘하는치과,140,230,370,높음,0.9,10
노인임플란트,70,300,370,높음,0.9,10
비후성비염,80,290,370,높음,0.9,10
천식치료제,100,270,370,높음,0.9,10
탄방동치과,100,270,370,높음,0.9,10
독감백신,200,170,370,높음,0.9,10
라식라섹수술,80,290,370,중간,0.6,8
내과건강검진,30,340,370,높음,0.9,7
34평이사비용,70,300,370,높음,0.9,10
손없는날이사비용,70,300,370,높음,0.9,10
집안청소대행,40,330,370,높음,0.9,10
롯데가스보일러,80,290,370,높음,0.9,9
이사청소후기,60,310,370,높음,0.9,10
분진청소,50,320,370,높음,0.9,10
청소업체추천,60,310,370,높음,0.9,10
판교입주청소,10,360,370,높음,0.9,10
경동콘덴싱보일러,80,290,370,높음,0.9,8
욕실누수공사비용,40,330,370,높음,0.9,7
아파트전기차충전,60,310,370,높음,0.9,10
테슬라충전기설치,90,280,370,중간,0.6,6
알러지케어여름이불,50,320,370,높음,0.9,9
부드러운여름이불,50,320,370,높음,0.9,8
듀라론매트,70,300,370,높음,0.9,8
중고차매매시세,70,300,370,높음,0.9,10
픽플러스중고차,80,290,370,중간,0.6,5
봄이불,50,320,370,높음,0.9,8
중고차매매서류,90,280,370,높음,0.9,10
아기방서큘레이터,50,320,370,높음,0.9,7
예쁜운동화,40,330,370,높음,0.9,10
다이얼등산화,70,300,370,높음,0.9,9
자전거판매,50,320,370,높음,0.9,8
신생아유모차추천,70,300,370,높음,0.9,8
캠프라인아틀라스,80,290,370,높음,0.9,7
에스웍,110,260,370,중간,0.6,1
JPX,100,270,370,높음,0.9,7
티피링크몰,210,160,370,중간,0.6,6
1단계기저귀,20,350,370,높음,0.9,3
순성카시트신생아,20,350,370,중간,0.6,2
아기CCTV,70,300,370,중간,0.6,8
KT에그와이파이,90,280,370,높음,0.9,8
오이스터3플러스,30,340,370,중간,0.6,5
단축키보드,160,210,370,중간,0.6,5
34인치커브드모니터,160,210,370,높음,0.9,8
샤오미모니터,120,250,370,중간,0.6,6
키즈시계폰,40,330,370,높음,0.9,3
IPADAIR5세대,70,300,370,높음,0.9,10
갤럭시탭S5,90,280,370,높음,0.9,10
서피스듀오,120,250,370,중간,0.6,4
아이패드M1,80,290,370,높음,0.9,7
24인치중고모니터,180,190,370,높음,0.9,10
기성고대출,130,240,370,높음,0.9,10
2금융토지담보대출,120,250,370,높음,0.9,10
공사대금,220,150,370,높음,0.9,10
국민연금연기연금,80,290,370,중간,0.6,2
개인사업자경비처리,90,280,370,높음,0.9,7
SK보험,90,280,370,높음,0.9,3
산재보험료율,300,70,370,높음,0.9,7
등기부등본PDF,250,120,370,높음,0.9,3
원룸무선청소기,100,270,370,중간,0.6,8
손청소기,70,300,370,높음,0.9,8
청소기배터리,50,320,370,높음,0.9,8
개털청소기,40,330,370,높음,0.9,8
음식물처리기설치,80,290,370,높음,0.9,10
원룸에어컨설치,170,200,370,높음,0.9,8
아내결혼기념일선물,120,250,370,높음,0.9,10
창문형에어컨대여,60,310,370,높음,0.9,8
멀티형에어컨,130,240,370,높음,0.9,8
13평에어컨,70,300,370,높음,0.9,8
정수기사은품,60,310,370,높음,0.9,10
화장실비데,60,310,370,높음,0.9,8
에어프라이요리,80,290,370,높음,0.9,10
바스켓에어프라이어,70,300,370,중간,0.6,8
현관문카메라,70,300,370,높음,0.9,8
사무실도어락,170,200,370,높음,0.9,8
사생활보호방충망,50,320,370,높음,0.9,7
현관방충망설치비용,40,330,370,높음,0.9,7
주방LED등교체,40,330,370,중간,0.6,8
천장조명설치,70,300,370,높음,0.9,10
유니터치,120,250,370,높음,0.9,8
혜강도어락,80,290,370,높음,0.9,8
미닫이도어락,110,260,370,중간,0.6,8
디지털도어락고장,40,330,370,높음,0.9,10
폴딩방충망,90,280,370,중간,0.6,8
후방블랙박스,50,320,370,중간,0.6,8
1채널블랙박스,80,290,370,중간,0.6,8
타이어제조일자,60,310,370,높음,0.9,3
블랙박스보조배터리추천,120,250,370,높음,0.9,9
신생아밤기저귀,5,360,365,높음,0.9,10
연체대출,20,340,360,높음,0.9,10
개인회생전문변호사,130,230,360,높음,0.9,10
회생파산,140,220,360,높음,0.9,10
신용회복위원회워크아웃,80,280,360,높음,0.9,3
주식개인회생,120,240,360,높음,0.9,10
개인회생변제금계산,90,270,360,높음,0.9,10
5000만원대출,70,290,360,높음,0.9,10
주말대출가능한곳,20,340,360,높음,0.9,10
당일급전대출,80,280,360,높음,0.9,7
빌라후순위대출,60,300,360,높음,0.9,10
혈압약실비,50,310,360,높음,0.9,3
어깨도수치료,50,310,360,높음,0.9,10
교통사고보험,120,240,360,높음,0.9,10
치과치료비용,50,310,360,높음,0.9,10
개인사업자종합소득세신고,190,170,360,높음,0.9,3
상속서류,80,280,360,높음,0.9,10
부동산양도소득세신고,210,150,360,중간,0.6,6
주부일자리,60,300,360,높음,0.9,10
메르치화재보험,30,330,360,높음,0.9,7
퇴직금신청기간,40,320,360,높음,0.9,3
안전관리자격증,160,200,360,높음,0.9,10
국가보조금,130,230,360,높음,0.9,3
크라우드펀딩사이트,140,220,360,높음,0.9,10
시스템에어컨중고,100,260,360,높음,0.9,10
상한제사후환급금,50,310,360,낮음,0.3,2
경기도청년창업대출,120,240,360,중간,0.6,5
전기차장기렌트카,100,260,360,높음,0.9,10
전기차중고시세,40,320,360,높음,0.9,10
아파트부동산,150,210,360,높음,0.9,10
개인연금ETF,90,270,360,높음,0.9,10
비상주사무실임대,210,150,360,높음,0.9,10
스마트스토어사업자등록,160,200,360,높음,0.9,3
삼성증권IRP계좌개설,140,220,360,낮음,0.3,1
자녀연금저축,90,270,360,높음,0.9,7
비과세통장,80,280,360,높음,0.9,10
소상공인신청,150,210,360,높음,0.9,3
모기퇴치램프,80,280,360,높음,0.9,8
모기등,50,310,360,높음,0.9,8
전자모기약,80,280,360,높음,0.9,7
날파리약,60,300,360,높음,0.9,8
집모기,60,300,360,높음,0.9,3
튜닝자동차검사대행,50,310,360,높음,0.9,9
ESIM알뜰폰,90,270,360,높음,0.9,10
SKT통신사이동,60,300,360,높음,0.9,7
인터넷공유기설치,50,310,360,높음,0.9,10
ESIM요금제,60,300,360,높음,0.9,10
휴대폰사전예약,60,300,360,높음,0.9,7
에어컨인버터정속형,90,270,360,높음,0.9,3
업소용눈꽃빙수기,100,260,360,높음,0.9,7
미니빨래건조기,40,320,360,높음,0.9,9
노트북게이밍,220,140,360,중간,0.6,8
미니의류건조기,60,300,360,중간,0.6,8
초소형세탁기,70,290,360,높음,0.9,8
LG트롬건조기9KG,30,330,360,중간,0.6,8
차박평탄화,80,280,360,높음,0.9,8
캠핑전시회,110,250,360,높음,0.9,10
가성비안마의자,80,280,360,높음,0.9,9
홍삼선물,120,240,360,높음,0.9,10
목디스크의자,130,230,360,높음,0.9,10
홍삼진본,50,310,360,높음,0.9,8
홍삼효과,80,280,360,높음,0.9,10
양삼,10,350,360,높음,0.9,8
근로소득세세율,210,150,360,높음,0.9,3
일용직급여,150,210,360,높음,0.9,10
근로기준법제23조,240,120,360,높음,0.9,3
부가세신고비용,100,260,360,높음,0.9,7
펫적금,100,260,360,높음,0.9,9
간병비보험비교,70,290,360,높음,0.9,10
대마도여행자보험,70,290,360,높음,0.9,7
폐렴진단비,70,290,360,높음,0.9,7
척추관절병원,70,290,360,높음,0.9,10
척추협착증치료,70,290,360,높음,0.9,10
원데이임플란트,140,220,360,높음,0.9,10
어린이비염치료,120,240,360,높음,0.9,8
65세임플란트,60,300,360,높음,0.9,10
틀이,50,310,360,높음,0.9,10
비염레이저시술,100,260,360,높음,0.9,7
치과후기,30,330,360,높음,0.9,10
30대건강검진,90,270,360,높음,0.9,10
라식재수술,40,320,360,높음,0.9,10
동두천장례식장,60,300,360,높음,0.9,7
서울쉴낙원,50,310,360,높음,0.9,7
FIMS치료,100,260,360,높음,0.9,10
거제입주청소,80,280,360,높음,0.9,10
대성가스보일러,30,330,360,높음,0.9,8
보일러순환펌프,80,280,360,중간,0.6,8
수전물샘,40,320,360,높음,0.9,7
시어서커차렵이불,40,320,360,높음,0.9,8
아파트전기차충전기,90,270,360,높음,0.9,9
여름용침대패드,50,310,360,높음,0.9,8
차량가격,100,260,360,높음,0.9,10
외제중고차시세,80,280,360,높음,0.9,10
써큘레이터날개,50,310,360,높음,0.9,7
저소음선풍기추천,80,280,360,높음,0.9,8
여행용저울,70,290,360,높음,0.9,8
온도계습도계,120,240,360,높음,0.9,8
여자러닝화추천,80,280,360,높음,0.9,7
전동자전거가격,30,330,360,높음,0.9,7
캠프라인애니스톰,100,260,360,높음,0.9,8
콜롬비아트레킹화,40,320,360,높음,0.9,9
세종신달자,20,340,360,낮음,0.3,0
헤지스골프백,30,330,360,높음,0.9,8
시트백커버,70,290,360,중간,0.6,7
분유값,60,300,360,중간,0.6,5
6세카시트,40,320,360,중간,0.6,7
TAPOC320WS,130,230,360,중간,0.6,7
면기저귀,30,330,360,중간,0.6,8
프리미엄사료,30,330,360,중간,0.6,8
WIHA,130,230,360,중간,0.6,8
탭S9,70,290,360,높음,0.9,7
600리터냉장고,100,260,360,높음,0.9,10
가민베뉴3S,80,280,360,중간,0.6,6
컴퓨터모니터27인치,150,210,360,높음,0.9,8
무선무소음키보드,160,200,360,높음,0.9,9
미니테블릿,90,270,360,중간,0.6,7
경매취하대출,130,230,360,높음,0.9,10
상가건물대출,80,280,360,높음,0.9,9
대부업등록,140,220,360,높음,0.9,10
전기스쿠터보험,60,300,360,높음,0.9,10
차량수리견적,50,310,360,높음,0.9,10
자동차구조변경신청,110,250,360,중간,0.6,6
부모님선물추천,110,250,360,높음,0.9,10
압력밥솥3인용,30,330,360,높음,0.9,8
1인용압력솥,30,330,360,높음,0.9,8
실용적인선물,80,280,360,높음,0.9,10
캠핑압력밥솥,40,320,360,높음,0.9,8
내솥교체,30,330,360,중간,0.6,5
LG창문형에어컨렌탈,60,300,360,높음,0.9,7
자취템,90,270,360,높음,0.9,10
LG휘센타워에어컨,20,340,360,높음,0.9,8
로봇커피,90,270,360,높음,0.9,10
에어프라이어스텐,40,320,360,높음,0.9,9
오븐형에어프라이기,100,260,360,높음,0.9,8
캡슐커피머신청소,50,310,360,높음,0.9,9
비데순위,70,290,360,높음,0.9,8
벤츠키복사,50,310,360,높음,0.9,10
상가유리문교체,40,320,360,높음,0.9,10
스마트키수리,40,320,360,높음,0.9,10
SYM오토바이,80,280,360,높음,0.9,7
현관보조키,60,300,360,중간,0.6,8
번호키설치,20,340,360,높음,0.9,10
현관자동방충망,30,330,360,높음,0.9,8
방충망안전장치,40,320,360,중간,0.6,8
도어락게이트맨,60,300,360,높음,0.9,8
방충망벌레,40,320,360,높음,0.9,8
안산도어락,30,330,360,높음,0.9,10
현관열쇠,60,300,360,높음,0.9,10
삼성SDS도어락,90,270,360,높음,0.9,8
룸밀러블랙박스,90,270,360,높음,0.9,9
블랙박스장착점,40,320,360,높음,0.9,10
네비후방카메라,60,300,360,높음,0.9,8
영등포블랙박스,10,350,360,높음,0.9,10
파인뷰블랙박스수리,50,310,360,높음,0.9,10
파산조건,40,310,350,높음,0.9,10
개인회생제도,180,170,350,높음,0.9,10
신용불량자조회,100,250,350,높음,0.9,10
보증금반환대출,140,210,350,높음,0.9,10
의료실비보험,60,290,350,높음,0.9,10
실비보험신청,60,290,350,높음,0.9,10
유사암진단비,80,270,350,높음,0.9,10
운전자보험필요성,110,240,350,높음,0.9,10
삼성화재운전자보험다이렉트,220,130,350,낮음,0.3,2
충치치료보험,40,310,350,높음,0.9,10
증여세상담,80,270,350,높음,0.9,10
2주택자양도세,100,250,350,높음,0.9,3
상속세세무사비용,100,250,350,높음,0.9,10
퍼시픽문제집,50,300,350,중간,0.6,3
연말정산소득공제항목,120,230,350,중간,0.6,8
연금저축연말정산,130,220,350,높음,0.9,3
상속세자녀공제,70,280,350,중간,0.6,6
상속비율,90,260,350,높음,0.9,10
양도세신고기한,160,190,350,중간,0.6,5
보험견적,170,180,350,높음,0.9,10
크라우드소싱,170,180,350,높음,0.9,10
보험정리어플,80,270,350,높음,0.9,7
노사협의회규정,260,90,350,높음,0.9,10
직장내괴롭힘노무사,130,220,350,높음,0.9,10
국비지원내일배움카드,120,230,350,높음,0.9,10
청년지원정책,210,140,350,중간,0.6,2
만화그리기,70,280,350,높음,0.9,10
전문학교,120,230,350,높음,0.9,10
드로잉책,40,310,350,높음,0.9,10
3D게임,110,240,350,높음,0.9,10
광주제과제빵학원,70,280,350,높음,0.9,10
중소기업육성자금,250,100,350,높음,0.9,10
여성기업정책자금,160,190,350,중간,0.6,6
보증보험대출,90,260,350,높음,0.9,10
청년친화강소기업,260,90,350,중간,0.6,4
자영업폐업,110,240,350,높음,0.9,10
중고식품기계,190,160,350,높음,0.9,10
중고소파매입,50,300,350,높음,0.9,10
임차권등기명령신청서,250,100,350,높음,0.9,10
서울재개발아파트,70,280,350,높음,0.9,3
1톤전기차,60,290,350,높음,0.9,10
벤츠E클래스450,40,310,350,높음,0.9,10
부산부동산정보,120,230,350,높음,0.9,10
농산물ETF,100,250,350,높음,0.9,3
사이버보안ETF,100,250,350,높음,0.9,3
철도주식,30,320,350,높음,0.9,3
금융상품,150,200,350,높음,0.9,10
기술신용평가,240,110,350,높음,0.9,10
층간소음측정,190,160,350,높음,0.9,10
양주블루핸즈,40,310,350,중간,0.6,2
하수구모기,50,300,350,높음,0.9,9
업소용벌레퇴치기,80,270,350,높음,0.9,8
자동차구조변경비용,60,290,350,높음,0.9,7
포충기램프,90,260,350,높음,0.9,8
자동차검사대리인,70,280,350,중간,0.6,2
전기파리모기채,110,240,350,높음,0.9,8
SK유심구매,60,290,350,높음,0.9,10
고음질이어폰,40,310,350,높음,0.9,8
가성비로봇청소기추천,80,270,350,높음,0.9,8
알뜰폰변경,90,260,350,높음,0.9,9
알뜰요금제사이트,100,250,350,높음,0.9,7
알뜰폰고객센터,80,270,350,높음,0.9,10
블루투스골전도이어폰,60,290,350,높음,0.9,9
오픈형무선이어폰추천,110,240,350,높음,0.9,8
습도조절기,90,260,350,높음,0.9,10
삼성프린터수리,120,230,350,높음,0.9,10
태블릿노트북,100,250,350,중간,0.6,8
건조기용량,60,290,350,높음,0.9,10
세탁기크기,110,240,350,중간,0.6,8
옷장곰팡이,20,330,350,높음,0.9,10
올인원세탁건조기,60,290,350,높음,0.9,8
곰팡이방지,40,310,350,높음,0.9,8
모하비차박,60,290,350,높음,0.9,9
랜턴쉐이드,80,270,350,높음,0.9,7
전신안마기추천,20,330,350,높음,0.9,10
텐셀매트리스,30,320,350,중간,0.6,8
높은매트리스,40,310,350,높음,0.9,8
초등학생의자추천,50,300,350,중간,0.6,8
책상용의자,110,240,350,중간,0.6,8
메쉬체어,70,280,350,높음,0.9,8
디스크의자,90,260,350,높음,0.9,8
세무조정료,150,200,350,높음,0.9,7
세종시세무서,90,260,350,높음,0.9,3
배상금,120,230,350,낮음,0.3,0
여행자보험항공기지연,80,270,350,높음,0.9,7
실버간병보험,170,180,350,높음,0.9,10
DB간병보험,80,270,350,높음,0.9,7
자본시장법위반,160,190,350,높음,0.9,10
교통사고소송,120,230,350,높음,0.9,10
일반상해후유장해,50,300,350,높음,0.9,10
맥브라이드,120,230,350,높음,0.9,10
음주운전취소벌금,50,300,350,높음,0.9,10
치과임플란트,60,290,350,높음,0.9,10
알러지비염,110,240,350,높음,0.9,10
임플란트뼈이식가격,30,320,350,높음,0.9,10
앞니임플란트후기,50,300,350,높음,0.9,10
척추측만증도수치료,60,290,350,높음,0.9,10
목기침,100,250,350,높음,0.9,10
기관지천식,60,290,350,높음,0.9,10
건강검진기관,160,190,350,높음,0.9,10
공수병예방접종,120,230,350,높음,0.9,3
라식검사,70,280,350,높음,0.9,10
5월손없는날,10,340,350,높음,0.9,7
가정의학과의원,40,310,350,높음,0.9,7
화장실누수공사비용,50,300,350,높음,0.9,10
아파트누수탐지업체,70,280,350,높음,0.9,10
누수점검,60,290,350,높음,0.9,10
25평입주청소비용,70,280,350,높음,0.9,10
해운대입주청소,90,260,350,높음,0.9,10
귀뚜라미보일러대리점,40,310,350,중간,0.6,6
면여름이불,30,320,350,높음,0.9,7
단독주택전기차충전기,80,270,350,중간,0.6,7
여자런닝화추천,100,250,350,높음,0.9,10
런닝운동화,70,280,350,높음,0.9,8
아기가습기추천,50,300,350,높음,0.9,8
골프쇼핑몰,140,210,350,높음,0.9,10
아식스등산화,80,270,350,높음,0.9,8
미즈노프로241,70,280,350,높음,0.9,7
여성우드,50,300,350,중간,0.6,8
남성골프백추천,60,290,350,높음,0.9,7
셋톱박스숨기기,70,280,350,높음,0.9,10
유아안전벨트가드,50,300,350,중간,0.6,7
시크맥스아이진,30,320,350,높음,0.9,3
테블릿PC추천,120,230,350,중간,0.6,8
27인치모니터추천,170,180,350,높음,0.9,8
27UL550,140,210,350,중간,0.6,6
게이밍무선키보드,120,230,350,중간,0.6,8
SM-P200,120,230,350,중간,0.6,5
39인치모니터,140,210,350,높음,0.9,10
관제센터,130,220,350,높음,0.9,10
리모델링대출,70,280,350,높음,0.9,10
가게양도양수,70,280,350,높음,0.9,10
토지분할,170,180,350,높음,0.9,9
근로소득세환급,70,280,350,중간,0.6,8
국민연금포털,220,130,350,높음,0.9,3
종합소득세환급조회,100,250,350,높음,0.9,7
내보험분석,90,260,350,높음,0.9,10
청소기흡입력,50,300,350,높음,0.9,8
아버지환갑선물,80,270,350,높음,0.9,10
원룸음식물쓰레기,20,330,350,높음,0.9,3
실외기필요없는에어컨,110,240,350,높음,0.9,7
23평형에어컨,80,270,350,높음,0.9,8
에어컨실외기사이즈,90,260,350,높음,0.9,3
삼성에어컨30평,40,310,350,높음,0.9,3
가정용반자동커피머신,60,290,350,높음,0.9,8
에어프라이어스팀,60,290,350,높음,0.9,8
CAF-E0810TW,140,210,350,높음,0.9,3
사무실음료수,220,130,350,높음,0.9,7
문짝수리,50,300,350,높음,0.9,10
미세방충망시공가격,50,300,350,높음,0.9,7
주키도어락,30,320,350,중간,0.6,8
DIY방충망,150,200,350,높음,0.9,7
열쇠도어락,80,270,350,높음,0.9,10
도어락AS,40,310,350,높음,0.9,10
게이트맨GP300R,60,290,350,높음,0.9,3
블랙박스종류,70,280,350,높음,0.9,10
차량블랙박스설치,80,270,350,중간,0.6,8
EVCHARGING,40,310,350,높음,0.9,3
빌라전기차충전,30,320,350,중간,0.6,8
자영업자개인회생,190,150,340,높음,0.9,10
개인회생사기,40,300,340,높음,0.9,10
2주택자주택담보대출,110,230,340,높음,0.9,10
주유할인신용카드,120,220,340,높음,0.9,10
실손보험비교사이트,150,190,340,높음,0.9,10
신용평가보고서,260,80,340,높음,0.9,10
신용등급올리는법,50,290,340,높음,0.9,10
실비갱신,60,280,340,높음,0.9,7
암주요치료비보험,110,230,340,높음,0.9,7
경리프로그램,220,120,340,높음,0.9,10
세무사되는법,70,270,340,높음,0.9,10
상속세납부방법,100,240,340,높음,0.9,3
더스마트상속,80,260,340,낮음,0.3,2
노무관리,170,170,340,높음,0.9,7
40대일자리,70,270,340,높음,0.9,10
해고절차,120,220,340,높음,0.9,7
온라인마케팅교육,100,240,340,높음,0.9,10
마케팅교육,200,140,340,높음,0.9,10
웹툰그리기,80,260,340,높음,0.9,10
그림학원,60,280,340,높음,0.9,10
부산내일배움카드,70,270,340,높음,0.9,10
OCP자격증,160,180,340,중간,0.6,8
HRD교육,190,150,340,높음,0.9,7
소상공인특화자금,150,190,340,높음,0.9,3
대학생창업,90,250,340,높음,0.9,10
가맹,120,220,340,높음,0.9,10
가구매입,90,250,340,높음,0.9,10
중고씽크대,40,300,340,높음,0.9,10
오피스텔전세사기,110,230,340,높음,0.9,10
공탁보증보험,160,180,340,높음,0.9,10
주식형펀드,80,260,340,높음,0.9,10
8월상장주,50,290,340,중간,0.6,5
SPC법인,170,170,340,높음,0.9,10
아파트층간소음매트,60,280,340,높음,0.9,10
아파트방음시공,70,270,340,높음,0.9,10
파리모기살충제,50,290,340,높음,0.9,7
알들폰,60,280,340,높음,0.9,7
SK텔레콤번호이동,80,260,340,높음,0.9,10
인터넷알뜰요금제,90,250,340,높음,0.9,7
SK유선방송,20,320,340,높음,0.9,10
핸드폰할부,70,270,340,중간,0.6,8
알뜰요금제데이터무제한,70,270,340,높음,0.9,10
알뜰폰이벤트,110,230,340,높음,0.9,10
공기전도이어폰,110,230,340,높음,0.9,8
알뜰폰요금제사이트,120,220,340,높음,0.9,7
엘지공기청정기퓨리케어,40,300,340,높음,0.9,8
카이저눈꽃빙수기,70,270,340,높음,0.9,8
공장청소기,110,230,340,높음,0.9,8
곰팡이제거방법,110,230,340,높음,0.9,10
곰팡이방지실리콘,90,250,340,높음,0.9,8
세탁기9KG,90,250,340,높음,0.9,9
대전과일가게,50,290,340,높음,0.9,3
소금선물세트,110,230,340,높음,0.9,10
쉘프,90,250,340,높음,0.9,8
캠핑용품할인점,30,310,340,높음,0.9,10
바퀴달린책상,80,260,340,높음,0.9,8
맞춤의자,130,210,340,높음,0.9,8
정관장홍삼선물세트,60,280,340,높음,0.9,10
비급여동의서,200,140,340,높음,0.9,3
연장근로수당계산기,190,150,340,낮음,0.3,0
부가세신고불성실가산세,310,30,340,높음,0.9,10
불이행,100,240,340,높음,0.9,3
부동산등기서류,120,220,340,높음,0.9,10
전대인,160,180,340,낮음,0.3,0
간병인구하기,60,280,340,높음,0.9,10
간병인보험다이렉트,110,230,340,높음,0.9,7
노인장기요양보험료,160,180,340,중간,0.6,7
교통사고민사소송,110,230,340,높음,0.9,10
척추압박골절후유장해,120,220,340,높음,0.9,10
비접촉뺑소니,50,290,340,높음,0.9,10
산재장애등급,40,300,340,높음,0.9,10
비염연고,60,280,340,중간,0.6,8
임프란트,40,300,340,높음,0.9,10
임플란트가격비교,120,220,340,높음,0.9,10
네오임플란트가격,20,320,340,높음,0.9,10
김응학치과,20,320,340,낮음,0.3,0
갑상샘저하증,90,250,340,높음,0.9,7
이사전해야할일,110,230,340,높음,0.9,7
부산이사짐센터,60,280,340,높음,0.9,10
24평이사비용,90,250,340,높음,0.9,10
라섹수술가격,80,260,340,높음,0.9,10
도배장판가격,30,310,340,높음,0.9,10
린나이보일러가격,50,290,340,높음,0.9,10
곰팡이청소,50,290,340,높음,0.9,10
대리석청소,40,300,340,높음,0.9,10
청주입주청소업체,20,320,340,높음,0.9,10
구로구입주청소,70,270,340,높음,0.9,10
전기차충전기보조금,150,190,340,높음,0.9,9
노르딕슬립여름이불,30,310,340,높음,0.9,7
주택전기차충전기,70,270,340,높음,0.9,10
중고차견적내기,70,270,340,높음,0.9,10
중고차판매사이트,140,200,340,높음,0.9,10
중고차량,130,210,340,높음,0.9,10
중고차팔때필요서류,60,280,340,높음,0.9,10
책상밑선풍기,170,170,340,높음,0.9,3
쿠션러닝화,60,280,340,높음,0.9,7
아기방가습기,70,270,340,높음,0.9,8
컴퓨터중고매입,120,220,340,높음,0.9,10
산업용코끼리에어컨,110,230,340,높음,0.9,7
브랜드운동화,20,320,340,높음,0.9,10
발편한런닝화,50,290,340,높음,0.9,7
자전거할인,90,250,340,높음,0.9,10
기가골프채,20,320,340,높음,0.9,8
미니전동스쿠터,70,270,340,높음,0.9,8
국내산기저귀,10,330,340,높음,0.9,9
아기귀저기,40,300,340,높음,0.9,8
기저귀천,40,300,340,중간,0.6,8
강아지습식사료추천,40,300,340,중간,0.6,8
이쁜키보드,100,240,340,중간,0.6,8
낫싱워치,80,260,340,중간,0.6,6
키즈손목시계,20,320,340,높음,0.9,8
통신요금연체,80,260,340,높음,0.9,10
기계담보대출,170,170,340,높음,0.9,10
건설신문,280,60,340,낮음,0.3,0
전세자금대출DSR,110,230,340,높음,0.9,3
통대환대출,80,260,340,높음,0.9,10
5월연말정산환급,40,300,340,높음,0.9,3
종합소득세분할납부,110,230,340,높음,0.9,3
엔진오일교환가격,70,270,340,높음,0.9,10
원룸청소기추천,80,260,340,중간,0.6,8
스틱청소기,70,270,340,높음,0.9,9
스탠드에어컨평수,50,290,340,높음,0.9,3
스테인리스밥솥,40,300,340,중간,0.6,8
전기밥솥내솥,30,310,340,높음,0.9,8
저당압력밥솥,40,300,340,높음,0.9,8
원두커피머신렌탈,180,160,340,높음,0.9,10
스팀에어프라이기,80,260,340,높음,0.9,8
커피머신필터,80,260,340,높음,0.9,8
현관홈캠,50,290,340,높음,0.9,8
QM6스마트키,40,300,340,높음,0.9,10
문고리수리,60,280,340,높음,0.9,10
미닫이문도어락,100,240,340,중간,0.6,8
롤스크린방충망,80,260,340,높음,0.9,8
현대순정네비,50,290,340,높음,0.9,9
신용회복신청,70,260,330,높음,0.9,10
저축은행신용대출,100,230,330,높음,0.9,10
개인신용정보서발급,170,160,330,높음,0.9,10
실비보험비급여,50,280,330,높음,0.9,10
실비보험조회,100,230,330,높음,0.9,10
치과교정보험,30,300,330,높음,0.9,10
기아카니발가격,30,300,330,높음,0.9,10
종합소득세계산법,100,230,330,높음,0.9,10
어린이치아교정보험,80,250,330,높음,0.9,10
구독경제,140,190,330,높음,0.9,3
유산상속세,40,290,330,중간,0.6,8
상속세법,180,150,330,높음,0.9,10
주택임대사업자양도세,100,230,330,높음,0.9,7
일반과세자세금,50,280,330,높음,0.9,10
파산관재인면담,20,310,330,중간,0.6,2
중장년취업,150,180,330,높음,0.9,10
공제보험,90,240,330,높음,0.9,7
징계해고,110,220,330,높음,0.9,10
취미학원,40,290,330,높음,0.9,10
근처컴퓨터학원,20,310,330,높음,0.9,10
BIM설계,170,160,330,높음,0.9,7
텔레몬,110,220,330,낮음,0.3,1
은세공,50,280,330,높음,0.9,10
대기업취업,120,210,330,높음,0.9,9
국비자격증,90,240,330,높음,0.9,10
소상공인대출조건,40,290,330,높음,0.9,10
신규개인사업자대출,90,240,330,높음,0.9,10
신규사업자대출조건,60,270,330,높음,0.9,10
인천소상공인,150,180,330,높음,0.9,10
중고식당테이블,50,280,330,높음,0.9,10
벤처기업인증요건,220,110,330,높음,0.9,10
회사소개서양식,270,60,330,높음,0.9,10
장기렌트전기차,50,280,330,높음,0.9,10
전기차가격비교,80,250,330,높음,0.9,10
조합아파트,80,250,330,높음,0.9,10
모델하우스오픈,90,240,330,높음,0.9,10
베트남펀드,90,240,330,중간,0.6,7
ETF펀드,90,240,330,높음,0.9,10
은행개인연금저축,70,260,330,높음,0.9,7
IRP개인연금,110,220,330,높음,0.9,3
건식보일러,50,280,330,높음,0.9,10
에어스프링,70,260,330,높음,0.9,10
모기진드기기피제,40,290,330,높음,0.9,8
구조변경,140,190,330,높음,0.9,10
캠핑모기,80,250,330,높음,0.9,8
업소용포충등,90,240,330,높음,0.9,8
부평자동차검사소,50,280,330,중간,0.6,7
한국선불유심,60,270,330,중간,0.6,8
알뜰폰선택약정,70,260,330,높음,0.9,9
탑승식청소차,170,160,330,높음,0.9,10
대형공기청정기,100,230,330,높음,0.9,10
보행식청소기,160,170,330,높음,0.9,10
드럼세탁기건조기일체형,50,280,330,높음,0.9,8
세탁기소형,30,300,330,높음,0.9,10
소형통돌이세탁기,50,280,330,높음,0.9,8
삼성울트라북,100,230,330,높음,0.9,7
라이트형제러그,70,260,330,낮음,0.3,2
싼타페캠핑카,50,280,330,높음,0.9,3
보리굴비세트,20,310,330,높음,0.9,8
매립식기세척기,10,320,330,높음,0.9,7
매트리스구매,250,80,330,높음,0.9,8
호텔형침대,90,240,330,높음,0.9,8
종이나라색종이,70,260,330,높음,0.9,8
김세트,100,230,330,중간,0.6,8
요추의자,80,250,330,중간,0.6,8
바퀴없는책상의자,70,260,330,높음,0.9,9
어린이책상의자세트,40,290,330,높음,0.9,8
일용직소득세계산,300,30,330,높음,0.9,3
여행자보험당일가입,40,290,330,높음,0.9,7
간병비보험적용,30,300,330,높음,0.9,10
펫코노미,130,200,330,높음,0.9,3
경증치매보험,100,230,330,높음,0.9,10
생명보험사,140,190,330,높음,0.9,10
부동산금융,130,200,330,높음,0.9,7
어린이보호구역사고,90,240,330,높음,0.9,10
임플란트잘하는곳,130,200,330,높음,0.9,10
치아임플란트가격,30,300,330,높음,0.9,10
만성축농증,90,240,330,높음,0.9,3
임플란트틀니가격,40,290,330,높음,0.9,10
목디스크치료법,60,270,330,높음,0.9,10
당뇨임플란트,70,260,330,높음,0.9,7
교통사고물리치료,40,290,330,높음,0.9,10
미사건강검진,130,200,330,높음,0.9,10
종합건강검진센터,90,240,330,높음,0.9,10
부산갑상선,160,170,330,높음,0.9,10
일요일건강검진,50,280,330,높음,0.9,10
향남포장이사,290,40,330,높음,0.9,10
아파트옥상누수,50,280,330,높음,0.9,10
리크테스트,160,170,330,높음,0.9,10
새집증후군청소,60,270,330,높음,0.9,10
귀뚜라미콘덴싱보일러,60,270,330,높음,0.9,8
업소용온수기,80,250,330,높음,0.9,9
경동나비엔기름보일러,60,270,330,높음,0.9,10
전기자동차충전소,80,250,330,높음,0.9,10
가정용충전기,80,250,330,높음,0.9,8
이불베개세트,80,250,330,높음,0.9,8
전기차충전소설치비용,110,220,330,높음,0.9,10
수입중고차시세표,90,240,330,높음,0.9,10
내차정보,70,260,330,높음,0.9,7
중고차사이트순위,160,170,330,높음,0.9,10
차팔기,60,270,330,높음,0.9,10
스탠드써큘레이터,50,280,330,높음,0.9,8
인테리어선풍기,40,290,330,높음,0.9,7
소형가습기,110,220,330,중간,0.6,8
신발쿠션,70,260,330,중간,0.6,8
여름런닝화,60,270,330,높음,0.9,8
USB가습기,280,50,330,높음,0.9,8
5인용텐트,40,290,330,중간,0.6,8
펫유모차,60,270,330,높음,0.9,10
캠프라인중등산화,60,270,330,중간,0.6,8
투어백,60,270,330,높음,0.9,7
낚시대수축튜브,50,280,330,높음,0.9,9
자동차시트카바,50,280,330,높음,0.9,8
가죽시트,70,260,330,높음,0.9,8
와이파이안테나,110,220,330,높음,0.9,8
원룸와이파이설치,30,300,330,높음,0.9,10
싸이벡스아노리스,50,280,330,높음,0.9,3
대형견사료추천,50,280,330,높음,0.9,8
PC방키보드,110,220,330,중간,0.6,8
LG컴퓨터모니터,100,230,330,중간,0.6,8
로지텍블루투스키보드K380,80,250,330,높음,0.9,8
키감좋은키보드,130,200,330,높음,0.9,7
서피스프로4,90,240,330,높음,0.9,9
건물대출,70,260,330,높음,0.9,10
경매공매,140,190,330,높음,0.9,9
관리처분계획,110,220,330,높음,0.9,7
승강기배상책임보험,160,170,330,높음,0.9,10
임대인보증보험,90,240,330,높음,0.9,3
웰닉스,60,270,330,중간,0.6,1
70대선물,60,270,330,높음,0.9,10
에어컨구입,80,250,330,높음,0.9,7
40대여자친구생일선물,70,260,330,높음,0.9,10
씽크대설치,60,270,330,높음,0.9,10
싱크대수도교체,50,280,330,높음,0.9,8
삼겹살에어프라이,20,310,330,높음,0.9,3
식탁조명교체,60,270,330,높음,0.9,10
식탁등설치,70,260,330,높음,0.9,9
대문열쇠,50,280,330,높음,0.9,8
4채널블랙박스추천,90,240,330,높음,0.9,10
차량후방카메라,50,280,330,높음,0.9,8
서민지원대출,40,280,320,높음,0.9,10
대출정보조회,120,200,320,높음,0.9,10
바로대출,40,280,320,높음,0.9,10
당일소액대출,30,290,320,높음,0.9,10
저신용소액대출,30,290,320,높음,0.9,10
워크아웃대출,40,280,320,높음,0.9,10
실손보험갱신,80,240,320,높음,0.9,7
갱신형암보험,90,230,320,높음,0.9,10
갑상선암진단금,70,250,320,높음,0.9,10
치과레진가격,40,280,320,높음,0.9,10
치과보험청구서류,20,300,320,높음,0.9,7
치과보험서류,40,280,320,높음,0.9,10
누구나운전보험,40,280,320,높음,0.9,10
레진보험,60,260,320,높음,0.9,10
치과가격,30,290,320,높음,0.9,10
상속세세무사,160,160,320,높음,0.9,10
부동산증여서류,60,260,320,중간,0.6,6
배우자증여세,80,240,320,높음,0.9,3
사망신고후,30,290,320,높음,0.9,3
연말정산공제,90,230,320,중간,0.6,7
가정부업,40,280,320,높음,0.9,10
구직급여계산,70,250,320,낮음,0.3,0
돈많이버는알바,40,280,320,높음,0.9,9
소액체당금,90,230,320,높음,0.9,10
실업급여신청자격,110,210,320,높음,0.9,3
임금계산,150,170,320,낮음,0.3,0
AI코스웨어,220,100,320,높음,0.9,7
3D프린터사업,80,240,320,중간,0.6,6
웹툰일러스트,10,310,320,높음,0.9,3
웹툰배경,100,220,320,높음,0.9,9
IT개발자,40,280,320,높음,0.9,10
공무원이직,80,240,320,높음,0.9,3
국가지원,140,180,320,높음,0.9,7
대전소상공인대출,60,260,320,높음,0.9,10
경영안정자금,150,170,320,높음,0.9,10
은행창업대출,70,250,320,중간,0.6,8
식당폐업절차,40,280,320,높음,0.9,10
소진공대출,80,240,320,높음,0.9,7
김밥써는기계,30,290,320,높음,0.9,10
에어컨중고가격,40,280,320,높음,0.9,7
전기차시세,80,240,320,높음,0.9,10
임차권등기말소,140,180,320,높음,0.9,10
은퇴자금,90,230,320,높음,0.9,10
비즈니스센터,190,130,320,높음,0.9,10
경매강의,140,180,320,높음,0.9,10
자산포트폴리오,150,170,320,높음,0.9,9
퇴직연금보험,120,200,320,높음,0.9,10
녹색건축,250,70,320,중간,0.6,7
모기박멸,80,240,320,높음,0.9,7
BF인증기준,290,30,320,높음,0.9,7
야외모기퇴치,70,250,320,높음,0.9,8
자동차검사대리,50,270,320,높음,0.9,7
성동검사소,80,240,320,중간,0.6,6
인터넷결합,110,210,320,높음,0.9,10
런닝용이어폰,80,240,320,높음,0.9,8
알뜰폰할인카드,100,220,320,높음,0.9,10
통신사요금제,90,230,320,높음,0.9,10
산업용건조기,190,130,320,높음,0.9,10
공기정화기,70,250,320,높음,0.9,10
LG그램리퍼,90,230,320,높음,0.9,10
아기공기청정기,50,270,320,중간,0.6,8
제습기16리터,80,240,320,높음,0.9,8
빨래건조,50,270,320,중간,0.6,8
건조기겸용세탁기,40,280,320,높음,0.9,7
집습기제거,50,270,320,높음,0.9,7
1인세탁기,60,260,320,높음,0.9,8
5KG세탁기,50,270,320,높음,0.9,8
캠핑히터,70,250,320,중간,0.6,8
침대매트리스렌탈,50,270,320,높음,0.9,10
캠핑옷,50,270,320,높음,0.9,8
비박텐트,50,270,320,높음,0.9,9
BREEZEMOON,30,290,320,중간,0.6,7
식기세척기무타공,60,260,320,높음,0.9,7
전세집식기세척기,40,280,320,높음,0.9,7
차박평탄화매트,60,260,320,중간,0.6,8
더블사이즈매트리스,70,250,320,중간,0.6,8
누하스루나,70,250,320,높음,0.9,7
광천김선물세트,70,250,320,높음,0.9,10
페이커의자,100,220,320,중간,0.6,7
의자좌판,130,190,320,높음,0.9,8
홍삼성분,40,280,320,높음,0.9,10
프리랜서소득신고,80,240,320,중간,0.6,8
성과급소득세,130,190,320,높음,0.9,3
법인세금,110,210,320,높음,0.9,10
세무사추천,130,190,320,높음,0.9,10
동물보험,20,300,320,높음,0.9,10
DB손해보험간병비보험,60,260,320,높음,0.9,7
부동산개발,180,140,320,높음,0.9,10
교통사고벌금,40,280,320,높음,0.9,10
무릎수술비용,30,290,320,높음,0.9,10
임플란트AS기간,20,300,320,높음,0.9,3
임플란트시술,70,250,320,높음,0.9,10
당일임플란트,70,250,320,높음,0.9,10
옥천치과,60,260,320,중간,0.6,3
무치악임플란트,130,190,320,높음,0.9,10
기관지염기침,80,240,320,높음,0.9,7
치과공포증,70,250,320,높음,0.9,10
부평교통사고한의원,250,70,320,높음,0.9,7
대전노블리안치과,30,290,320,낮음,0.3,0
거북목병원,60,260,320,높음,0.9,10
광명건강검진,130,190,320,높음,0.9,10
컨테이너보관,110,210,320,높음,0.9,10
대구건강검진병원,90,230,320,높음,0.9,10
금천구입주청소,80,240,320,높음,0.9,10
보일러설치비용,50,270,320,높음,0.9,10
반포입주청소,10,310,320,높음,0.9,7
대구아파트입주청소,30,290,320,높음,0.9,10
보일러연도,160,160,320,높음,0.9,10
캐스케이드보일러,220,100,320,높음,0.9,10
국산이불,70,250,320,높음,0.9,10
인견블랭킷,20,300,320,높음,0.9,7
풍기인견이불패드,10,310,320,높음,0.9,7
자동차중고시세,90,230,320,높음,0.9,10
60수이불,50,270,320,중간,0.6,8
신일S10,30,290,320,높음,0.9,3
신일무소음서큘레이터,40,280,320,높음,0.9,3
탁자용선풍기,60,260,320,높음,0.9,7
가벼운러닝화,60,260,320,높음,0.9,8
8인치선풍기,70,250,320,높음,0.9,3
프리미엄비누,20,300,320,높음,0.9,10
푹신한운동화,40,280,320,높음,0.9,8
코오롱스포츠텐트,60,260,320,중간,0.6,3
남자트래킹화,110,210,320,중간,0.6,8
남성트레킹화추천,70,250,320,높음,0.9,8
명품골프백,40,280,320,높음,0.9,8
낙지낚시,40,280,320,중간,0.6,2
자동차가죽시트교체,40,280,320,높음,0.9,8
수입멸균우유추천,60,260,320,중간,0.6,6
KT라우터,130,190,320,높음,0.9,10
맥시코시미카프로,40,280,320,중간,0.6,4
실버크로스클릭,20,300,320,높음,0.9,3
나찌,50,270,320,높음,0.9,3
로지텍무선키보드마우스,210,110,320,중간,0.6,8
키즈스마트워치폰,40,280,320,높음,0.9,3
24MP58VQ,140,180,320,중간,0.6,6
무선블루투스키보드,100,220,320,높음,0.9,8
갤럭시탭가성비,70,250,320,높음,0.9,9
공동명의주택담보대출,120,200,320,높음,0.9,10
나의보험찾기,120,200,320,높음,0.9,10
미국의료보험,40,280,320,높음,0.9,3
오피스텔보증보험,100,220,320,높음,0.9,3
성동구자동차검사소,50,270,320,중간,0.6,5
향남자동차검사소,50,270,320,중간,0.6,4
스테인레스밥솥,40,280,320,높음,0.9,9
1인압력솥,40,280,320,높음,0.9,8
30대여자선물추천,70,250,320,높음,0.9,10
정년퇴직선물추천,80,240,320,높음,0.9,10
화레이에어컨,120,200,320,높음,0.9,7
비데구매,90,230,320,중간,0.6,8
비데관리,40,280,320,높음,0.9,9
에스프레소기계,50,270,320,중간,0.6,8
세코커피머신,100,220,320,높음,0.9,8
에어프라이어그릴,50,270,320,높음,0.9,8
가정용비데,70,250,320,높음,0.9,10
글로리제빙기,80,240,320,높음,0.9,10
복합오븐레인지,70,250,320,중간,0.6,8
안전방충망가격,50,270,320,높음,0.9,10
조명시공,80,240,320,높음,0.9,10
블라인드창문,20,300,320,높음,0.9,8
베란다방충망가격,20,300,320,높음,0.9,7
동해방충망,20,300,320,높음,0.9,3
전등안정기교체,40,280,320,높음,0.9,10
GP-700D,110,210,320,높음,0.9,7
열쇠따는법,20,300,320,높음,0.9,10
슬라이드방충망,70,250,320,높음,0.9,8
DP960,100,220,320,높음,0.9,10
후방카메라블랙박스,50,270,320,높음,0.9,8
공임나라블랙박스,70,250,320,높음,0.9,3
김포블랙박스,40,280,320,높음,0.9,10
개인파산조건,60,250,310,높음,0.9,10
개인파산신청자격요건,70,240,310,높음,0.9,10
도박개인회생,50,260,310,높음,0.9,10
대구개인파산,110,200,310,높음,0.9,10
부채탕감,80,230,310,높음,0.9,10
대출조회신용점수,40,270,310,높음,0.9,3
임야대출,190,120,310,높음,0.9,10
무직소액대출,20,290,310,높음,0.9,10
근로자채무통합,30,280,310,높음,0.9,10
실비조회,60,250,310,높음,0.9,9
암진단금보험,40,270,310,높음,0.9,10
4대보험미가입대출,30,280,310,높음,0.9,10
운전자보험변호사,120,190,310,높음,0.9,7
치아크라운비용,40,270,310,높음,0.9,7
실비보험치과치료,20,290,310,높음,0.9,3
증여상속,150,160,310,높음,0.9,10
양도세세무사,80,230,310,높음,0.9,10
주식증여세신고,130,180,310,높음,0.9,3
종신보험상속세,60,250,310,높음,0.9,10
상속세세금,40,270,310,높음,0.9,3
토요일알바,90,220,310,중간,0.6,8
행정사업무,130,180,310,높음,0.9,9
급여프로그램,200,110,310,높음,0.9,10
감리교육,200,110,310,높음,0.9,7
에어컨설치자격증,70,240,310,높음,0.9,7
HRD자격증,130,180,310,높음,0.9,9
자동차자격증,60,250,310,높음,0.9,10
웹툰과,40,270,310,높음,0.9,10
자동차기능사,70,240,310,높음,0.9,10
산업안전기사학원,100,210,310,높음,0.9,10
중고가스레인지,50,260,310,높음,0.9,10
중고쇼파매입,30,280,310,높음,0.9,10
중고업소용에어컨,60,250,310,높음,0.9,7
중고카페가구,50,260,310,높음,0.9,7
테라스있는아파트,40,270,310,높음,0.9,7
전기탑차,60,250,310,높음,0.9,7
6월공모주,120,190,310,높음,0.9,7
미국펀드,40,270,310,중간,0.6,6
부동산투자회사,90,220,310,높음,0.9,9
퇴직연금상품추천,100,210,310,높음,0.9,7
차이나전기차ETF,10,300,310,높음,0.9,3
매출채권담보대출,130,180,310,높음,0.9,9
주식차트프로그램,210,100,310,높음,0.9,10
한전수전합리화,210,100,310,높음,0.9,10
전기절감기,70,240,310,높음,0.9,8
법인영업,110,200,310,높음,0.9,10
전기살충기,70,240,310,높음,0.9,7
살충기,110,200,310,높음,0.9,8
파리포충기,90,220,310,높음,0.9,8
조인트필러,210,100,310,높음,0.9,10
초파리파리채,50,260,310,높음,0.9,3
집안날파리,30,280,310,중간,0.6,6
딜라이브요금제,50,260,310,높음,0.9,10
알뜰폰프로모션,80,230,310,높음,0.9,10
알뜰폰평생할인,70,240,310,높음,0.9,7
휴대폰창업,190,120,310,높음,0.9,10
아이폰투넘버,60,250,310,높음,0.9,3
KT알뜰폰통신사,110,200,310,높음,0.9,10
알뜰폰자급제,70,240,310,높음,0.9,10
휴대폰신규가입,50,260,310,높음,0.9,7
대형세탁기,80,230,310,높음,0.9,10
대학생노트북할인,70,240,310,높음,0.9,10
공기청정기받침대,50,260,310,중간,0.6,8
트윈세탁기,30,280,310,높음,0.9,8
가구곰팡이제거,30,280,310,중간,0.6,7
노트북LG,90,220,310,중간,0.6,8
LG드럼세탁기19KG,50,260,310,높음,0.9,9
LA갈비선물세트,130,180,310,높음,0.9,10
자충매트싱글,50,260,310,중간,0.6,7
캠핑고래경기광주,40,270,310,낮음,0.3,1
식세기프리스탠딩,40,270,310,높음,0.9,7
식세기렌탈,20,290,310,높음,0.9,10
홍삼브랜드,120,190,310,높음,0.9,10
중학생책상의자,40,270,310,높음,0.9,8
개인연금보험추천,80,230,310,높음,0.9,10
부가세신고세무사,90,220,310,높음,0.9,7
가족법인설립,180,130,310,높음,0.9,10
고지의무위반,120,190,310,높음,0.9,10
신호위반교통사고,70,240,310,높음,0.9,7
주차장접촉사고,60,250,310,높음,0.9,7
도로교통법위반,110,200,310,높음,0.9,10
음주사고합의금,30,280,310,높음,0.9,10
혈구탐식성림프조직구증,80,230,310,낮음,0.3,0
음주측정거부죄,100,210,310,높음,0.9,10
음주사고벌금,50,260,310,높음,0.9,10
허리디스크수술잘하는병원,60,250,310,높음,0.9,10
치아치료,60,250,310,높음,0.9,10
대전관저동치과,40,270,310,높음,0.9,9
건강검진센터추천,80,230,310,높음,0.9,10
마포건강검진,150,160,310,높음,0.9,10
이사성수기,100,210,310,중간,0.6,8
누액감지기,240,70,310,높음,0.9,10
집누수,40,270,310,높음,0.9,10
경동가스보일러가격,50,260,310,중간,0.6,8
원주보일러,120,190,310,높음,0.9,10
전기보일러가격,100,210,310,높음,0.9,10
전기차충전기7KW,110,200,310,중간,0.6,7
고급선풍기,40,270,310,높음,0.9,7
수냉식쿨러,120,190,310,높음,0.9,10
아식스조깅화,60,250,310,높음,0.9,8
카본플레이트,90,220,310,높음,0.9,8
편안한운동화,60,250,310,높음,0.9,10
통풍운동화,50,260,310,높음,0.9,8
자전거헤드셋,80,230,310,높음,0.9,3
세발전동자전거,20,290,310,중간,0.6,8
자전거모터,40,270,310,높음,0.9,8
다이얼트레킹화,70,240,310,높음,0.9,8
골프채풀세트,80,230,310,높음,0.9,8
고급유모차,40,270,310,높음,0.9,10
GT자전거,50,260,310,중간,0.6,7
다이와TB5000,50,260,310,높음,0.9,3
메가배스로드,30,280,310,높음,0.9,3
멕시코시바구니카시트,30,280,310,중간,0.6,4
인터넷라우터,120,190,310,높음,0.9,8
파크우드기타,60,250,310,높음,0.9,10
가전제품종류,70,240,310,높음,0.9,10
아이폰공짜폰,60,250,310,높음,0.9,9
저가태블릿,70,240,310,높음,0.9,8
유선마우스추천,160,150,310,높음,0.9,9
3키키보드,110,200,310,중간,0.6,7
다가구주택대출,80,230,310,높음,0.9,10
시효취득,120,190,310,높음,0.9,10
정부환급금,40,270,310,중간,0.6,2
경정신고,110,200,310,중간,0.6,5
보험통합조회,90,220,310,높음,0.9,10
아랫집누수보험,40,270,310,높음,0.9,10
가성비음식물처리기,90,220,310,높음,0.9,8
소형전기밥솥,40,270,310,높음,0.9,7
스마트카라400PRO2,70,240,310,높음,0.9,3
CRP-NHTR0610FW,90,220,310,높음,0.9,7
화레이,150,160,310,높음,0.9,8
2IN1에어컨렌탈,50,260,310,높음,0.9,7
커피머신기렌탈,100,210,310,높음,0.9,10
정수기업체,100,210,310,높음,0.9,10
전자동에스프레소머신,70,240,310,중간,0.6,8
커피머신기추천,80,230,310,높음,0.9,10
올스텐에어프라이어추천,40,270,310,중간,0.6,8
에어프라이기세척,20,290,310,높음,0.9,3
글라스에어프라이어추천,40,270,310,높음,0.9,7
스팀에프,30,280,310,중간,0.6,6
SAECO커피머신,50,260,310,높음,0.9,8
동구전자베누스타,80,230,310,높음,0.9,8
방범방충망가격,50,260,310,높음,0.9,10
강화유리문수리,80,230,310,높음,0.9,10
아파트전등교체,50,260,310,높음,0.9,9
센서등설치,40,270,310,높음,0.9,8
블라인드주문제작,80,230,310,높음,0.9,10
방충망DIY,70,240,310,높음,0.9,9
롤방충망가격,40,270,310,높음,0.9,8
방충망샤시,70,240,310,높음,0.9,10
스텐레스방충망,30,280,310,높음,0.9,7
현관키,50,260,310,높음,0.9,10
방충망주문제작,70,240,310,높음,0.9,8
나무문도어락,110,200,310,높음,0.9,8
도어락출장비,30,280,310,높음,0.9,7
현관도어락가격,20,290,310,높음,0.9,10
현관접이식방충문,40,270,310,높음,0.9,7
아파트방범방충망,50,260,310,높음,0.9,10
디지털도어락비밀번호,20,290,310,중간,0.6,6
블랙박스브랜드,120,190,310,높음,0.9,3
아이나비A300,80,230,310,중간,0.6,7
중랑구블랙박스,60,250,310,높음,0.9,9
아이나비블랙박스서비스센터,50,260,310,높음,0.9,10
전기충전,50,260,310,높음,0.9,3
신형선풍기,5,300,305,높음,0.9,3
CUCHEN밥솥,5,300,305,높음,0.9,8
금융회사,90,210,300,높음,0.9,9
주택담보대출후순위,60,240,300,높음,0.9,10
10등급저신용자대출,30,270,300,높음,0.9,10
개인회생청산가치,80,220,300,높음,0.9,7
임야담보대출,100,200,300,높음,0.9,10
한화생명실비보험,60,240,300,중간,0.6,3
실손보험비급여,50,250,300,높음,0.9,10
중입자보험,60,240,300,높음,0.9,7
자동차담보대환대출,30,270,300,높음,0.9,10
임플란트치아보험,70,230,300,높음,0.9,10
운전자보험금액,70,230,300,높음,0.9,10
상속세신고수수료,130,170,300,높음,0.9,10
법인양도양수,130,170,300,높음,0.9,10
주택증여,50,250,300,높음,0.9,10
현금상속세면제한도,30,270,300,중간,0.6,6
감정평가비용,120,180,300,높음,0.9,10
퇴직연금연말정산,80,220,300,높음,0.9,10
개인연금연말정산,90,210,300,높음,0.9,10
IRP추천,90,210,300,높음,0.9,10
상속증여세,90,210,300,높음,0.9,10
상속세세무조사,100,200,300,높음,0.9,10
양도세전문세무사,80,220,300,높음,0.9,10
양도세세무사비용,50,250,300,높음,0.9,7
세무조사신고,70,230,300,높음,0.9,7
세무사수수료,70,230,300,높음,0.9,10
아르바이트사이트,170,130,300,높음,0.9,10
4인가족보험료,60,240,300,높음,0.9,7
국가근로장려금,40,260,300,높음,0.9,3
설문조사알바,60,240,300,높음,0.9,10
집부업,50,250,300,높음,0.9,10
기후변화대응,100,200,300,높음,0.9,7
부당해고노무사,110,190,300,높음,0.9,10
마케팅강의,170,130,300,높음,0.9,10
K디지털기초역량훈련,120,180,300,높음,0.9,7
만화작가,70,230,300,높음,0.9,9
3D모델링학원,90,210,300,높음,0.9,10
캐릭터디자이너,90,210,300,높음,0.9,10
그림배우기,50,250,300,높음,0.9,10
코딩사이트,160,140,300,높음,0.9,7
법률사무소취업,50,250,300,중간,0.6,8
여성기업대출,160,140,300,높음,0.9,10
대전소상공인,120,180,300,높음,0.9,10
창업대출조건,50,250,300,높음,0.9,10
WILO,130,170,300,높음,0.9,10
업소용중고의자,30,270,300,높음,0.9,10
전세계약금반환,50,250,300,높음,0.9,10
부동산처분금지가처분,130,170,300,높음,0.9,10
부동산이중계약,60,240,300,높음,0.9,7
인도명령,130,170,300,높음,0.9,10
BMWMINI전기차,50,250,300,높음,0.9,7
아파트임대,50,250,300,높음,0.9,10
상가임대차보호법환산보증금,170,130,300,높음,0.9,10
평촌아파트시세,50,250,300,높음,0.9,10
노후자금준비,80,220,300,높음,0.9,3
삼성KODEX,80,220,300,중간,0.6,1
부동산법인,100,200,300,높음,0.9,10
흡음판넬,170,130,300,높음,0.9,10
교육환경영향평가,230,70,300,낮음,0.3,0
G-SEED,260,40,300,중간,0.6,6
전기난방,90,210,300,높음,0.9,8
자동차종합검사대행,110,190,300,높음,0.9,10
아파트모기,30,270,300,높음,0.9,3
캠핑모기퇴치,60,240,300,높음,0.9,8
자동차검사대행업체,60,240,300,높음,0.9,10
신도시카독크,60,240,300,중간,0.6,2
파리잡기,60,240,300,높음,0.9,7
가정용포충등,50,250,300,높음,0.9,7
KT알뜰유심,70,230,300,높음,0.9,10
우체국알뜰요금제,90,210,300,높음,0.9,10
귀이어폰,50,250,300,높음,0.9,8
이어폰오픈형,50,250,300,높음,0.9,7
무선이어폰오픈형,40,260,300,높음,0.9,8
게임이어폰,90,210,300,높음,0.9,8
산업용공기청정기,140,160,300,높음,0.9,8
최신노트북,110,190,300,중간,0.6,8
소음적은제습기,50,250,300,높음,0.9,3
습기제거제추천,50,250,300,높음,0.9,8
결로페인트,80,220,300,높음,0.9,8
국산제습기,40,260,300,높음,0.9,7
이동식제습기,90,210,300,높음,0.9,7
DQ202PGUA,40,260,300,높음,0.9,3
7KG세탁기,70,230,300,높음,0.9,8
드럼세탁기건조기능,40,260,300,높음,0.9,10
투싼차박매트,50,250,300,중간,0.6,8
감성캠핑용품,90,210,300,높음,0.9,8
세이프라이프,140,160,300,중간,0.6,5
씽크대식기세척기,30,270,300,높음,0.9,7
어린이집추석선물,90,210,300,높음,0.9,7
일본캠핑브랜드,50,250,300,높음,0.9,7
등받이바퀴의자,40,260,300,중간,0.6,8
허리안아픈의자,100,200,300,중간,0.6,8
사출의자,90,210,300,높음,0.9,8
어린이용소파,290,10,300,높음,0.9,3
회계업무,120,180,300,중간,0.6,8
법무사수임료,70,230,300,높음,0.9,10
DB손해보험간병보험,80,220,300,높음,0.9,10
교통사고개인합의,30,270,300,높음,0.9,10
목디스크수술비용,50,250,300,높음,0.9,10
자동차사고병원,40,260,300,높음,0.9,10
아기비염치료,100,200,300,높음,0.9,7
전악임플란트,110,190,300,높음,0.9,10
교통사고치료,60,240,300,높음,0.9,10
의식하진정요법,80,220,300,높음,0.9,10
강서구건강검진,100,200,300,높음,0.9,10
이사비교,120,180,300,높음,0.9,10
라식라섹가격,100,200,300,높음,0.9,10
고혈압치료,70,230,300,높음,0.9,10
독감접종시기,90,210,300,높음,0.9,3
A형간염예방접종가격,70,230,300,높음,0.9,3
12월손없는날,100,200,300,높음,0.9,10
30평이사비용,80,220,300,높음,0.9,10
아랫집화장실누수,30,270,300,높음,0.9,10
수원이사청소,50,250,300,높음,0.9,10
부천보일러,90,210,300,높음,0.9,10
나주입주청소,110,190,300,높음,0.9,10
린나이건조기,30,270,300,높음,0.9,3
전기온수기30L,130,170,300,중간,0.6,8
보일러보조금,20,280,300,높음,0.9,10
누비지오여름이불,50,250,300,높음,0.9,8
HEYDEALER,150,150,300,중간,0.6,1
100수이불,60,240,300,높음,0.9,9
자동차팔때서류,20,280,300,높음,0.9,10
자동차매매단지,40,260,300,높음,0.9,10
탁상서큘레이터,60,240,300,높음,0.9,7
사무실용선풍기,130,170,300,높음,0.9,8
거실전기장판,40,260,300,높음,0.9,8
마라톤신발,40,260,300,높음,0.9,10
통기성좋은운동화,60,240,300,높음,0.9,7
여성트레킹화추천,50,250,300,높음,0.9,8
스탠드하프백,40,260,300,중간,0.6,8
다이얼신발,70,230,300,중간,0.6,8
낚시대가이드수리,70,230,300,중간,0.6,6
순산양분유,10,290,300,높음,0.9,8
어린이안전벨트클립,30,270,300,중간,0.6,7
인터넷셋톱박스,50,250,300,높음,0.9,10
제주도컴퓨터수리,30,270,300,높음,0.9,10
LG디지털프라자,50,250,300,중간,0.6,6
모니터TV,100,200,300,높음,0.9,8
LH65QBCEBGCXKR,250,50,300,높음,0.9,8
벤큐게이밍모니터,110,190,300,높음,0.9,8
갤럭시S7+,50,250,300,높음,0.9,7
서브모니터추천,130,170,300,높음,0.9,7
27인치중고모니터,150,150,300,높음,0.9,10
3자담보대출,120,180,300,높음,0.9,10
빌라담보대출한도,50,250,300,높음,0.9,10
통신비환급금,60,240,300,낮음,0.3,2
주택화재보험누수,70,230,300,높음,0.9,10
실손4세대,50,250,300,높음,0.9,10
학원보험,80,220,300,높음,0.9,10
신한생명라이프,110,190,300,높음,0.9,7
유니버셜종신보험,80,220,300,높음,0.9,10
계약보증보험증권,260,40,300,중간,0.6,6
2종운전면허비용,20,280,300,높음,0.9,7
유선스틱청소기,40,260,300,높음,0.9,8
전동청소기,60,240,300,높음,0.9,8
분쇄형음식물처리기,130,170,300,중간,0.6,8
음식물미생물,50,250,300,높음,0.9,8
1인음식물처리기,60,240,300,높음,0.9,7
전기보온밥통,40,260,300,높음,0.9,9
인씽크,30,270,300,중간,0.6,7
3인용전기밥솥,30,270,300,높음,0.9,8
자취밥솥,70,230,300,높음,0.9,8
2IN1에어컨추천,80,220,300,높음,0.9,8
15평형에어컨,70,230,300,높음,0.9,8
에어컨20평,60,240,300,높음,0.9,7
오븐에어프라이기,40,260,300,높음,0.9,8
국산에어프라이어,40,260,300,높음,0.9,7
에어프라이어용량,50,250,300,높음,0.9,8
카페커피머신기,40,260,300,높음,0.9,10
에어프라이계란,20,280,300,높음,0.9,3
변기비데,40,260,300,높음,0.9,10
커피구독,90,210,300,높음,0.9,10
이탈리아커피머신,40,260,300,높음,0.9,10
개인카페창업,90,210,300,높음,0.9,10
캡스홈캠,50,250,300,높음,0.9,7
방충망프레임,90,210,300,높음,0.9,8
현관문번호키,70,230,300,중간,0.6,8
방충망틈새,50,250,300,높음,0.9,8
창틀방충망,60,240,300,높음,0.9,8
삼성도어록,50,250,300,높음,0.9,10
샤시문도어락,60,240,300,높음,0.9,8
롤방충망잠금장치,60,240,300,높음,0.9,7
모기장문,50,250,300,높음,0.9,8
대형방충망,80,220,300,높음,0.9,10
아이나비S1000,70,230,300,높음,0.9,8
PONTUS블랙박스,80,220,300,높음,0.9,7
목포스팀세차,50,250,300,중간,0.6,7
